SNO,Date,Time,HeaterProfile,BME_Temp,BME_Hum,BME_GasResistance
1,14-08-2025,13:58:11:804105,596,25.84,44.86,9864
2,14-08-2025,13:58:13:156926,596,25.8,44.33,20806
3,14-08-2025,13:58:14:589926,596,25.76,43.8,31387
4,14-08-2025,13:58:16:023926,596,25.7,43.34,40622
5,14-08-2025,13:58:17:463926,596,25.65,42.93,49373
6,14-08-2025,13:58:18:890926,596,25.59,42.61,56725
7,14-08-2025,13:58:20:323926,596,25.51,42.34,62362
8,14-08-2025,13:58:21:757926,596,25.44,42.35,66753
9,14-08-2025,13:58:23:192926,596,25.36,42.69,70737
10,14-08-2025,13:58:24:626926,596,25.28,43.18,75493
11,14-08-2025,13:58:26:058926,596,25.2,43.4,79281
12,14-08-2025,13:58:27:491926,596,25.13,43.5,82341
13,14-08-2025,13:58:28:926926,596,25.06,43.55,85134
14,14-08-2025,13:58:30:359926,596,24.98,43.78,87223
15,14-08-2025,13:58:31:792926,596,24.89,44.16,89229
16,14-08-2025,13:58:33:021926,596,24.82,44.47,94273
17,14-08-2025,13:58:34:455926,596,24.75,44.82,95700
18,14-08-2025,13:58:35:888926,596,24.68,45.06,98065
19,14-08-2025,13:58:37:322926,596,24.61,45.2,99785
20,14-08-2025,13:58:38:757926,596,24.54,45.23,101446
21,14-08-2025,13:58:40:189926,596,24.48,45.2,103476
22,14-08-2025,13:58:41:623926,596,24.43,45.14,104489
23,14-08-2025,13:58:43:056926,596,24.38,45.11,106113
24,14-08-2025,13:58:44:285955,596,24.34,45.09,108959
25,14-08-2025,13:58:45:719926,596,24.29,45.1,109518
26,14-08-2025,13:58:47:152926,596,24.24,45.14,110511
27,14-08-2025,13:58:48:586926,596,24.19,45.16,111231
28,14-08-2025,13:58:50:019926,596,24.15,45.2,112182
29,14-08-2025,13:58:51:248926,596,24.12,45.33,113828
30,14-08-2025,13:58:52:479926,596,24.09,45.51,116390
31,14-08-2025,13:58:53:911926,596,24.06,45.65,116310
32,14-08-2025,13:58:55:346926,596,24.02,45.71,116469
33,14-08-2025,13:58:56:573926,596,24,45.77,117836
34,14-08-2025,13:58:58:007926,596,23.96,45.9,117999
35,14-08-2025,13:58:59:440926,596,23.93,46.05,118326
36,14-08-2025,13:59:00:875926,596,23.9,46.26,118162
37,14-08-2025,13:59:02:307926,596,23.87,46.45,118986
38,14-08-2025,13:59:03:742926,596,23.84,46.62,118738
39,14-08-2025,13:59:05:177926,596,23.8,46.8,119654
40,14-08-2025,13:59:06:608926,596,23.76,47.1,119152
41,14-08-2025,13:59:08:042926,596,23.73,47.44,119486
42,14-08-2025,13:59:09:476926,596,23.7,47.77,120075
43,14-08-2025,13:59:10:909926,596,23.67,48.14,120584
44,14-08-2025,13:59:12:342926,596,23.63,48.44,120669
45,14-08-2025,13:59:13:776926,596,23.58,48.84,120159
46,14-08-2025,13:59:15:211926,596,23.54,49.36,119822
47,14-08-2025,13:59:16:644926,596,23.49,49.78,121528
48,14-08-2025,13:59:18:077926,596,23.45,50.06,122576
49,14-08-2025,13:59:19:513926,596,23.41,50.22,121701
50,14-08-2025,13:59:20:944926,596,23.36,50.48,122840
51,14-08-2025,13:59:22:378926,596,23.31,50.9,122400
52,14-08-2025,13:59:23:811926,596,23.27,51.3,122224
53,14-08-2025,13:59:25:246926,596,23.23,51.65,123195
54,14-08-2025,13:59:26:679926,596,23.19,51.91,123552
55,14-08-2025,13:59:28:112926,596,23.16,52.08,124000
56,14-08-2025,13:59:29:546926,596,23.13,52.17,125091
57,14-08-2025,13:59:30:774926,596,23.12,52.1,128772
58,14-08-2025,13:59:32:208926,596,23.09,51.91,128869
59,14-08-2025,13:59:33:645926,596,23.06,51.8,127331
60,14-08-2025,13:59:35:075926,596,23.03,51.84,127331
61,14-08-2025,13:59:36:509926,596,23.01,51.93,127808
62,14-08-2025,13:59:37:738926,596,23,51.99,130545
63,14-08-2025,13:59:39:171926,596,22.98,52.07,128869
64,14-08-2025,13:59:40:605926,596,22.96,52.15,129456
65,14-08-2025,13:59:42:039926,596,22.94,52.17,129358
66,14-08-2025,13:59:43:267926,596,22.93,52.23,131856
67,14-08-2025,13:59:44:703926,596,22.91,52.29,130445
68,14-08-2025,13:59:46:137926,596,22.89,52.34,130645
69,14-08-2025,13:59:47:568926,596,22.87,52.4,131450
70,14-08-2025,13:59:49:003996,596,22.85,52.37,130445
71,14-08-2025,13:59:50:435926,596,22.83,52.4,131046
72,14-08-2025,13:59:51:869926,596,22.8,52.49,130946
73,14-08-2025,13:59:53:302926,596,22.78,52.62,131046
74,14-08-2025,13:59:54:737926,596,22.75,52.9,130048
75,14-08-2025,13:59:56:172926,596,22.73,53.34,129850
76,14-08-2025,13:59:57:604926,596,22.69,53.78,131046
77,14-08-2025,13:59:59:038926,596,22.66,54.17,130645
78,14-08-2025,14:00:00:267926,596,22.65,54.41,133194
79,14-08-2025,14:00:01:494926,596,22.63,54.6,135521
80,14-08-2025,14:00:02:930926,596,22.61,54.75,133507
81,14-08-2025,14:00:04:157926,596,22.6,54.85,135737
82,14-08-2025,14:00:05:590926,596,22.58,54.87,134347
83,14-08-2025,14:00:07:024926,596,22.56,54.9,133507
84,14-08-2025,14:00:08:457926,596,22.54,54.93,133507
85,14-08-2025,14:00:09:687926,596,22.53,54.92,136170
86,14-08-2025,14:00:11:327926,596,22.5,54.85,132573
87,14-08-2025,14:00:12:553926,596,22.5,54.88,135629
88,14-08-2025,14:00:13:989926,596,22.48,54.89,135092
89,14-08-2025,14:00:15:421926,596,22.47,54.8,134985
90,14-08-2025,14:00:16:854926,596,22.46,54.81,134347
91,14-08-2025,14:00:18:291926,596,22.44,54.79,134136
92,14-08-2025,14:00:19:722926,596,22.43,54.76,134242
93,14-08-2025,14:00:21:155926,596,22.42,54.76,135629
94,14-08-2025,14:00:22:589926,596,22.41,54.79,134665
95,14-08-2025,14:00:24:023926,596,22.39,54.75,134985
96,14-08-2025,14:00:25:457926,596,22.38,54.77,135629
97,14-08-2025,14:00:28:531926,596,22.33,55.08,119152
98,14-08-2025,14:00:32:214926,596,22.27,55.28,105916
99,14-08-2025,14:00:35:082926,596,22.22,55.75,105458
100,14-08-2025,14:00:36:516926,596,22.2,55.95,116231
101,14-08-2025,14:00:39:382926,596,22.15,56.14,110083
102,14-08-2025,14:00:40:611926,596,22.14,56.43,120159
103,14-08-2025,14:00:42:047926,596,22.12,56.77,124181
104,14-08-2025,14:00:45:117926,596,22.05,57.66,112256
105,14-08-2025,14:00:46:345926,596,22.03,57.96,121528
106,14-08-2025,14:00:47:779926,596,22,58.19,125922
107,14-08-2025,14:00:54:540926,596,21.9,59.01,91624
108,14-08-2025,14:00:55:971926,596,21.86,59.03,106777
109,14-08-2025,14:00:57:406926,596,21.84,58.97,116628
110,14-08-2025,14:00:58:839926,596,21.82,58.92,121875
111,14-08-2025,14:01:00:272926,596,21.81,58.92,124634
112,14-08-2025,14:01:01:706926,596,21.8,58.97,127712
113,14-08-2025,14:01:03:140926,596,21.79,58.94,129554
114,14-08-2025,14:01:04:573926,596,21.79,58.91,131046
115,14-08-2025,14:01:06:006926,596,21.78,58.9,132265
116,14-08-2025,14:01:09:081926,596,21.73,59.25,116231
117,14-08-2025,14:01:10:524926,596,21.72,59.43,123462
118,14-08-2025,14:01:13:174930,596,21.67,59.55,116469
119,14-08-2025,14:01:14:608926,596,21.66,59.64,123373
120,14-08-2025,14:01:16:041926,596,21.66,59.61,128000
121,14-08-2025,14:01:17:270926,596,21.67,59.59,132987
122,14-08-2025,14:01:18:500926,596,21.68,59.57,135953
123,14-08-2025,14:01:19:734926,596,21.68,59.55,138490
124,14-08-2025,14:01:20:976926,596,21.68,59.57,140197
125,14-08-2025,14:01:22:424926,596,21.67,59.54,139054
126,14-08-2025,14:01:23:830926,596,21.65,59.57,138490
127,14-08-2025,14:01:25:260926,596,21.63,59.71,136935
128,14-08-2025,14:01:26:486926,596,21.62,59.91,140775
129,14-08-2025,14:01:27:715926,596,21.61,60.06,141007
130,14-08-2025,14:01:28:944926,596,21.6,60.22,144347
131,14-08-2025,14:01:30:378926,596,21.57,60.34,142301
132,14-08-2025,14:01:31:606926,596,21.56,60.46,142897
133,14-08-2025,14:01:32:835926,596,21.55,60.48,145578
134,14-08-2025,14:01:34:271926,596,21.53,60.51,143618
135,14-08-2025,14:01:36:114926,596,21.49,60.54,137375
136,14-08-2025,14:01:37:341926,596,21.49,60.6,141475
137,14-08-2025,14:01:38:569926,596,21.49,60.62,143136
138,14-08-2025,14:01:40:004926,596,21.48,60.57,142538
139,14-08-2025,14:01:41:232926,596,21.48,60.54,144469
140,14-08-2025,14:01:42:461926,596,21.48,60.51,146831
141,14-08-2025,14:01:43:897926,596,21.47,60.52,144591
142,14-08-2025,14:01:45:123926,596,21.47,60.59,146327
143,14-08-2025,14:01:46:557926,596,21.46,60.67,144225
144,14-08-2025,14:01:47:785926,596,21.46,60.73,145578
145,14-08-2025,14:01:49:016926,596,21.46,60.78,145083
146,14-08-2025,14:01:50:243926,596,21.46,60.79,147976
147,14-08-2025,14:01:51:677926,596,21.45,60.72,145702
148,14-08-2025,14:01:52:905926,596,21.45,60.69,145330
149,14-08-2025,14:01:54:339926,596,21.44,60.64,145702
150,14-08-2025,14:01:55:568926,596,21.45,60.56,147338
151,14-08-2025,14:01:57:001926,596,21.43,60.42,145578
152,14-08-2025,14:01:58:230926,596,21.42,60.32,146202
153,14-08-2025,14:01:59:459926,596,21.42,60.22,149532
154,14-08-2025,14:02:00:903926,596,21.38,60.11,146831
155,14-08-2025,14:02:02:125926,596,21.36,60.02,146957
156,14-08-2025,14:02:03:353926,596,21.33,59.92,148880
157,14-08-2025,14:02:04:581926,596,21.31,59.84,150190
158,14-08-2025,14:02:05:810926,596,21.27,59.77,151389
159,14-08-2025,14:02:07:243926,596,21.22,59.65,148621
160,14-08-2025,14:02:08:678926,596,21.16,59.59,148491
161,14-08-2025,14:02:10:111926,596,21.1,59.6,147211
162,14-08-2025,14:02:11:545926,596,21.05,59.64,146704
163,14-08-2025,14:02:12:978926,596,21,59.69,147848
164,14-08-2025,14:02:14:414926,596,20.96,59.75,147848
165,14-08-2025,14:02:15:641926,596,20.94,59.78,148621
166,14-08-2025,14:02:17:074926,596,20.92,59.76,148491
167,14-08-2025,14:02:18:304005,596,20.91,59.75,149926
168,14-08-2025,14:02:19:532926,596,20.9,59.73,151658
169,14-08-2025,14:02:20:966926,596,20.88,59.67,149926
170,14-08-2025,14:02:22:399926,596,20.86,59.66,148621
171,14-08-2025,14:02:23:628926,596,20.86,59.69,150987
172,14-08-2025,14:02:24:857926,596,20.86,59.72,152608
173,14-08-2025,14:02:26:088926,596,20.86,59.72,153431
174,14-08-2025,14:02:27:519926,596,20.85,59.71,150854
175,14-08-2025,14:02:28:748926,596,20.85,59.71,152199
176,14-08-2025,14:02:29:986926,596,20.85,59.67,153155
177,14-08-2025,14:02:31:410926,596,20.84,59.64,150721
178,14-08-2025,14:02:33:050926,596,20.82,59.68,147720
179,14-08-2025,14:02:34:483926,596,20.81,59.71,147848
180,14-08-2025,14:02:35:916926,596,20.8,59.65,148362
181,14-08-2025,14:02:37:145926,596,20.81,59.64,151255
182,14-08-2025,14:02:38:581926,596,20.8,59.57,149532
183,14-08-2025,14:02:39:809926,596,20.81,59.54,151793
184,14-08-2025,14:02:41:241926,596,20.79,59.46,150987
185,14-08-2025,14:02:42:675926,596,20.77,59.34,150455
186,14-08-2025,14:02:44:108926,596,20.74,59.19,150588
187,14-08-2025,14:02:45:337926,596,20.73,59.07,152881
188,14-08-2025,14:02:46:566926,596,20.71,58.95,155670
189,14-08-2025,14:02:47:999926,596,20.66,58.75,154963
190,14-08-2025,14:02:49:433926,596,20.61,58.55,154402
191,14-08-2025,14:02:50:866926,596,20.55,58.4,154263
192,14-08-2025,14:02:52:097926,596,20.51,58.35,156383
193,14-08-2025,14:02:53:529926,596,20.47,58.29,154542
194,14-08-2025,14:02:54:965926,596,20.43,58.31,154263
195,14-08-2025,14:02:56:396926,596,20.39,58.33,154263
196,14-08-2025,14:02:57:831926,596,20.36,58.35,154402
197,14-08-2025,14:02:59:264926,596,20.34,58.37,153431
198,14-08-2025,14:03:00:492926,596,20.33,58.38,155812
199,14-08-2025,14:03:01:931926,596,20.32,58.36,154542
200,14-08-2025,14:03:03:359926,596,20.31,58.36,154823
201,14-08-2025,14:03:04:588926,596,20.32,58.37,156097
202,14-08-2025,14:03:06:024926,596,20.31,58.34,155670
203,14-08-2025,14:03:07:241926,596,20.32,58.33,157538
204,14-08-2025,14:03:08:684926,596,20.31,58.31,156383
205,14-08-2025,14:03:09:913926,596,20.32,58.29,158122
206,14-08-2025,14:03:11:346926,596,20.31,58.24,156240
207,14-08-2025,14:03:12:575926,596,20.31,58.19,158563
208,14-08-2025,14:03:13:806926,596,20.32,58.14,159303
209,14-08-2025,14:03:15:033926,596,20.32,58.11,160050
210,14-08-2025,14:03:16:262926,596,20.32,58.05,160350
211,14-08-2025,14:03:17:492926,596,20.32,58.05,160652
212,14-08-2025,14:03:18:926926,596,20.3,58.05,158122
213,14-08-2025,14:03:20:154926,596,20.3,58.05,159601
214,14-08-2025,14:03:21:587926,596,20.29,58.04,158563
215,14-08-2025,14:03:23:020926,596,20.28,58.03,156814
216,14-08-2025,14:03:24:253926,596,20.28,58,158858
217,14-08-2025,14:03:25:480926,596,20.28,57.97,159750
218,14-08-2025,14:03:26:911926,596,20.26,57.88,158268
219,14-08-2025,14:03:28:140926,596,20.26,57.77,160350
220,14-08-2025,14:03:29:369926,596,20.24,57.61,161871
221,14-08-2025,14:03:30:599926,596,20.22,57.42,163265
222,14-08-2025,14:03:32:034926,596,20.17,57.21,161259
223,14-08-2025,14:03:33:465926,596,20.11,56.97,160652
224,14-08-2025,14:03:34:693926,596,20.07,56.8,162798
225,14-08-2025,14:03:35:922926,596,20.03,56.66,164683
226,14-08-2025,14:03:37:151926,596,19.99,56.58,165964
227,14-08-2025,14:03:38:585926,596,19.93,56.54,162488
228,14-08-2025,14:03:39:816926,596,19.9,56.55,164683
229,14-08-2025,14:03:41:044926,596,19.87,56.56,166125
230,14-08-2025,14:03:42:478926,596,19.84,56.59,163109
231,14-08-2025,14:03:43:910926,596,19.81,56.61,161871
232,14-08-2025,14:03:45:139051,596,19.79,56.62,164365
233,14-08-2025,14:03:46:367926,596,19.79,56.62,165321
234,14-08-2025,14:03:47:801926,596,19.77,56.59,162179
235,14-08-2025,14:03:49:234926,596,19.76,56.59,161412
236,14-08-2025,14:03:50:668926,596,19.75,56.61,160200
237,14-08-2025,14:03:51:897926,596,19.75,56.62,163109
238,14-08-2025,14:03:53:125926,596,19.76,56.63,164365
239,14-08-2025,14:03:54:559926,596,19.75,56.62,162642
240,14-08-2025,14:03:55:790926,596,19.75,56.62,163735
241,14-08-2025,14:03:57:221926,596,19.75,56.62,162179
242,14-08-2025,14:03:58:451926,596,19.76,56.63,163421
243,14-08-2025,14:03:59:884926,596,19.75,56.59,161565
244,14-08-2025,14:04:01:114926,596,19.75,56.56,165321
245,14-08-2025,14:04:02:342977,596,19.76,56.5,164683
246,14-08-2025,14:04:03:570926,596,19.77,56.46,166449
247,14-08-2025,14:04:04:799926,596,19.78,56.43,165642
248,14-08-2025,14:04:06:029926,596,19.78,56.42,166449
249,14-08-2025,14:04:07:464926,596,19.77,56.4,163421
250,14-08-2025,14:04:08:690926,596,19.75,56.31,166287
251,14-08-2025,14:04:10:124926,596,19.73,56.16,164365
252,14-08-2025,14:04:11:353926,596,19.72,56.02,166938
253,14-08-2025,14:04:16:474930,596,19.58,55.76,128772
254,14-08-2025,14:04:17:702926,596,19.5,55.67,143016
255,14-08-2025,14:04:19:135926,596,19.42,55.51,149926
256,14-08-2025,14:04:20:778926,596,19.34,55.4,151524
257,14-08-2025,14:04:22:207926,596,19.28,55.34,155528
258,14-08-2025,14:04:23:436926,596,19.25,55.32,160350
259,14-08-2025,14:04:24:667926,596,19.23,55.28,163735
260,14-08-2025,14:04:26:099005,596,19.2,55.27,162953
261,14-08-2025,14:04:27:327926,596,19.19,55.29,165321
262,14-08-2025,14:04:28:761926,596,19.17,55.3,164683
263,14-08-2025,14:04:30:194926,596,19.15,55.34,164049
264,14-08-2025,14:04:31:628926,596,19.14,55.39,162953
265,14-08-2025,14:04:33:065926,596,19.13,55.4,163421
266,14-08-2025,14:04:34:290926,596,19.14,55.46,165642
267,14-08-2025,14:04:35:726926,596,19.14,55.48,163735
268,14-08-2025,14:04:36:956926,596,19.15,55.53,166612
269,14-08-2025,14:04:38:181926,596,19.16,55.52,167758
270,14-08-2025,14:04:39:413926,596,19.17,55.52,169256
271,14-08-2025,14:04:40:844926,596,19.17,55.5,166612
272,14-08-2025,14:04:42:073926,596,19.18,55.5,167923
273,14-08-2025,14:04:43:302926,596,19.19,55.51,168587
274,14-08-2025,14:04:44:531926,596,19.19,55.5,170269
275,14-08-2025,14:04:45:965926,596,19.19,55.51,167265
276,14-08-2025,14:04:47:193926,596,19.19,55.51,168587
277,14-08-2025,14:04:48:626926,596,19.19,55.51,167429
278,14-08-2025,14:04:49:857976,596,19.2,55.5,168587
279,14-08-2025,14:04:51:093926,596,19.21,55.48,169256
280,14-08-2025,14:04:52:517926,596,19.2,55.43,168255
281,14-08-2025,14:04:53:951926,596,19.19,55.34,167265
282,14-08-2025,14:04:55:385926,596,19.16,55.16,167923
283,14-08-2025,14:04:56:613926,596,19.14,54.95,170951
284,14-08-2025,14:04:58:048926,596,19.1,54.65,169088
285,14-08-2025,14:04:59:276926,596,19.07,54.47,171812
286,14-08-2025,14:05:00:711926,596,19.03,54.27,170269
287,14-08-2025,14:05:02:145926,596,18.99,54.15,169592
288,14-08-2025,14:05:03:577926,596,18.94,54.12,168921
289,14-08-2025,14:05:04:805926,596,18.92,54.09,171294
290,14-08-2025,14:05:06:239926,596,18.88,54.06,170609
291,14-08-2025,14:05:07:468926,596,18.86,54.05,171985
292,14-08-2025,14:05:08:901926,596,18.83,54.04,169930
293,14-08-2025,14:05:10:335926,596,18.81,54.07,169088
294,14-08-2025,14:05:11:769926,596,18.79,54.1,169761
295,14-08-2025,14:05:13:202926,596,18.78,54.15,168255
296,14-08-2025,14:05:14:636926,596,18.77,54.2,167594
297,14-08-2025,14:05:15:868926,596,18.77,54.23,171123
298,14-08-2025,14:05:17:298926,596,18.76,54.22,170099
299,14-08-2025,14:05:18:527926,596,18.77,54.19,171812
300,14-08-2025,14:05:19:961926,596,18.77,54.17,170269
301,14-08-2025,14:05:21:601926,596,18.76,54.18,167101
302,14-08-2025,14:05:23:033926,596,18.76,54.19,166938
303,14-08-2025,14:05:24:467926,596,18.76,54.2,167101
304,14-08-2025,14:05:25:695926,596,18.78,54.25,170269
305,14-08-2025,14:05:27:129926,596,18.78,54.26,168754
306,14-08-2025,14:05:28:365926,596,18.8,54.27,170951
307,14-08-2025,14:05:29:586926,596,18.81,54.28,171639
308,14-08-2025,14:05:30:815926,596,18.83,54.3,172681
309,14-08-2025,14:05:32:863926,596,18.8,54.29,162488
310,14-08-2025,14:05:34:296926,596,18.8,54.34,163421
311,14-08-2025,14:05:35:730926,596,18.8,54.37,164683
312,14-08-2025,14:05:37:164926,596,18.8,54.42,165321
313,14-08-2025,14:05:38:394926,596,18.81,54.51,167923
314,14-08-2025,14:05:39:826926,596,18.8,54.6,167429
315,14-08-2025,14:05:41:260926,596,18.79,54.66,167101
316,14-08-2025,14:05:42:695926,596,18.78,54.74,166938
317,14-08-2025,14:05:44:127926,596,18.76,54.82,167101
318,14-08-2025,14:05:45:356926,596,18.77,54.89,169592
319,14-08-2025,14:05:46:789926,596,18.75,54.97,167594
320,14-08-2025,14:05:48:223926,596,18.74,55.09,167265
321,14-08-2025,14:05:49:657926,596,18.72,55.3,165964
322,14-08-2025,14:05:51:091926,596,18.71,55.61,165161
323,14-08-2025,14:05:52:528926,596,18.7,56.07,164524
324,14-08-2025,14:05:53:957926,596,18.68,56.55,164365
325,14-08-2025,14:05:55:393926,596,18.67,56.92,164524
326,14-08-2025,14:05:56:825926,596,18.67,57.14,164207
327,14-08-2025,14:05:58:258926,596,18.67,57.24,163892
328,14-08-2025,14:05:59:692926,596,18.67,57.26,164365
329,14-08-2025,14:06:01:127001,596,18.67,57.23,164842
330,14-08-2025,14:06:02:559926,596,18.67,57.18,165321
331,14-08-2025,14:06:03:993926,596,18.68,57.14,164365
332,14-08-2025,14:06:05:430926,596,18.68,57.13,165642
333,14-08-2025,14:06:06:655926,596,18.7,57.1,166938
334,14-08-2025,14:06:08:293926,596,18.7,57.07,163735
335,14-08-2025,14:06:09:729926,596,18.7,57.08,163265
336,14-08-2025,14:06:11:161926,596,18.71,57.07,163421
337,14-08-2025,14:06:12:594926,596,18.72,57.05,163892
338,14-08-2025,14:06:14:028926,596,18.73,57.06,163735
339,14-08-2025,14:06:15:461926,596,18.74,57.05,163109
340,14-08-2025,14:06:17:305926,596,18.74,57.05,157684
341,14-08-2025,14:06:18:739926,596,18.75,57.08,159750
342,14-08-2025,14:06:20:173926,596,18.75,57.07,161718
343,14-08-2025,14:06:21:401926,596,18.76,57.04,165161
344,14-08-2025,14:06:22:836926,596,18.75,56.98,165001
345,14-08-2025,14:06:24:269926,596,18.74,56.9,165001
346,14-08-2025,14:06:25:701926,596,18.72,56.86,164365
347,14-08-2025,14:06:27:545926,596,18.69,56.81,159451
348,14-08-2025,14:06:28:979926,596,18.67,56.8,161259
349,14-08-2025,14:06:30:412926,596,18.65,56.76,162179
350,14-08-2025,14:06:31:847926,596,18.63,56.76,163421
351,14-08-2025,14:06:33:279926,596,18.61,56.77,163735
352,14-08-2025,14:06:34:713926,596,18.6,56.77,164049
353,14-08-2025,14:06:36:147926,596,18.6,56.8,164524
354,14-08-2025,14:06:37:582926,596,18.59,56.83,164683
355,14-08-2025,14:06:39:017926,596,18.59,56.88,165001
356,14-08-2025,14:06:40:243926,596,18.61,56.91,167265
357,14-08-2025,14:06:41:471926,596,18.62,56.95,169424
358,14-08-2025,14:06:42:905926,596,18.62,56.97,166938
359,14-08-2025,14:06:44:134926,596,18.63,57,169256
360,14-08-2025,14:06:45:362926,596,18.65,57.03,169930
361,14-08-2025,14:06:46:797926,596,18.65,57.05,167758
362,14-08-2025,14:06:48:434926,596,18.64,57.11,162642
363,14-08-2025,14:06:49:870926,596,18.64,57.18,163892
364,14-08-2025,14:06:51:301926,596,18.64,57.24,163735
365,14-08-2025,14:06:52:530926,596,18.66,57.32,166775
366,14-08-2025,14:06:53:964926,596,18.67,57.44,165001
367,14-08-2025,14:06:55:399926,596,18.67,57.53,164207
368,14-08-2025,14:06:56:626926,596,18.69,57.6,166125
369,14-08-2025,14:06:58:265926,596,18.69,57.66,161871
370,14-08-2025,14:06:59:493926,596,18.71,57.71,164842
371,14-08-2025,14:07:00:927926,596,18.71,57.76,164365
372,14-08-2025,14:07:02:362926,596,18.72,57.84,163421
373,14-08-2025,14:07:03:794926,596,18.73,57.92,162798
374,14-08-2025,14:07:05:228926,596,18.73,57.95,162642
375,14-08-2025,14:07:06:661926,596,18.72,57.89,163421
376,14-08-2025,14:07:08:504926,596,18.69,57.74,158710
377,14-08-2025,14:07:09:733926,596,18.68,57.67,163421
378,14-08-2025,14:07:10:962926,596,18.68,57.59,167594
379,14-08-2025,14:07:12:191926,596,18.67,57.52,169592
380,14-08-2025,14:07:14:649930,596,18.61,57.48,154124
381,14-08-2025,14:07:16:082926,596,18.58,57.5,158268
382,14-08-2025,14:07:17:313926,596,18.57,57.54,163265
383,14-08-2025,14:07:18:745926,596,18.55,57.53,163109
384,14-08-2025,14:07:20:792926,596,18.5,57.6,155954
385,14-08-2025,14:07:22:226926,596,18.49,57.68,158122
386,14-08-2025,14:07:23:455926,596,18.49,57.72,163421
387,14-08-2025,14:07:24:890926,596,18.49,57.73,163892
388,14-08-2025,14:07:26:117926,596,18.5,57.75,166125
389,14-08-2025,14:07:27:551926,596,18.5,57.74,164524
390,14-08-2025,14:07:29:394926,596,18.48,57.77,158858
391,14-08-2025,14:07:30:830926,596,18.48,57.83,160350
392,14-08-2025,14:07:32:263926,596,18.49,57.88,162025
393,14-08-2025,14:07:33:490926,596,18.51,57.91,165803
394,14-08-2025,14:07:34:925926,596,18.51,57.94,164683
395,14-08-2025,14:07:36:357926,596,18.52,57.96,164842
396,14-08-2025,14:07:37:791926,596,18.52,57.98,164683
397,14-08-2025,14:07:39:224926,596,18.53,58,164049
398,14-08-2025,14:07:40:658926,596,18.53,58,162953
399,14-08-2025,14:07:42:092926,596,18.54,57.99,163109
400,14-08-2025,14:07:43:525926,596,18.55,57.97,163421
401,14-08-2025,14:07:44:962926,596,18.56,57.96,162642
402,14-08-2025,14:07:46:394926,596,18.57,57.94,162488
403,14-08-2025,14:07:47:622926,596,18.59,57.91,166125
404,14-08-2025,14:07:48:850926,596,18.6,57.8,167758
405,14-08-2025,14:07:50:283926,596,18.6,57.59,167429
406,14-08-2025,14:07:51:717926,596,18.58,57.4,167101
407,14-08-2025,14:07:53:151926,596,18.56,57.23,166125
408,14-08-2025,14:07:54:584926,596,18.55,57.1,166449
409,14-08-2025,14:07:56:018926,596,18.52,56.97,167265
410,14-08-2025,14:07:57:454926,596,18.49,56.84,165642
411,14-08-2025,14:07:58:885926,596,18.47,56.77,166938
412,14-08-2025,14:08:00:322926,596,18.44,56.76,166775
413,14-08-2025,14:08:02:162926,596,18.4,56.77,162179
414,14-08-2025,14:08:03:597926,596,18.39,56.79,162798
415,14-08-2025,14:08:05:029926,596,18.39,56.83,164683
416,14-08-2025,14:08:06:464926,596,18.39,56.85,164683
417,14-08-2025,14:08:07:896926,596,18.39,56.87,164524
418,14-08-2025,14:08:09:126926,596,18.41,56.88,167265
419,14-08-2025,14:08:10:559926,596,18.41,56.86,166449
420,14-08-2025,14:08:11:995926,596,18.42,56.87,166612
421,14-08-2025,14:08:13:221926,596,18.43,56.85,169256
422,14-08-2025,14:08:14:655926,596,18.44,56.81,166775
423,14-08-2025,14:08:16:089926,596,18.44,56.8,167594
424,14-08-2025,14:08:17:524926,596,18.45,56.78,167265
425,14-08-2025,14:08:18:956926,596,18.45,56.74,165803
426,14-08-2025,14:08:20:184926,596,18.47,56.72,168921
427,14-08-2025,14:08:21:413975,596,18.49,56.69,170269
428,14-08-2025,14:08:22:847926,596,18.49,56.6,167923
429,14-08-2025,14:08:24:283926,596,18.5,56.58,166938
430,14-08-2025,14:08:25:509926,596,18.51,56.56,168089
431,14-08-2025,14:08:26:943926,596,18.52,56.54,166612
432,14-08-2025,14:08:28:376926,596,18.52,56.52,165642
433,14-08-2025,14:08:29:605926,596,18.53,56.42,169424
434,14-08-2025,14:08:31:039926,596,18.52,56.25,168255
435,14-08-2025,14:08:32:473926,596,18.51,56.04,167923
436,14-08-2025,14:08:33:907926,596,18.49,55.81,167265
437,14-08-2025,14:08:35:340926,596,18.46,55.58,168587
438,14-08-2025,14:08:36:568926,596,18.45,55.41,171812
439,14-08-2025,14:08:38:004926,596,18.42,55.23,169930
440,14-08-2025,14:08:39:436926,596,18.39,55.12,169930
441,14-08-2025,14:08:40:869926,596,18.37,55.06,169761
442,14-08-2025,14:08:42:712926,596,18.33,55.04,164207
443,14-08-2025,14:08:44:146926,596,18.31,55.06,165642
444,14-08-2025,14:08:45:375926,596,18.31,55.09,168921
445,14-08-2025,14:08:46:604926,596,18.32,55.09,171985
446,14-08-2025,14:08:48:037926,596,18.31,55.09,170609
447,14-08-2025,14:08:49:474941,596,18.3,55.09,169761
448,14-08-2025,14:08:50:701926,596,18.32,55.09,171639
449,14-08-2025,14:08:52:133926,596,18.32,55.11,168921
450,14-08-2025,14:08:53:568926,596,18.32,55.17,169088
451,14-08-2025,14:08:55:000926,596,18.32,55.22,167758
452,14-08-2025,14:08:56:434926,596,18.33,55.27,167923
453,14-08-2025,14:08:57:867926,596,18.33,55.33,167265
454,14-08-2025,14:08:59:301926,596,18.34,55.35,167265
455,14-08-2025,14:09:00:735926,596,18.35,55.37,166125
456,14-08-2025,14:09:02:169926,596,18.36,55.4,166449
457,14-08-2025,14:09:03:602926,596,18.37,55.39,167265
458,14-08-2025,14:09:05:044926,596,18.38,55.38,165642
459,14-08-2025,14:09:06:472926,596,18.39,55.38,166125
460,14-08-2025,14:09:07:903926,596,18.4,55.36,166938
461,14-08-2025,14:09:09:132926,596,18.43,55.36,169088
462,14-08-2025,14:09:10:360926,596,18.45,55.35,169424
463,14-08-2025,14:09:11:794926,596,18.45,55.32,168255
464,14-08-2025,14:09:13:228926,596,18.44,55.22,167594
465,14-08-2025,14:09:14:663926,596,18.43,55.1,168421
466,14-08-2025,14:09:16:095926,596,18.41,54.94,169592
467,14-08-2025,14:09:17:530926,596,18.37,54.74,169592
468,14-08-2025,14:09:18:962926,596,18.34,54.55,169930
469,14-08-2025,14:09:20:396926,596,18.3,54.36,169930
470,14-08-2025,14:09:21:829926,596,18.27,54.18,169930
471,14-08-2025,14:09:23:263926,596,18.23,54.02,171123
472,14-08-2025,14:09:24:492926,596,18.21,53.93,174446
473,14-08-2025,14:09:25:925926,596,18.18,53.87,173031
474,14-08-2025,14:09:27:359926,596,18.16,53.85,171985
475,14-08-2025,14:09:30:226926,596,18.1,53.93,153984
476,14-08-2025,14:09:31:660926,596,18.09,54.01,160501
477,14-08-2025,14:09:32:891926,596,18.1,54.06,165481
478,14-08-2025,14:09:34:324926,596,18.1,54.08,166612
479,14-08-2025,14:09:35:756926,596,18.1,54.13,166775
480,14-08-2025,14:09:37:189926,596,18.11,54.18,167429
481,14-08-2025,14:09:38:623926,596,18.12,54.24,166775
482,14-08-2025,14:09:39:852926,596,18.14,54.31,170951
483,14-08-2025,14:09:41:080926,596,18.16,54.34,173207
484,14-08-2025,14:09:42:514926,596,18.17,54.4,170609
485,14-08-2025,14:09:43:948926,596,18.18,54.46,168421
486,14-08-2025,14:09:45:385926,596,18.18,54.52,168255
487,14-08-2025,14:09:46:819926,596,18.19,54.55,168421
488,14-08-2025,14:09:48:250926,596,18.2,54.58,168921
489,14-08-2025,14:09:49:682926,596,18.21,54.59,168754
490,14-08-2025,14:09:51:116926,596,18.22,54.6,168255
491,14-08-2025,14:09:52:344926,596,18.24,54.6,171294
492,14-08-2025,14:09:53:779926,596,18.24,54.57,169761
493,14-08-2025,14:09:55:007926,596,18.26,54.47,172506
494,14-08-2025,14:09:56:440926,596,18.26,54.35,170780
495,14-08-2025,14:09:57:874926,596,18.27,54.24,169592
496,14-08-2025,14:09:59:310926,596,18.27,54.14,170780
497,14-08-2025,14:10:00:742926,596,18.27,54.04,170439
498,14-08-2025,14:10:02:175926,596,18.26,53.93,169930
499,14-08-2025,14:10:03:813926,596,18.22,53.68,167265
500,14-08-2025,14:10:05:247926,596,18.2,53.45,170269
501,14-08-2025,14:10:06:680926,596,18.17,53.24,170269
502,14-08-2025,14:10:08:114926,596,18.15,53.11,171639
503,14-08-2025,14:10:09:548926,596,18.12,53,170269
504,14-08-2025,14:10:10:981926,596,18.09,52.94,171123
505,14-08-2025,14:10:12:417926,596,18.06,52.89,171812
506,14-08-2025,14:10:14:872930,596,18.01,52.87,159451
507,14-08-2025,14:10:16:306926,596,17.99,52.93,163735
508,14-08-2025,14:10:17:740926,596,17.98,52.94,165964
509,14-08-2025,14:10:19:175926,596,17.98,52.93,168255
510,14-08-2025,14:10:20:608926,596,17.98,52.93,169592
511,14-08-2025,14:10:22:040926,596,17.98,52.93,168921
512,14-08-2025,14:10:23:475926,596,17.99,52.95,167923
513,14-08-2025,14:10:24:910926,596,18,53.01,169256
514,14-08-2025,14:10:26:138926,596,18.02,53.03,172332
515,14-08-2025,14:10:27:572926,596,18.02,53.05,172332
516,14-08-2025,14:10:29:004926,596,18.03,53.07,171294
517,14-08-2025,14:10:30:437926,596,18.03,53.05,171123
518,14-08-2025,14:10:31:666926,596,18.05,53.04,174803
519,14-08-2025,14:10:32:895926,596,18.07,52.99,175162
520,14-08-2025,14:10:34:124926,596,18.09,52.98,176066
521,14-08-2025,14:10:35:558926,596,18.09,53,173736
522,14-08-2025,14:10:36:991926,596,18.09,53.06,171466
523,14-08-2025,14:10:38:834926,596,18.08,53.15,165321
524,14-08-2025,14:10:40:065926,596,18.09,53.17,170269
525,14-08-2025,14:10:41:496926,596,18.09,53.08,170951
526,14-08-2025,14:10:42:930926,596,18.09,52.99,170609
527,14-08-2025,14:10:44:363926,596,18.08,52.88,170951
528,14-08-2025,14:10:45:592926,596,18.07,52.76,174803
529,14-08-2025,14:10:47:026926,596,18.05,52.58,174982
530,14-08-2025,14:10:48:459926,596,18.03,52.43,171812
531,14-08-2025,14:10:49:688926,596,18.02,52.34,175703
532,14-08-2025,14:10:51:122926,596,18,52.24,176612
533,14-08-2025,14:10:52:555926,596,17.97,52.18,173736
534,14-08-2025,14:10:53:991926,596,17.96,52.11,174090
535,14-08-2025,14:10:55:423926,596,17.94,52.09,173559
536,14-08-2025,14:10:56:856926,596,17.93,52.1,173383
537,14-08-2025,14:10:58:290926,596,17.92,52.1,173207
538,14-08-2025,14:10:59:724926,596,17.92,52.12,173736
539,14-08-2025,14:11:01:157926,596,17.92,52.15,173031
540,14-08-2025,14:11:02:591926,596,17.92,52.21,172332
541,14-08-2025,14:11:04:024926,596,17.93,52.26,172332
542,14-08-2025,14:11:05:253926,596,17.94,52.31,174268
543,14-08-2025,14:11:06:689926,596,17.95,52.32,172506
544,14-08-2025,14:11:08:122926,596,17.95,52.39,171985
545,14-08-2025,14:11:09:555926,596,17.96,52.46,171294
546,14-08-2025,14:11:10:989926,596,17.96,52.54,171985
547,14-08-2025,14:11:12:626926,596,17.96,52.6,167923
548,14-08-2025,14:11:14:060926,596,17.97,52.65,168587
549,14-08-2025,14:11:15:288926,596,17.99,52.69,171985
550,14-08-2025,14:11:16:722926,596,18,52.71,170951
551,14-08-2025,14:11:18:156926,596,18.01,52.74,169592
552,14-08-2025,14:11:19:595926,596,18.02,52.78,170780
553,14-08-2025,14:11:21:025926,596,18.03,52.78,169424
554,14-08-2025,14:11:22:456926,596,18.03,52.7,171294
555,14-08-2025,14:11:23:890926,596,18.03,52.57,170439
556,14-08-2025,14:11:25:324926,596,18.03,52.43,171812
557,14-08-2025,14:11:26:757926,596,18.02,52.28,171294
558,14-08-2025,14:11:28:191926,596,18,52.15,171985
559,14-08-2025,14:11:29:626926,596,17.98,52,172681
560,14-08-2025,14:11:31:059926,596,17.96,51.89,173031
561,14-08-2025,14:11:32:493926,596,17.93,51.79,170951
562,14-08-2025,14:11:33:927926,596,17.9,51.74,173736
563,14-08-2025,14:11:35:362926,596,17.87,51.68,173736
564,14-08-2025,14:11:36:793926,596,17.84,51.65,173383
565,14-08-2025,14:11:38:226926,596,17.82,51.65,173031
566,14-08-2025,14:11:39:661926,596,17.81,51.69,173383
567,14-08-2025,14:11:41:094926,596,17.8,51.76,172681
568,14-08-2025,14:11:42:528926,596,17.79,51.82,172856
569,14-08-2025,14:11:43:960926,596,17.79,51.89,172332
570,14-08-2025,14:11:45:394926,596,17.79,51.99,172506
571,14-08-2025,14:11:46:829926,596,17.8,52.07,172332
572,14-08-2025,14:11:48:060926,596,17.81,52.09,173736
573,14-08-2025,14:11:49:490926,596,17.81,52.11,173559
574,14-08-2025,14:11:50:924926,596,17.82,52.16,173031
575,14-08-2025,14:11:52:154926,596,17.83,52.18,175522
576,14-08-2025,14:11:53:590926,596,17.83,52.22,173736
577,14-08-2025,14:11:55:020926,596,17.84,52.27,171466
578,14-08-2025,14:11:56:453926,596,17.84,52.32,172332
579,14-08-2025,14:11:57:889926,596,17.84,52.38,171812
580,14-08-2025,14:11:59:320926,596,17.85,52.4,172681
581,14-08-2025,14:12:00:756926,596,17.85,52.39,172681
582,14-08-2025,14:12:02:188926,596,17.86,52.38,171294
583,14-08-2025,14:12:03:621926,596,17.87,52.41,171639
584,14-08-2025,14:12:05:056926,596,17.88,52.42,171294
585,14-08-2025,14:12:06:488926,596,17.88,52.4,170951
586,14-08-2025,14:12:07:922926,596,17.88,52.31,171985
587,14-08-2025,14:12:09:356926,596,17.87,52.16,172158
588,14-08-2025,14:12:10:584926,596,17.87,52.04,175884
589,14-08-2025,14:12:12:020926,596,17.84,51.85,176066
590,14-08-2025,14:12:13:247926,596,17.84,51.71,176247
591,14-08-2025,14:12:14:483926,596,17.82,51.6,179208
592,14-08-2025,14:12:15:912926,596,17.8,51.47,176978
593,14-08-2025,14:12:17:348926,596,17.77,51.41,176430
594,14-08-2025,14:12:18:780926,596,17.74,51.35,175884
595,14-08-2025,14:12:20:210926,596,17.72,51.33,175522
596,14-08-2025,14:12:21:645926,596,17.71,51.33,175522
597,14-08-2025,14:12:23:079926,596,17.69,51.36,174982
598,14-08-2025,14:12:24:307926,596,17.7,51.38,176795
599,14-08-2025,14:12:25:684926,596,17.7,51.4,176978
600,14-08-2025,14:12:26:972926,596,17.71,51.43,175342
601,14-08-2025,14:12:28:457926,596,17.71,51.47,174803
602,14-08-2025,14:12:30:040926,596,17.7,51.49,172681
603,14-08-2025,14:12:31:272926,596,17.72,51.51,175703
604,14-08-2025,14:12:32:712926,596,17.72,51.51,175162
605,14-08-2025,14:12:34:136926,596,17.72,51.48,174803
606,14-08-2025,14:12:35:571926,596,17.72,51.46,174090
607,14-08-2025,14:12:37:004926,596,17.72,51.45,173736
608,14-08-2025,14:12:38:232926,596,17.74,51.44,176247
609,14-08-2025,14:12:39:666926,596,17.75,51.44,173383
610,14-08-2025,14:12:41:108926,596,17.75,51.47,173031
611,14-08-2025,14:12:42:534926,596,17.76,51.55,172681
612,14-08-2025,14:12:43:968926,596,17.77,51.61,171639
613,14-08-2025,14:12:45:400926,596,17.78,51.63,171812
614,14-08-2025,14:12:46:629926,596,17.8,51.66,174268
615,14-08-2025,14:12:48:063926,596,17.81,51.72,173736
616,14-08-2025,14:12:49:496926,596,17.81,51.73,173031
617,14-08-2025,14:12:50:930926,596,17.81,51.66,173031
618,14-08-2025,14:12:52:364926,596,17.81,51.52,171985
619,14-08-2025,14:12:54:004926,596,17.79,51.37,170099
620,14-08-2025,14:12:55:441926,596,17.78,51.26,170099
621,14-08-2025,14:12:56:869926,596,17.76,51.2,172158
622,14-08-2025,14:12:58:303973,596,17.76,51.13,171123
623,14-08-2025,14:12:59:736926,596,17.75,51.13,171812
624,14-08-2025,14:13:01:170926,596,17.75,51.11,171985
625,14-08-2025,14:13:02:608926,596,17.74,51.13,173031
626,14-08-2025,14:13:04:037926,596,17.74,51.13,172332
627,14-08-2025,14:13:06:085926,596,17.71,51.18,165321
628,14-08-2025,14:13:07:521926,596,17.71,51.23,165964
629,14-08-2025,14:13:08:952926,596,17.72,51.3,167923
630,14-08-2025,14:13:10:388926,596,17.72,51.35,169592
631,14-08-2025,14:13:11:819926,596,17.73,51.43,169930
632,14-08-2025,14:13:13:253926,596,17.73,51.51,169592
633,14-08-2025,14:13:15:916930,596,17.7,51.62,155386
634,14-08-2025,14:13:17:144926,596,17.72,51.71,163735
635,14-08-2025,14:13:18:578926,596,17.73,51.72,165964
636,14-08-2025,14:13:20:012926,596,17.74,51.74,167101
637,14-08-2025,14:13:21:450926,596,17.75,51.75,167101
638,14-08-2025,14:13:22:881926,596,17.76,51.78,168255
639,14-08-2025,14:13:24:312926,596,17.77,51.8,168921
640,14-08-2025,14:13:25:746986,596,17.78,51.86,168921
641,14-08-2025,14:13:27:180926,596,17.79,51.88,167758
642,14-08-2025,14:13:28:613926,596,17.81,51.9,168255
643,14-08-2025,14:13:30:049926,596,17.82,51.89,168921
644,14-08-2025,14:13:31:276926,596,17.84,51.85,171812
645,14-08-2025,14:13:32:714926,596,17.83,51.75,171294
646,14-08-2025,14:13:34:143926,596,17.82,51.62,172332
647,14-08-2025,14:13:35:578926,596,17.8,51.49,172506
648,14-08-2025,14:13:37:112926,596,17.77,51.34,169592
649,14-08-2025,14:13:38:444926,596,17.75,51.24,172856
650,14-08-2025,14:13:39:878926,596,17.72,51.12,172681
651,14-08-2025,14:13:41:311926,596,17.7,51.04,171294
652,14-08-2025,14:13:42:744926,596,17.67,50.99,171985
653,14-08-2025,14:13:44:178926,596,17.64,50.95,173383
654,14-08-2025,14:13:45:611926,596,17.63,50.95,173031
655,14-08-2025,14:13:47:048926,596,17.61,50.95,172332
656,14-08-2025,14:13:48:479926,596,17.6,50.98,172681
657,14-08-2025,14:13:49:914926,596,17.6,51.02,171639
658,14-08-2025,14:13:51:551926,596,17.59,51.04,169256
659,14-08-2025,14:13:52:984926,596,17.59,51.11,169256
660,14-08-2025,14:13:54:213926,596,17.61,51.17,174803
661,14-08-2025,14:13:55:647926,596,17.62,51.22,170439
662,14-08-2025,14:13:57:080926,596,17.63,51.3,170780
663,14-08-2025,14:13:58:514926,596,17.64,51.39,170951
664,14-08-2025,14:13:59:948926,596,17.65,51.44,170951
665,14-08-2025,14:14:01:382926,596,17.66,51.48,170780
666,14-08-2025,14:14:02:817926,596,17.68,51.53,168587
667,14-08-2025,14:14:04:248926,596,17.69,51.57,169930
668,14-08-2025,14:14:05:682926,596,17.7,51.59,169930
669,14-08-2025,14:14:07:117926,596,17.72,51.6,168921
670,14-08-2025,14:14:08:549926,596,17.73,51.62,169592
671,14-08-2025,14:14:09:984926,596,17.74,51.65,168255
672,14-08-2025,14:14:11:417926,596,17.76,51.64,170951
673,14-08-2025,14:14:12:850926,596,17.77,51.57,168921
674,14-08-2025,14:14:14:289926,596,17.78,51.49,169761
675,14-08-2025,14:14:15:717926,596,17.78,51.4,170269
676,14-08-2025,14:14:17:153926,596,17.78,51.27,169256
677,14-08-2025,14:14:18:584926,596,17.78,51.14,170951
678,14-08-2025,14:14:19:813926,596,17.78,51.04,174446
679,14-08-2025,14:14:21:247926,596,17.77,50.88,173383
680,14-08-2025,14:14:22:476926,596,17.77,50.75,175884
681,14-08-2025,14:14:23:909926,596,17.74,50.6,174982
682,14-08-2025,14:14:25:138926,596,17.72,50.49,178086
683,14-08-2025,14:14:26:367926,596,17.7,50.37,179586
684,14-08-2025,14:14:27:805926,596,17.66,50.25,176247
685,14-08-2025,14:14:29:236926,596,17.63,50.19,176612
686,14-08-2025,14:14:30:667926,596,17.59,50.16,175884
687,14-08-2025,14:14:32:101926,596,17.57,50.15,174090
688,14-08-2025,14:14:33:534926,596,17.55,50.16,174803
689,14-08-2025,14:14:34:968926,596,17.53,50.18,173559
690,14-08-2025,14:14:36:402926,596,17.52,50.22,173031
691,14-08-2025,14:14:37:837926,596,17.51,50.24,173031
692,14-08-2025,14:14:39:064926,596,17.52,50.27,176066
693,14-08-2025,14:14:40:294926,596,17.53,50.29,178646
694,14-08-2025,14:14:41:522926,596,17.54,50.29,179020
695,14-08-2025,14:14:42:959926,596,17.54,50.29,176612
696,14-08-2025,14:14:44:185926,596,17.55,50.3,179208
697,14-08-2025,14:14:45:618926,596,17.55,50.29,175884
698,14-08-2025,14:14:46:847926,596,17.56,50.31,178646
699,14-08-2025,14:14:48:280926,596,17.56,50.31,176247
700,14-08-2025,14:14:49:714926,596,17.56,50.34,174446
701,14-08-2025,14:14:51:148926,596,17.56,50.38,172856
702,14-08-2025,14:14:52:581926,596,17.56,50.45,173383
703,14-08-2025,14:14:54:015926,596,17.57,50.54,172681
704,14-08-2025,14:14:55:450926,596,17.58,50.64,171294
705,14-08-2025,14:14:56:882926,596,17.59,50.72,171639
706,14-08-2025,14:14:58:111926,596,17.61,50.78,174982
707,14-08-2025,14:14:59:339926,596,17.62,50.78,177346
708,14-08-2025,14:15:00:571926,596,17.63,50.7,179586
709,14-08-2025,14:15:02:002926,596,17.62,50.57,176978
710,14-08-2025,14:15:03:437926,596,17.61,50.43,176066
711,14-08-2025,14:15:04:971926,596,17.58,50.27,174803
712,14-08-2025,14:15:06:303926,596,17.56,50.15,176612
713,14-08-2025,14:15:07:737926,596,17.53,50.04,174090
714,14-08-2025,14:15:09:173926,596,17.5,49.99,174446
715,14-08-2025,14:15:10:604926,596,17.47,49.95,175522
716,14-08-2025,14:15:12:053047,602,17.45,49.96,173559
717,14-08-2025,14:15:13:471926,602,17.43,49.99,173913
718,14-08-2025,14:15:14:905926,602,17.42,50,174803
719,14-08-2025,14:15:16:543926,602,17.4,50.03,170951
720,14-08-2025,14:15:17:976926,602,17.4,50.09,171639
721,14-08-2025,14:15:19:410926,602,17.41,50.12,171294
722,14-08-2025,14:15:20:843926,602,17.41,50.19,171812
723,14-08-2025,14:15:22:279926,602,17.42,50.29,171294
724,14-08-2025,14:15:23:711926,602,17.43,50.36,172506
725,14-08-2025,14:15:25:144926,602,17.44,50.44,170951
726,14-08-2025,14:15:26:586926,602,17.45,50.48,172506
727,14-08-2025,14:15:28:012926,602,17.46,50.51,171985
728,14-08-2025,14:15:29:445926,602,17.47,50.52,171294
729,14-08-2025,14:15:30:674926,602,17.49,50.53,174624
730,14-08-2025,14:15:32:107926,602,17.5,50.55,172681
731,14-08-2025,14:15:33:336926,602,17.52,50.6,174624
732,14-08-2025,14:15:34:770926,602,17.52,50.64,173736
733,14-08-2025,14:15:36:001926,602,17.54,50.67,176247
734,14-08-2025,14:15:37:433926,602,17.55,50.68,173383
735,14-08-2025,14:15:38:867926,602,17.56,50.73,173736
736,14-08-2025,14:15:40:095926,602,17.57,50.73,175522
737,14-08-2025,14:15:41:528926,602,17.58,50.72,172681
738,14-08-2025,14:15:42:962926,602,17.57,50.67,173031
739,14-08-2025,14:15:44:395926,602,17.56,50.58,173383
740,14-08-2025,14:15:45:829926,602,17.56,50.45,172506
741,14-08-2025,14:15:47:058926,602,17.57,50.38,175703
742,14-08-2025,14:15:48:493926,602,17.57,50.26,175884
743,14-08-2025,14:15:49:926926,602,17.55,50.14,173913
744,14-08-2025,14:15:51:359926,602,17.53,50.03,173736
745,14-08-2025,14:15:52:792926,602,17.51,49.94,173383
746,14-08-2025,14:15:54:226926,602,17.49,49.87,174446
747,14-08-2025,14:15:55:660926,602,17.48,49.82,174803
748,14-08-2025,14:15:57:094926,602,17.47,49.78,173383
749,14-08-2025,14:15:58:527926,602,17.46,49.77,172332
750,14-08-2025,14:15:59:964926,602,17.45,49.81,172332
751,14-08-2025,14:16:01:394926,602,17.45,49.85,174090
752,14-08-2025,14:16:03:240926,602,17.44,49.85,167758
753,14-08-2025,14:16:04:674926,602,17.44,49.9,169592
754,14-08-2025,14:16:06:104926,602,17.45,49.96,168921
755,14-08-2025,14:16:07:538926,602,17.46,50.04,170269
756,14-08-2025,14:16:08:973926,602,17.47,50.11,170609
757,14-08-2025,14:16:10:405926,602,17.47,50.17,170951
758,14-08-2025,14:16:11:634926,602,17.5,50.18,174446
759,14-08-2025,14:16:13:477926,602,17.49,50.2,166612
760,14-08-2025,14:16:15:730930,602,17.48,50.24,159154
761,14-08-2025,14:16:17:173926,602,17.49,50.31,162798
762,14-08-2025,14:16:18:598926,602,17.51,50.35,165001
763,14-08-2025,14:16:19:826926,602,17.54,50.4,168921
764,14-08-2025,14:16:21:259926,602,17.56,50.45,170099
765,14-08-2025,14:16:22:693926,602,17.57,50.47,168255
766,14-08-2025,14:16:24:331926,602,17.57,50.48,165964
767,14-08-2025,14:16:25:765926,602,17.58,50.51,168089
768,14-08-2025,14:16:27:199926,602,17.58,50.56,168921
769,14-08-2025,14:16:28:632926,602,17.59,50.6,168921
770,14-08-2025,14:16:30:271926,602,17.58,50.68,166775
771,14-08-2025,14:16:31:501926,602,17.6,50.77,170269
772,14-08-2025,14:16:32:729926,602,17.61,50.86,172332
773,14-08-2025,14:16:34:162926,602,17.62,50.97,170951
774,14-08-2025,14:16:35:595926,602,17.62,51.09,170099
775,14-08-2025,14:16:37:029926,602,17.62,51.16,169930
776,14-08-2025,14:16:38:463926,602,17.63,51.21,169088
777,14-08-2025,14:16:39:896926,602,17.64,51.26,168421
778,14-08-2025,14:16:41:331002,602,17.65,51.28,169256
779,14-08-2025,14:16:42:764926,602,17.66,51.33,167923
780,14-08-2025,14:16:44:202926,602,17.67,51.36,167923
781,14-08-2025,14:16:45:835926,602,17.67,51.41,165321
782,14-08-2025,14:16:47:269926,602,17.68,51.49,166938
783,14-08-2025,14:16:48:703926,602,17.7,51.53,166287
784,14-08-2025,14:16:50:138926,602,17.71,51.55,167594
785,14-08-2025,14:16:51:570926,602,17.72,51.57,167101
786,14-08-2025,14:16:53:005926,602,17.74,51.56,166612
787,14-08-2025,14:16:54:438926,602,17.75,51.56,166938
788,14-08-2025,14:16:55:871926,602,17.76,51.55,166938
789,14-08-2025,14:16:57:304926,602,17.78,51.56,166775
790,14-08-2025,14:16:58:741926,602,17.79,51.6,166449
791,14-08-2025,14:16:59:967926,602,17.81,51.63,169930
792,14-08-2025,14:17:01:195926,602,17.84,51.67,171812
793,14-08-2025,14:17:02:834926,602,17.84,51.74,166287
794,14-08-2025,14:17:04:063926,602,17.86,51.89,168421
795,14-08-2025,14:17:05:497926,602,17.87,52.15,166938
796,14-08-2025,14:17:06:930926,602,17.88,52.44,165642
797,14-08-2025,14:17:08:159926,602,17.9,52.74,167429
798,14-08-2025,14:17:09:388926,602,17.92,53.09,167429
799,14-08-2025,14:17:10:823926,602,17.92,53.48,166612
800,14-08-2025,14:17:12:255926,602,17.93,53.82,164365
801,14-08-2025,14:17:13:689926,602,17.94,54.21,163735
802,14-08-2025,14:17:15:124926,602,17.94,54.67,162179
803,14-08-2025,14:17:16:555926,602,17.95,55.07,162953
804,14-08-2025,14:17:17:989926,602,17.96,55.36,162179
805,14-08-2025,14:17:19:422926,602,17.98,55.58,161565
806,14-08-2025,14:17:20:856926,602,17.99,55.72,162642
807,14-08-2025,14:17:22:290926,602,18,55.72,161718
808,14-08-2025,14:17:23:725926,602,18.01,55.79,160652
809,14-08-2025,14:17:25:159926,602,18.03,55.84,160955
810,14-08-2025,14:17:26:591926,602,18.04,55.88,161259
811,14-08-2025,14:17:27:819926,602,18.07,55.87,163265
812,14-08-2025,14:17:29:253926,602,18.09,55.84,163265
813,14-08-2025,14:17:30:687926,602,18.1,55.81,161565
814,14-08-2025,14:17:32:123926,602,18.11,55.8,161107
815,14-08-2025,14:17:33:554926,602,18.13,55.83,160200
816,14-08-2025,14:17:34:989926,602,18.14,55.83,160350
817,14-08-2025,14:17:36:421926,602,18.16,55.8,159451
818,14-08-2025,14:17:38:061926,602,18.16,55.78,157538
819,14-08-2025,14:17:39:493926,602,18.18,55.8,156240
820,14-08-2025,14:17:40:927926,602,18.19,55.78,157684
821,14-08-2025,14:17:42:360926,602,18.21,55.75,157684
822,14-08-2025,14:17:43:794926,602,18.23,55.79,158122
823,14-08-2025,14:17:45:227926,602,18.24,55.84,157393
824,14-08-2025,14:17:46:661926,602,18.26,55.91,157684
825,14-08-2025,14:17:48:095926,602,18.27,55.98,157684
826,14-08-2025,14:17:49:733926,602,18.28,56.08,155104
827,14-08-2025,14:17:51:167926,602,18.3,56.23,154542
828,14-08-2025,14:17:52:602926,602,18.32,56.52,154682
829,14-08-2025,14:17:54:034926,602,18.33,56.95,154542
830,14-08-2025,14:17:55:469926,602,18.35,57.49,153431
831,14-08-2025,14:17:56:902926,602,18.37,58.03,154263
832,14-08-2025,14:17:58:335926,602,18.39,58.54,154823
833,14-08-2025,14:17:59:564926,602,18.42,58.86,155670
834,14-08-2025,14:18:00:997933,602,18.43,59.13,155245
835,14-08-2025,14:18:02:226926,602,18.46,59.33,156527
836,14-08-2025,14:18:03:659926,602,18.47,59.5,155386
837,14-08-2025,14:18:05:095927,602,18.48,59.62,155670
838,14-08-2025,14:18:06:731926,602,18.49,59.76,151121
839,14-08-2025,14:18:08:165926,602,18.5,59.95,151389
840,14-08-2025,14:18:09:394926,602,18.53,60.13,154823
841,14-08-2025,14:18:10:623926,602,18.56,60.34,157103
842,14-08-2025,14:18:12:056926,602,18.57,60.55,154542
843,14-08-2025,14:18:13:490926,602,18.58,60.72,153707
844,14-08-2025,14:18:14:924926,602,18.59,60.82,152881
845,14-08-2025,14:18:16:357926,602,18.6,60.81,153018
846,14-08-2025,14:18:17:791926,602,18.61,60.72,152608
847,14-08-2025,14:18:19:226926,602,18.62,60.67,151793
848,14-08-2025,14:18:20:455926,602,18.65,60.62,155245
849,14-08-2025,14:18:21:887926,602,18.66,60.53,153569
850,14-08-2025,14:18:23:320926,602,18.67,60.45,153155
851,14-08-2025,14:18:24:757926,602,18.68,60.38,153155
852,14-08-2025,14:18:26:187926,602,18.69,60.33,151658
853,14-08-2025,14:18:27:622926,602,18.71,60.25,152335
854,14-08-2025,14:18:29:055926,602,18.72,60.22,151658
855,14-08-2025,14:18:30:488926,602,18.73,60.34,150721
856,14-08-2025,14:18:31:924926,602,18.75,60.54,150854
857,14-08-2025,14:18:33:355926,602,18.76,60.7,150721
858,14-08-2025,14:18:34:789926,602,18.77,60.85,149926
859,14-08-2025,14:18:36:224926,602,18.79,61.13,149926
860,14-08-2025,14:18:37:656926,602,18.8,61.52,149795
861,14-08-2025,14:18:39:092926,602,18.81,61.89,148362
862,14-08-2025,14:18:40:523926,602,18.83,62.25,148362
863,14-08-2025,14:18:41:957926,602,18.84,62.64,148362
864,14-08-2025,14:18:43:391926,602,18.85,63.01,147720
865,14-08-2025,14:18:44:824926,602,18.87,63.33,147848
866,14-08-2025,14:18:46:362926,602,18.88,63.63,146578
867,14-08-2025,14:18:47:691926,602,18.9,63.81,147720
868,14-08-2025,14:18:49:126926,602,18.91,63.89,147976
869,14-08-2025,14:18:50:559926,602,18.93,63.94,146831
870,14-08-2025,14:18:51:992926,602,18.94,63.96,146704
871,14-08-2025,14:18:53:426926,602,18.96,63.99,147338
872,14-08-2025,14:18:54:860926,602,18.97,64.01,147338
873,14-08-2025,14:18:56:295926,602,18.98,64.03,146831
874,14-08-2025,14:18:57:726926,602,19,64.08,146704
875,14-08-2025,14:18:59:162926,602,19.01,64.14,146453
876,14-08-2025,14:19:00:594926,602,19.03,64.21,146578
877,14-08-2025,14:19:02:027926,602,19.04,64.27,146578
878,14-08-2025,14:19:03:462926,602,19.06,64.33,145702
879,14-08-2025,14:19:04:895926,602,19.07,64.38,147338
880,14-08-2025,14:19:06:328926,602,19.08,64.41,146831
881,14-08-2025,14:19:07:763926,602,19.1,64.46,146578
882,14-08-2025,14:19:09:196926,602,19.11,64.52,145827
883,14-08-2025,14:19:10:630926,602,19.12,64.59,145578
884,14-08-2025,14:19:12:064926,602,19.13,64.64,145827
885,14-08-2025,14:19:13:498926,602,19.15,64.7,145578
886,14-08-2025,14:19:15:954930,602,19.14,64.98,133298
887,14-08-2025,14:19:17:389926,602,19.15,65.18,137375
888,14-08-2025,14:19:18:821926,602,19.17,65.31,140543
889,14-08-2025,14:19:20:255926,602,19.18,65.37,141241
890,14-08-2025,14:19:21:689926,602,19.2,65.48,142182
891,14-08-2025,14:19:23:122926,602,19.22,65.58,143256
892,14-08-2025,14:19:24:555926,602,19.23,65.72,143016
893,14-08-2025,14:19:26:194926,602,19.23,65.82,141124
894,14-08-2025,14:19:27:629926,602,19.25,65.92,141710
895,14-08-2025,14:19:29:061990,602,19.26,65.97,142182
896,14-08-2025,14:19:30:494926,602,19.27,65.99,142897
897,14-08-2025,14:19:31:928926,602,19.28,66.01,143256
898,14-08-2025,14:19:33:362926,602,19.29,65.98,144103
899,14-08-2025,14:19:34:795926,602,19.3,65.95,143136
900,14-08-2025,14:19:36:229926,602,19.32,65.91,143497
901,14-08-2025,14:19:37:666926,602,19.33,65.82,143618
902,14-08-2025,14:19:39:097926,602,19.34,65.68,143618
903,14-08-2025,14:19:40:532926,602,19.35,65.57,143256
904,14-08-2025,14:19:41:759926,602,19.38,65.47,145827
905,14-08-2025,14:19:42:987926,602,19.4,65.34,148362
906,14-08-2025,14:19:44:421926,602,19.41,65.21,145330
907,14-08-2025,14:19:45:854926,602,19.42,65.13,146077
908,14-08-2025,14:19:47:084926,602,19.44,65.04,146578
909,14-08-2025,14:19:48:517926,602,19.44,64.92,145827
910,14-08-2025,14:19:49:950926,602,19.45,64.79,145827
911,14-08-2025,14:19:51:589926,602,19.45,64.77,141475
912,14-08-2025,14:19:53:022926,602,19.46,64.81,142182
913,14-08-2025,14:19:54:464926,602,19.47,64.9,141946
914,14-08-2025,14:19:55:889926,602,19.47,64.99,142658
915,14-08-2025,14:19:57:323926,602,19.48,65.01,143860
916,14-08-2025,14:19:58:552926,602,19.5,65.01,145827
917,14-08-2025,14:19:59:782926,602,19.52,65,147338
918,14-08-2025,14:20:01:011926,602,19.54,64.97,149271
919,14-08-2025,14:20:02:239926,602,19.54,64.91,150721
920,14-08-2025,14:20:03:672926,602,19.53,64.86,147211
921,14-08-2025,14:20:05:105926,602,19.52,64.84,146077
922,14-08-2025,14:20:06:541926,602,19.51,64.84,145454
923,14-08-2025,14:20:07:973926,602,19.49,64.88,145827
924,14-08-2025,14:20:09:406926,602,19.48,64.92,146077
925,14-08-2025,14:20:10:841926,602,19.48,64.93,144714
926,14-08-2025,14:20:12:274926,602,19.48,64.94,144469
927,14-08-2025,14:20:13:506926,602,19.49,64.98,147084
928,14-08-2025,14:20:14:938926,602,19.48,64.96,145827
929,14-08-2025,14:20:16:370926,602,19.48,64.99,144714
930,14-08-2025,14:20:17:803926,602,19.49,64.98,144837
931,14-08-2025,14:20:19:032926,602,19.5,64.96,147338
932,14-08-2025,14:20:20:468926,602,19.51,64.9,145827
933,14-08-2025,14:20:21:694926,602,19.52,64.87,147592
934,14-08-2025,14:20:22:923926,602,19.54,64.82,149140
935,14-08-2025,14:20:24:359926,602,19.54,64.71,147338
936,14-08-2025,14:20:25:790926,602,19.54,64.6,146077
937,14-08-2025,14:20:27:224926,602,19.55,64.52,145330
938,14-08-2025,14:20:28:862926,602,19.54,64.49,141946
939,14-08-2025,14:20:30:296926,602,19.55,64.5,142897
940,14-08-2025,14:20:31:525926,602,19.57,64.48,146578
941,14-08-2025,14:20:32:960926,602,19.57,64.47,145454
942,14-08-2025,14:20:34:187926,602,19.59,64.4,147084
943,14-08-2025,14:20:35:416926,602,19.61,64.33,148105
944,14-08-2025,14:20:36:953926,602,19.61,64.23,145330
945,14-08-2025,14:20:38:283926,602,19.62,64.22,146202
946,14-08-2025,14:20:39:717926,602,19.62,64.14,145083
947,14-08-2025,14:20:41:150926,602,19.62,64.04,144960
948,14-08-2025,14:20:42:380926,602,19.63,63.94,147720
949,14-08-2025,14:20:43:608926,602,19.64,63.82,149926
950,14-08-2025,14:20:45:042926,602,19.62,63.66,147592
951,14-08-2025,14:20:46:479926,602,19.6,63.5,147084
952,14-08-2025,14:20:47:909926,602,19.57,63.31,146831
953,14-08-2025,14:20:49:342926,602,19.53,63.14,147211
954,14-08-2025,14:20:50:571926,602,19.51,63.03,149532
955,14-08-2025,14:20:52:005926,602,19.47,62.94,148750
956,14-08-2025,14:20:53:438926,602,19.44,62.85,147465
957,14-08-2025,14:20:54:872926,602,19.41,62.8,148880
958,14-08-2025,14:20:56:306926,602,19.39,62.77,147592
959,14-08-2025,14:20:57:534926,602,19.38,62.77,149663
960,14-08-2025,14:20:59:175926,602,19.36,62.74,146202
961,14-08-2025,14:21:00:606926,602,19.35,62.76,146578
962,14-08-2025,14:21:02:040926,602,19.34,62.75,146831
963,14-08-2025,14:21:03:473926,602,19.34,62.74,146578
964,14-08-2025,14:21:04:907926,602,19.33,62.73,146831
965,14-08-2025,14:21:06:252926,602,19.34,62.73,147592
966,14-08-2025,14:21:07:570926,602,19.34,62.73,148621
967,14-08-2025,14:21:08:804926,602,19.36,62.75,151389
968,14-08-2025,14:21:10:234926,602,19.36,62.72,149140
969,14-08-2025,14:21:11:667926,602,19.36,62.73,148105
970,14-08-2025,14:21:13:107926,602,19.36,62.73,147592
971,14-08-2025,14:21:14:535926,602,19.36,62.73,147338
972,14-08-2025,14:21:15:967926,602,19.36,62.73,147084
973,14-08-2025,14:21:17:400926,602,19.36,62.72,146578
974,14-08-2025,14:21:18:834926,602,19.37,62.67,147084
975,14-08-2025,14:21:20:268926,602,19.37,62.58,146327
976,14-08-2025,14:21:21:705926,602,19.37,62.47,147338
977,14-08-2025,14:21:23:134926,602,19.35,62.33,147465
978,14-08-2025,14:21:24:569926,602,19.34,62.13,147720
979,14-08-2025,14:21:26:004926,602,19.33,61.92,148105
980,14-08-2025,14:21:27:437926,602,19.3,61.78,147592
981,14-08-2025,14:21:29:280926,602,19.24,61.56,144225
982,14-08-2025,14:21:30:507926,602,19.21,61.4,149010
983,14-08-2025,14:21:31:942926,602,19.17,61.16,149271
984,14-08-2025,14:21:33:170926,602,19.14,60.99,152608
985,14-08-2025,14:21:34:398926,602,19.11,60.85,154124
986,14-08-2025,14:21:35:627926,602,19.09,60.75,155386
987,14-08-2025,14:21:37:061926,602,19.06,60.71,153984
988,14-08-2025,14:21:38:494926,602,19.03,60.68,153155
989,14-08-2025,14:21:39:930926,602,19.01,60.66,152064
990,14-08-2025,14:21:41:363926,602,18.99,60.66,152064
991,14-08-2025,14:21:42:795926,602,18.97,60.68,151255
992,14-08-2025,14:21:44:229926,602,18.96,60.66,150588
993,14-08-2025,14:21:45:457926,602,18.97,60.68,153707
994,14-08-2025,14:21:46:686926,602,18.97,60.68,155104
995,14-08-2025,14:21:48:120926,602,18.97,60.68,153984
996,14-08-2025,14:21:49:553926,602,18.97,60.72,153018
997,14-08-2025,14:21:50:987926,602,18.96,60.72,152608
998,14-08-2025,14:21:52:423926,602,18.96,60.75,151255
999,14-08-2025,14:21:53:650926,602,18.98,60.74,153707
1000,14-08-2025,14:21:55:083926,602,18.98,60.7,152064
1001,14-08-2025,14:21:56:517926,602,18.98,60.66,152335
1002,14-08-2025,14:21:57:950926,602,18.98,60.63,151121
1003,14-08-2025,14:21:59:385926,602,18.99,60.58,151121
1004,14-08-2025,14:22:00:613926,602,19.01,60.53,153293
1005,14-08-2025,14:22:02:048926,602,19.02,60.49,151793
1006,14-08-2025,14:22:03:275926,602,19.04,60.45,154402
1007,14-08-2025,14:22:04:709926,602,19.04,60.39,153155
1008,14-08-2025,14:22:06:145926,602,19.04,60.29,151793
1009,14-08-2025,14:22:07:371926,602,19.05,60.19,154402
1010,14-08-2025,14:22:08:600926,602,19.06,60.06,156958
1011,14-08-2025,14:22:10:034926,602,19.05,59.86,154542
1012,14-08-2025,14:22:11:467926,602,19.03,59.72,153293
1013,14-08-2025,14:22:12:696926,602,19.02,59.6,156240
1014,14-08-2025,14:22:13:925926,602,19.01,59.45,158563
1015,14-08-2025,14:22:16:382930,602,18.94,59.2,143982
1016,14-08-2025,14:22:17:816926,602,18.9,59.16,147338
1017,14-08-2025,14:22:19:252926,602,18.87,59.07,148750
1018,14-08-2025,14:22:20:683926,602,18.85,59,150721
1019,14-08-2025,14:22:22:118926,602,18.83,58.93,151389
1020,14-08-2025,14:22:23:551926,602,18.81,58.88,152064
1021,14-08-2025,14:22:24:984926,602,18.8,58.86,152064
1022,14-08-2025,14:22:26:213926,602,18.8,58.84,154963
1023,14-08-2025,14:22:27:646926,602,18.8,58.79,154542
1024,14-08-2025,14:22:28:875926,602,18.8,58.76,157103
1025,14-08-2025,14:22:30:104926,602,18.81,58.71,157829
1026,14-08-2025,14:22:31:540926,602,18.81,58.69,156527
1027,14-08-2025,14:22:32:767926,602,18.81,58.65,157975
1028,14-08-2025,14:22:34:201926,602,18.8,58.63,155954
1029,14-08-2025,14:22:35:634926,602,18.8,58.63,155104
1030,14-08-2025,14:22:37:067926,602,18.8,58.64,153431
1031,14-08-2025,14:22:38:501926,602,18.79,58.64,154542
1032,14-08-2025,14:22:39:936926,602,18.79,58.63,153293
1033,14-08-2025,14:22:41:370926,602,18.8,58.61,153707
1034,14-08-2025,14:22:42:805926,602,18.8,58.57,152608
1035,14-08-2025,14:22:44:033926,602,18.82,58.54,156240
1036,14-08-2025,14:22:45:467926,602,18.82,58.47,154263
1037,14-08-2025,14:22:46:899926,602,18.83,58.44,153984
1038,14-08-2025,14:22:48:331926,602,18.83,58.42,153293
1039,14-08-2025,14:22:49:768926,602,18.84,58.35,154263
1040,14-08-2025,14:22:51:198926,602,18.84,58.24,154263
1041,14-08-2025,14:22:52:431926,602,18.84,58.12,156527
1042,14-08-2025,14:22:53:861926,602,18.82,57.91,155670
1043,14-08-2025,14:22:55:090926,602,18.82,57.75,158710
1044,14-08-2025,14:22:56:525926,602,18.78,57.54,157393
1045,14-08-2025,14:22:57:959926,602,18.74,57.3,156958
1046,14-08-2025,14:22:59:391926,602,18.69,57.11,156240
1047,14-08-2025,14:23:01:030926,602,18.64,56.99,154823
1048,14-08-2025,14:23:02:667926,602,18.6,56.94,152335
1049,14-08-2025,14:23:03:896926,602,18.58,56.92,156240
1050,14-08-2025,14:23:05:330926,602,18.56,56.9,155670
1051,14-08-2025,14:23:06:763926,602,18.54,56.9,156383
1052,14-08-2025,14:23:07:994926,602,18.54,56.9,157975
1053,14-08-2025,14:23:09:426926,602,18.53,56.9,157393
1054,14-08-2025,14:23:10:656926,602,18.54,56.91,158563
1055,14-08-2025,14:23:11:883989,602,18.55,56.92,160350
1056,14-08-2025,14:23:13:112926,602,18.56,56.94,162025
1057,14-08-2025,14:23:15:365926,602,18.53,57.02,149271
1058,14-08-2025,14:23:16:799926,602,18.52,57.12,152064
1059,14-08-2025,14:23:18:236926,602,18.53,57.14,152335
1060,14-08-2025,14:23:19:461926,602,18.54,57.15,156240
1061,14-08-2025,14:23:20:689926,602,18.56,57.16,157684
1062,14-08-2025,14:23:22:124926,602,18.57,57.16,156240
1063,14-08-2025,14:23:23:565926,602,18.57,57.16,156240
1064,14-08-2025,14:23:24:990926,602,18.58,57.15,155528
1065,14-08-2025,14:23:26:425926,602,18.59,57.13,155670
1066,14-08-2025,14:23:27:857926,602,18.59,57.1,155386
1067,14-08-2025,14:23:29:291926,602,18.59,57.07,155954
1068,14-08-2025,14:23:30:725926,602,18.59,56.97,156097
1069,14-08-2025,14:23:32:158926,602,18.58,56.81,156383
1070,14-08-2025,14:23:33:592926,602,18.56,56.59,155954
1071,14-08-2025,14:23:35:026926,602,18.53,56.35,155670
1072,14-08-2025,14:23:36:459926,602,18.5,56.16,157248
1073,14-08-2025,14:23:37:894926,602,18.48,56.01,157393
1074,14-08-2025,14:23:39:329926,602,18.45,55.88,156527
1075,14-08-2025,14:23:40:762926,602,18.43,55.79,157393
1076,14-08-2025,14:23:42:194926,602,18.4,55.7,157103
1077,14-08-2025,14:23:43:627926,602,18.38,55.67,157248
1078,14-08-2025,14:23:44:856926,602,18.38,55.63,160350
1079,14-08-2025,14:23:46:290926,602,18.36,55.61,159750
1080,14-08-2025,14:23:47:723926,602,18.35,55.57,158710
1081,14-08-2025,14:23:49:157926,602,18.35,55.58,157975
1082,14-08-2025,14:23:50:592926,602,18.35,55.59,157684
1083,14-08-2025,14:23:52:024926,602,18.35,55.62,157829
1084,14-08-2025,14:23:53:458926,602,18.35,55.63,157103
1085,14-08-2025,14:23:54:893996,602,18.35,55.65,157829
1086,14-08-2025,14:23:56:120926,602,18.37,55.65,160350
1087,14-08-2025,14:23:57:554926,602,18.38,55.64,158710
1088,14-08-2025,14:23:58:987926,602,18.38,55.66,157684
1089,14-08-2025,14:24:00:421926,602,18.39,55.67,157248
1090,14-08-2025,14:24:01:854926,602,18.4,55.69,156383
1091,14-08-2025,14:24:03:290926,602,18.41,55.72,156097
1092,14-08-2025,14:24:04:721926,602,18.41,55.73,156958
1093,14-08-2025,14:24:05:950926,602,18.43,55.74,158858
1094,14-08-2025,14:24:07:385926,602,18.44,55.69,158268
1095,14-08-2025,14:24:08:614926,602,18.45,55.64,160350
1096,14-08-2025,14:24:10:048926,602,18.46,55.5,158858
1097,14-08-2025,14:24:11:480926,602,18.46,55.39,158268
1098,14-08-2025,14:24:12:913926,602,18.46,55.3,157393
1099,14-08-2025,14:24:14:347926,602,18.45,55.23,158563
1100,14-08-2025,14:24:15:576926,602,18.46,55.14,160200
1101,14-08-2025,14:24:16:807926,602,18.47,55.02,162179
1102,14-08-2025,14:24:18:239926,602,18.44,54.85,161107
1103,14-08-2025,14:24:19:672926,602,18.41,54.69,160350
1104,14-08-2025,14:24:21:106926,602,18.38,54.55,160652
1105,14-08-2025,14:24:22:539926,602,18.33,54.4,160804
1106,14-08-2025,14:24:23:973926,602,18.28,54.21,160955
1107,14-08-2025,14:24:25:409926,602,18.23,54.05,161871
1108,14-08-2025,14:24:26:635926,602,18.19,53.97,164842
1109,14-08-2025,14:24:27:864926,602,18.16,53.92,165642
1110,14-08-2025,14:24:29:095926,602,18.14,53.89,166449
1111,14-08-2025,14:24:30:527926,602,18.1,53.87,164049
1112,14-08-2025,14:24:31:961926,602,18.06,53.9,163109
1113,14-08-2025,14:24:33:599926,602,18.03,53.94,160350
1114,14-08-2025,14:24:35:032926,602,18.01,54.03,160200
1115,14-08-2025,14:24:36:465926,602,18,54.11,161107
1116,14-08-2025,14:24:37:900926,602,17.99,54.19,160350
1117,14-08-2025,14:24:39:335926,602,17.98,54.24,161565
1118,14-08-2025,14:24:40:766926,602,17.98,54.28,160955
1119,14-08-2025,14:24:42:202926,602,17.98,54.31,160050
1120,14-08-2025,14:24:43:633926,602,17.99,54.38,160955
1121,14-08-2025,14:24:45:067926,602,17.99,54.46,159601
1122,14-08-2025,14:24:46:296926,602,18.01,54.52,164049
1123,14-08-2025,14:24:47:730926,602,18.01,54.55,162642
1124,14-08-2025,14:24:49:164926,602,18.02,54.52,161412
1125,14-08-2025,14:24:50:392926,602,18.03,54.46,164524
1126,14-08-2025,14:24:51:825926,602,18.04,54.41,162488
1127,14-08-2025,14:24:53:259926,602,18.04,54.4,162488
1128,14-08-2025,14:24:54:693926,602,18.05,54.42,161565
1129,14-08-2025,14:24:56:129926,602,18.06,54.46,160501
1130,14-08-2025,14:24:57:561926,602,18.07,54.47,160050
1131,14-08-2025,14:24:58:993926,602,18.08,54.47,160652
1132,14-08-2025,14:25:00:427926,602,18.07,54.44,160050
1133,14-08-2025,14:25:01:657926,602,18.08,54.38,163421
1134,14-08-2025,14:25:03:089926,602,18.07,54.27,162179
1135,14-08-2025,14:25:04:525926,602,18.05,54.14,163265
1136,14-08-2025,14:25:05:956926,602,18.02,54.02,162333
1137,14-08-2025,14:25:07:391926,602,17.99,53.86,163265
1138,14-08-2025,14:25:08:827926,602,17.95,53.75,162333
1139,14-08-2025,14:25:10:259926,602,17.92,53.69,163421
1140,14-08-2025,14:25:11:486926,602,17.9,53.67,166287
1141,14-08-2025,14:25:12:920926,602,17.87,53.63,164365
1142,14-08-2025,14:25:14:354926,602,17.84,53.65,163735
1143,14-08-2025,14:25:16:811930,602,17.79,53.79,151255
1144,14-08-2025,14:25:18:245926,602,17.78,53.9,155386
1145,14-08-2025,14:25:19:678926,602,17.77,53.97,157829
1146,14-08-2025,14:25:20:907926,602,17.79,54.04,161259
1147,14-08-2025,14:25:22:138926,602,17.8,54.1,164049
1148,14-08-2025,14:25:23:569926,602,17.81,54.15,163578
1149,14-08-2025,14:25:25:005926,602,17.81,54.19,162488
1150,14-08-2025,14:25:26:437926,602,17.81,54.23,162798
1151,14-08-2025,14:25:27:871926,602,17.82,54.25,161412
1152,14-08-2025,14:25:29:304926,602,17.82,54.24,161259
1153,14-08-2025,14:25:30:738926,602,17.83,54.23,162025
1154,14-08-2025,14:25:32:172926,602,17.84,54.19,161565
1155,14-08-2025,14:25:33:605926,602,17.84,54.18,161259
1156,14-08-2025,14:25:35:038926,602,17.85,54.18,161565
1157,14-08-2025,14:25:36:474926,602,17.86,54.22,161565
1158,14-08-2025,14:25:37:905926,602,17.87,54.26,160350
1159,14-08-2025,14:25:39:134926,602,17.89,54.26,164365
1160,14-08-2025,14:25:40:568926,602,17.9,54.23,162488
1161,14-08-2025,14:25:42:002926,602,17.91,54.2,161107
1162,14-08-2025,14:25:43:435926,602,17.91,54.17,161107
1163,14-08-2025,14:25:44:664926,602,17.92,54.11,164683
1164,14-08-2025,14:25:46:100926,602,17.9,53.98,165001
1165,14-08-2025,14:25:47:531926,602,17.89,53.84,164365
1166,14-08-2025,14:25:48:967926,602,17.86,53.71,163735
1167,14-08-2025,14:25:50:398926,602,17.83,53.58,164683
1168,14-08-2025,14:25:52:036926,602,17.79,53.45,161565
1169,14-08-2025,14:25:53:265926,602,17.76,53.39,165642
1170,14-08-2025,14:25:54:702926,602,17.72,53.31,164842
1171,14-08-2025,14:25:56:134926,602,17.69,53.3,165161
1172,14-08-2025,14:25:57:566926,602,17.66,53.31,165642
1173,14-08-2025,14:25:58:927926,602,17.64,53.32,167101
1174,14-08-2025,14:26:00:229926,602,17.63,53.31,167101
1175,14-08-2025,14:26:01:664926,602,17.62,53.29,166612
1176,14-08-2025,14:26:02:891926,602,17.62,53.31,168089
1177,14-08-2025,14:26:04:120926,602,17.63,53.32,168421
1178,14-08-2025,14:26:05:553926,602,17.62,53.31,167923
1179,14-08-2025,14:26:06:987926,602,17.62,53.29,165803
1180,14-08-2025,14:26:08:421926,602,17.61,53.26,166938
1181,14-08-2025,14:26:10:059926,602,17.6,53.23,162642
1182,14-08-2025,14:26:11:494926,602,17.6,53.23,164683
1183,14-08-2025,14:26:12:928993,602,17.6,53.21,163265
1184,14-08-2025,14:26:14:363926,602,17.6,53.2,164683
1185,14-08-2025,14:26:15:589926,602,17.62,53.19,167265
1186,14-08-2025,14:26:16:817926,602,17.64,53.18,168754
1187,14-08-2025,14:26:18:251926,602,17.64,53.16,167265
1188,14-08-2025,14:26:19:685926,602,17.65,53.2,165481
1189,14-08-2025,14:26:21:118926,602,17.65,53.25,164842
1190,14-08-2025,14:26:22:552926,602,17.66,53.31,164842
1191,14-08-2025,14:26:23:985928,602,17.67,53.36,164683
1192,14-08-2025,14:26:25:419926,602,17.68,53.38,163735
1193,14-08-2025,14:26:26:853926,602,17.69,53.38,164365
1194,14-08-2025,14:26:28:288926,602,17.68,53.34,165321
1195,14-08-2025,14:26:29:720926,602,17.67,53.22,164207
1196,14-08-2025,14:26:31:154926,602,17.66,53.1,164842
1197,14-08-2025,14:26:32:588926,602,17.65,52.97,164683
1198,14-08-2025,14:26:34:031926,602,17.64,52.84,165481
1199,14-08-2025,14:26:35:249926,602,17.63,52.79,167923
1200,14-08-2025,14:26:36:684926,602,17.62,52.69,167265
1201,14-08-2025,14:26:38:117926,602,17.6,52.62,165964
1202,14-08-2025,14:26:39:346926,602,17.59,52.6,169592
1203,14-08-2025,14:26:40:783926,602,17.57,52.55,168587
1204,14-08-2025,14:26:42:216926,602,17.55,52.52,166938
1205,14-08-2025,14:26:43:441926,602,17.54,52.52,169256
1206,14-08-2025,14:26:44:875926,602,17.53,52.51,168255
1207,14-08-2025,14:26:46:313926,602,17.52,52.52,167594
1208,14-08-2025,14:26:47:743926,602,17.51,52.55,167429
1209,14-08-2025,14:26:49:177926,602,17.51,52.54,166287
1210,14-08-2025,14:26:50:404926,602,17.52,52.56,168255
1211,14-08-2025,14:26:51:838926,602,17.52,52.55,167758
1212,14-08-2025,14:26:53:282926,602,17.51,52.54,167265
1213,14-08-2025,14:26:54:705926,602,17.51,52.55,167265
1214,14-08-2025,14:26:56:139926,602,17.51,52.54,166449
1215,14-08-2025,14:26:57:573926,602,17.51,52.57,165001
1216,14-08-2025,14:26:59:008926,602,17.52,52.58,164842
1217,14-08-2025,14:27:00:440926,602,17.52,52.63,164524
1218,14-08-2025,14:27:01:874926,602,17.52,52.69,165161
1219,14-08-2025,14:27:03:307926,602,17.53,52.75,165642
1220,14-08-2025,14:27:04:536926,602,17.55,52.8,166287
1221,14-08-2025,14:27:05:765926,602,17.57,52.83,167594
1222,14-08-2025,14:27:06:995926,602,17.59,52.89,170951
1223,14-08-2025,14:27:08:223926,602,17.6,52.9,169930
1224,14-08-2025,14:27:09:454926,602,17.62,52.89,170099
1225,14-08-2025,14:27:10:885926,602,17.61,52.84,168754
1226,14-08-2025,14:27:12:318926,602,17.6,52.76,168255
1227,14-08-2025,14:27:13:753926,602,17.58,52.66,166287
1228,14-08-2025,14:27:15:186926,602,17.57,52.56,166287
1229,14-08-2025,14:27:16:414926,602,17.56,52.49,170269
1230,14-08-2025,14:27:17:848926,602,17.54,52.37,168255
1231,14-08-2025,14:27:19:079926,602,17.53,52.27,170269
1232,14-08-2025,14:27:20:306926,602,17.52,52.21,172681
1233,14-08-2025,14:27:21:539926,602,17.51,52.12,172681
1234,14-08-2025,14:27:22:968926,602,17.48,52.05,170439
1235,14-08-2025,14:27:24:202926,602,17.47,52.03,172332
1236,14-08-2025,14:27:25:630926,602,17.45,52,170099
1237,14-08-2025,14:27:27:064926,602,17.44,51.99,168255
1238,14-08-2025,14:27:28:498926,602,17.43,52.02,167758
1239,14-08-2025,14:27:29:932926,602,17.42,52.06,167265
1240,14-08-2025,14:27:31:367926,602,17.42,52.11,166612
1241,14-08-2025,14:27:32:594926,602,17.43,52.17,168587
1242,14-08-2025,14:27:34:029926,602,17.44,52.23,167265
1243,14-08-2025,14:27:35:462926,602,17.44,52.29,166775
1244,14-08-2025,14:27:36:690997,602,17.46,52.37,169930
1245,14-08-2025,14:27:38:123926,602,17.47,52.42,166612
1246,14-08-2025,14:27:39:557926,602,17.48,52.52,165803
1247,14-08-2025,14:27:40:990926,602,17.48,52.63,165964
1248,14-08-2025,14:27:42:424926,602,17.49,52.7,165321
1249,14-08-2025,14:27:43:857926,602,17.5,52.72,165481
1250,14-08-2025,14:27:45:293926,602,17.51,52.74,164683
1251,14-08-2025,14:27:46:725926,602,17.51,52.77,164524
1252,14-08-2025,14:27:48:159926,602,17.52,52.76,164365
1253,14-08-2025,14:27:49:592926,602,17.53,52.75,164049
1254,14-08-2025,14:27:51:025926,602,17.53,52.76,164683
1255,14-08-2025,14:27:52:254926,602,17.55,52.78,168587
1256,14-08-2025,14:27:53:688926,602,17.55,52.77,165964
1257,14-08-2025,14:27:55:126926,602,17.55,52.79,165321
1258,14-08-2025,14:27:56:556926,602,17.54,52.8,165321
1259,14-08-2025,14:27:57:991926,602,17.54,52.76,165001
1260,14-08-2025,14:27:59:425926,602,17.53,52.68,164365
1261,14-08-2025,14:28:00:858926,602,17.52,52.6,165321
1262,14-08-2025,14:28:02:290926,602,17.51,52.56,164683
1263,14-08-2025,14:28:03:723926,602,17.5,52.5,165964
1264,14-08-2025,14:28:05:157926,602,17.48,52.45,165001
1265,14-08-2025,14:28:07:139926,602,17.45,52.39,159750
1266,14-08-2025,14:28:08:436926,602,17.45,52.38,163109
1267,14-08-2025,14:28:09:867926,602,17.44,52.32,164842
1268,14-08-2025,14:28:11:307926,602,17.43,52.28,164207
1269,14-08-2025,14:28:12:734926,602,17.43,52.27,165001
1270,14-08-2025,14:28:14:168926,602,17.43,52.27,164207
1271,14-08-2025,14:28:16:832930,602,17.4,52.33,151255
1272,14-08-2025,14:28:18:264926,602,17.41,52.41,154682
1273,14-08-2025,14:28:19:697926,602,17.42,52.45,158122
1274,14-08-2025,14:28:21:133926,602,17.43,52.47,160350
1275,14-08-2025,14:28:22:565926,602,17.44,52.47,161412
1276,14-08-2025,14:28:23:998942,602,17.45,52.44,162179
1277,14-08-2025,14:28:25:227926,602,17.48,52.45,165001
1278,14-08-2025,14:28:26:662926,602,17.49,52.44,164524
1279,14-08-2025,14:28:28:094926,602,17.5,52.43,163421
1280,14-08-2025,14:28:29:528926,602,17.51,52.44,163109
1281,14-08-2025,14:28:30:961926,602,17.52,52.44,163109
1282,14-08-2025,14:28:33:009926,602,17.51,52.48,155528
1283,14-08-2025,14:28:34:443926,602,17.52,52.54,158563
1284,14-08-2025,14:28:35:880926,602,17.54,52.53,160501
1285,14-08-2025,14:28:37:310926,602,17.55,52.52,160804
1286,14-08-2025,14:28:38:744926,602,17.56,52.52,161259
1287,14-08-2025,14:28:39:974926,602,17.58,52.49,165161
1288,14-08-2025,14:28:41:612926,602,17.56,52.39,162025
1289,14-08-2025,14:28:43:044926,602,17.54,52.32,162179
1290,14-08-2025,14:28:44:478926,602,17.52,52.24,163421
1291,14-08-2025,14:28:45:912926,602,17.49,52.17,164049
1292,14-08-2025,14:28:47:141926,602,17.48,52.11,166938
1293,14-08-2025,14:28:48:575926,602,17.45,52.03,166938
1294,14-08-2025,14:28:50:008926,602,17.43,51.99,166125
1295,14-08-2025,14:28:51:544926,602,17.4,51.98,163735
1296,14-08-2025,14:28:52:877926,602,17.39,51.95,166612
1297,14-08-2025,14:28:54:310926,602,17.38,51.96,166287
1298,14-08-2025,14:28:55:742926,602,17.38,51.95,164842
1299,14-08-2025,14:28:57:176926,602,17.37,51.95,165481
1300,14-08-2025,14:28:58:405926,602,17.39,51.97,167429
1301,14-08-2025,14:28:59:634926,602,17.4,51.98,169592
1302,14-08-2025,14:29:01:067926,602,17.4,51.99,167923
1303,14-08-2025,14:29:02:501926,602,17.41,52,166775
1304,14-08-2025,14:29:04:139926,602,17.4,52.04,164049
1305,14-08-2025,14:29:05:368926,602,17.42,52.08,166287
1306,14-08-2025,14:29:06:800926,602,17.42,52.09,165642
1307,14-08-2025,14:29:08:235926,602,17.43,52.1,165001
1308,14-08-2025,14:29:09:670926,602,17.44,52.14,164049
1309,14-08-2025,14:29:11:102926,602,17.45,52.2,163735
1310,14-08-2025,14:29:12:536926,602,17.46,52.26,163735
1311,14-08-2025,14:29:13:765926,602,17.48,52.31,167265
1312,14-08-2025,14:29:15:199926,602,17.49,52.35,165642
1313,14-08-2025,14:29:16:632926,602,17.5,52.36,164842
1314,14-08-2025,14:29:18:065926,602,17.5,52.32,165001
1315,14-08-2025,14:29:19:501926,602,17.5,52.27,164207
1316,14-08-2025,14:29:20:934926,602,17.5,52.19,164683
1317,14-08-2025,14:29:22:367926,602,17.5,52.11,165642
1318,14-08-2025,14:29:23:800926,602,17.5,52.06,165642
1319,14-08-2025,14:29:25:234926,602,17.49,51.99,165161
1320,14-08-2025,14:29:26:667926,602,17.47,51.88,165964
1321,14-08-2025,14:29:27:896926,602,17.46,51.79,168255
1322,14-08-2025,14:29:29:329926,602,17.44,51.69,167265
1323,14-08-2025,14:29:30:763926,602,17.41,51.58,167923
1324,14-08-2025,14:29:32:199926,602,17.38,51.53,166287
1325,14-08-2025,14:29:33:425926,602,17.37,51.49,168421
1326,14-08-2025,14:29:34:859926,602,17.35,51.47,169088
1327,14-08-2025,14:29:36:702926,602,17.32,51.48,161871
1328,14-08-2025,14:29:37:931926,602,17.32,51.54,166612
1329,14-08-2025,14:29:39:365926,602,17.31,51.54,165321
1330,14-08-2025,14:29:40:798926,602,17.3,51.58,165964
1331,14-08-2025,14:29:42:233926,602,17.3,51.6,166287
1332,14-08-2025,14:29:43:674926,602,17.3,51.6,165481
1333,14-08-2025,14:29:44:896926,602,17.32,51.61,168921
1334,14-08-2025,14:29:46:328926,602,17.31,51.59,166938
1335,14-08-2025,14:29:47:557926,602,17.33,51.58,169424
1336,14-08-2025,14:29:48:990926,602,17.33,51.58,167923
1337,14-08-2025,14:29:50:424926,602,17.33,51.6,166775
1338,14-08-2025,14:29:51:653926,602,17.34,51.6,168754
1339,14-08-2025,14:29:53:086926,602,17.35,51.57,168089
1340,14-08-2025,14:29:54:522926,602,17.35,51.58,166775
1341,14-08-2025,14:29:55:953926,602,17.36,51.58,165964
1342,14-08-2025,14:29:57:387926,602,17.37,51.59,165161
1343,14-08-2025,14:29:58:823926,602,17.38,51.64,165642
1344,14-08-2025,14:30:00:254926,602,17.39,51.69,164524
1345,14-08-2025,14:30:01:688926,602,17.39,51.71,164683
1346,14-08-2025,14:30:03:121926,602,17.38,51.7,164842
1347,14-08-2025,14:30:04:555926,602,17.37,51.67,165642
1348,14-08-2025,14:30:05:989926,602,17.37,51.62,165161
1349,14-08-2025,14:30:07:422926,602,17.36,51.62,165001
1350,14-08-2025,14:30:08:663926,602,17.36,51.59,167594
1351,14-08-2025,14:30:09:880926,602,17.36,51.57,170099
1352,14-08-2025,14:30:11:315926,602,17.34,51.53,168421
1353,14-08-2025,14:30:12:747926,602,17.32,51.53,167594
1354,14-08-2025,14:30:14:180926,602,17.3,51.54,166612
1355,14-08-2025,14:30:15:409926,602,17.3,51.59,168921
1356,14-08-2025,14:30:16:843926,602,17.29,51.62,167758
1357,14-08-2025,14:30:18:276926,602,17.28,51.66,167101
1358,14-08-2025,14:30:19:710926,602,17.28,51.72,166125
1359,14-08-2025,14:30:21:144926,602,17.28,51.81,166125
1360,14-08-2025,14:30:22:681926,602,17.28,51.9,163735
1361,14-08-2025,14:30:24:021926,602,17.29,51.99,165321
1362,14-08-2025,14:30:25:444926,602,17.3,52.08,164683
1363,14-08-2025,14:30:26:879926,602,17.31,52.16,164524
1364,14-08-2025,14:30:28:557926,602,17.31,52.28,162025
1365,14-08-2025,14:30:29:950926,602,17.32,52.41,162179
1366,14-08-2025,14:30:31:384926,602,17.33,52.51,162798
1367,14-08-2025,14:30:32:817926,602,17.34,52.58,162333
1368,14-08-2025,14:30:34:458926,602,17.35,52.67,160200
1369,14-08-2025,14:30:35:685926,602,17.37,52.72,163578
1370,14-08-2025,14:30:37:118926,602,17.38,52.68,164683
1371,14-08-2025,14:30:38:554926,602,17.39,52.62,163265
1372,14-08-2025,14:30:39:985926,602,17.4,52.55,164365
1373,14-08-2025,14:30:41:215926,602,17.41,52.51,165964
1374,14-08-2025,14:30:42:648926,602,17.42,52.42,164683
1375,14-08-2025,14:30:44:081926,602,17.42,52.34,164207
1376,14-08-2025,14:30:45:515926,602,17.42,52.26,164207
1377,14-08-2025,14:30:46:949926,602,17.41,52.19,164842
1378,14-08-2025,14:30:48:387926,602,17.4,52.06,165803
1379,14-08-2025,14:30:49:816926,602,17.39,51.98,164683
1380,14-08-2025,14:30:51:047926,602,17.38,51.89,167923
1381,14-08-2025,14:30:52:479007,602,17.36,51.79,167923
1382,14-08-2025,14:30:53:912926,602,17.33,51.71,167429
1383,14-08-2025,14:30:55:350926,602,17.32,51.67,165803
1384,14-08-2025,14:30:56:779997,602,17.3,51.66,166612
1385,14-08-2025,14:30:58:213926,602,17.28,51.65,165803
1386,14-08-2025,14:30:59:648926,602,17.27,51.66,165642
1387,14-08-2025,14:31:01:080926,602,17.26,51.67,165964
1388,14-08-2025,14:31:02:924926,602,17.23,51.66,161718
1389,14-08-2025,14:31:04:155926,602,17.23,51.69,164683
1390,14-08-2025,14:31:05:586926,602,17.23,51.66,165001
1391,14-08-2025,14:31:07:019926,602,17.22,51.65,165161
1392,14-08-2025,14:31:08:452926,602,17.22,51.63,165321
1393,14-08-2025,14:31:09:893926,602,17.22,51.64,165001
1394,14-08-2025,14:31:11:115926,602,17.24,51.67,167265
1395,14-08-2025,14:31:12:755926,602,17.23,51.66,164365
1396,14-08-2025,14:31:14:189926,602,17.23,51.68,165001
1397,14-08-2025,14:31:16:849930,602,17.21,51.75,150058
1398,14-08-2025,14:31:18:285926,602,17.22,51.85,155104
1399,14-08-2025,14:31:19:719926,602,17.23,51.89,157393
1400,14-08-2025,14:31:20:947926,602,17.26,51.93,162953
1401,14-08-2025,14:31:22:379926,602,17.27,51.95,162333
1402,14-08-2025,14:31:23:815926,602,17.29,52.01,162488
1403,14-08-2025,14:31:25:246926,602,17.3,52.02,161871
1404,14-08-2025,14:31:26:680926,602,17.31,52.03,163421
1405,14-08-2025,14:31:28:113926,602,17.31,52.02,162953
1406,14-08-2025,14:31:29:547926,602,17.31,51.97,164683
1407,14-08-2025,14:31:30:981926,602,17.3,51.89,163578
1408,14-08-2025,14:31:32:416926,602,17.29,51.81,164842
1409,14-08-2025,14:31:33:848926,602,17.27,51.69,164365
1410,14-08-2025,14:31:35:283926,602,17.23,51.55,165481
1411,14-08-2025,14:31:36:716926,602,17.2,51.44,165001
1412,14-08-2025,14:31:38:151926,602,17.17,51.35,167101
1413,14-08-2025,14:31:39:583926,602,17.13,51.32,166125
1414,14-08-2025,14:31:40:811926,602,17.12,51.3,168421
1415,14-08-2025,14:31:42:244980,602,17.1,51.29,167429
1416,14-08-2025,14:31:43:681926,602,17.08,51.3,166938
1417,14-08-2025,14:31:45:114926,602,17.06,51.33,166775
1418,14-08-2025,14:31:46:751926,602,17.05,51.39,163735
1419,14-08-2025,14:31:48:188926,602,17.04,51.45,163892
1420,14-08-2025,14:31:49:617926,602,17.05,51.5,164683
1421,14-08-2025,14:31:51:052926,602,17.05,51.53,165001
1422,14-08-2025,14:31:52:485926,602,17.06,51.56,165964
1423,14-08-2025,14:31:53:924926,602,17.07,51.59,165481
1424,14-08-2025,14:31:55:556926,602,17.08,51.65,162488
1425,14-08-2025,14:31:56:990926,602,17.09,51.69,162642
1426,14-08-2025,14:31:58:424926,602,17.1,51.71,163735
1427,14-08-2025,14:31:59:859926,602,17.12,51.76,164683
1428,14-08-2025,14:32:01:291926,602,17.13,51.79,163578
1429,14-08-2025,14:32:02:724926,602,17.15,51.84,164365
1430,14-08-2025,14:32:04:158926,602,17.16,51.87,163892
1431,14-08-2025,14:32:05:593926,602,17.17,51.87,163735
1432,14-08-2025,14:32:07:027926,602,17.19,51.9,164207
1433,14-08-2025,14:32:08:561926,602,17.19,51.92,162488
1434,14-08-2025,14:32:09:892926,602,17.2,51.91,164365
1435,14-08-2025,14:32:11:326926,602,17.2,51.84,165321
,,,,,,
,,,,,,
,,,,,,
,,,,,,
,,,,,,
,,,,,,
,,,,,,
,,,,,,
,,,,,,
,,,,,,
,,,,,,
,,,,,,
,,,,,,
,,,,,,
,,,,,,
,,,,,,
,,,,,,
,,,,,,
,,,,,,
,,,,,,
,,,,,,
,,,,,,
,,,,,,
,,,,,,
,,,,,,
,,,,,,
,,,,,,
,,,,,,
,,,,,,
,,,,,,
,,,,,,
,,,,,,
,,,,,,
,,,,,,
,,,,,,
,,,,,,
,,,,,,
,,,,,,
,,,,,,
,,,,,,
,,,,,,
,,,,,,
,,,,,,
,,,,,,
,,,,,,
,,,,,,
,,,,,,
,,,,,,
,,,,,,
,,,,,,
,,,,,,
,,,,,,
,,,,,,
,,,,,,
,,,,,,
,,,,,,
,,,,,,
,,,,,,
,,,,,,
,,,,,,
,,,,,,
,,,,,,
,,,,,,
,,,,,,
,,,,,,
,,,,,,
,,,,,,
,,,,,,
,,,,,,
,,,,,,
,,,,,,
,,,,,,
,,,,,,
,,,,,,
,,,,,,
,,,,,,
,,,,,,
,,,,,,
,,,,,,
,,,,,,
,,,,,,
,,,,,,
,,,,,,
,,,,,,
,,,,,,
,,,,,,
,,,,,,
,,,,,,
,,,,,,
,,,,,,
,,,,,,
,,,,,,
,,,,,,
,,,,,,
,,,,,,
,,,,,,
,,,,,,
,,,,,,
,,,,,,
,,,,,,
,,,,,,
,,,,,,
,,,,,,
,,,,,,
,,,,,,
,,,,,,
,,,,,,
,,,,,,
,,,,,,
,,,,,,
,,,,,,
,,,,,,
,,,,,,
,,,,,,
,,,,,,
,,,,,,
,,,,,,
,,,,,,
,,,,,,
,,,,,,
,,,,,,
,,,,,,
,,,,,,
,,,,,,
,,,,,,
,,,,,,
,,,,,,
,,,,,,
,,,,,,
,,,,,,
,,,,,,
,,,,,,
,,,,,,
,,,,,,
,,,,,,
,,,,,,
,,,,,,
,,,,,,
,,,,,,
,,,,,,
,,,,,,
,,,,,,
,,,,,,
,,,,,,
,,,,,,
,,,,,,
,,,,,,
,,,,,,
,,,,,,
,,,,,,
,,,,,,
,,,,,,
,,,,,,
,,,,,,
,,,,,,
,,,,,,
,,,,,,
,,,,,,
,,,,,,
,,,,,,
,,,,,,
,,,,,,
,,,,,,
,,,,,,
,,,,,,
,,,,,,
,,,,,,
,,,,,,
,,,,,,
,,,,,,
,,,,,,
,,,,,,
,,,,,,
,,,,,,
,,,,,,
,,,,,,
,,,,,,
,,,,,,
,,,,,,
,,,,,,
,,,,,,
,,,,,,
,,,,,,
,,,,,,
,,,,,,
,,,,,,
,,,,,,
,,,,,,
,,,,,,
,,,,,,
,,,,,,
,,,,,,
,,,,,,
,,,,,,
,,,,,,
,,,,,,
,,,,,,
,,,,,,
,,,,,,
,,,,,,
,,,,,,
,,,,,,
,,,,,,
,,,,,,
,,,,,,
,,,,,,
,,,,,,
,,,,,,
,,,,,,
,,,,,,
,,,,,,
,,,,,,
,,,,,,
,,,,,,
,,,,,,
,,,,,,
,,,,,,
,,,,,,
,,,,,,
,,,,,,
,,,,,,
,,,,,,
,,,,,,
,,,,,,
,,,,,,
,,,,,,
,,,,,,
,,,,,,
,,,,,,
,,,,,,
,,,,,,
,,,,,,
,,,,,,
,,,,,,
,,,,,,
,,,,,,
,,,,,,
,,,,,,
,,,,,,
,,,,,,
,,,,,,
,,,,,,
,,,,,,
,,,,,,
,,,,,,
,,,,,,
,,,,,,
,,,,,,
,,,,,,
,,,,,,
,,,,,,
,,,,,,
,,,,,,
,,,,,,
,,,,,,
,,,,,,
,,,,,,
,,,,,,
,,,,,,
,,,,,,
,,,,,,
,,,,,,
,,,,,,
,,,,,,
,,,,,,
,,,,,,
,,,,,,
,,,,,,
,,,,,,
,,,,,,
,,,,,,
,,,,,,
,,,,,,
,,,,,,
,,,,,,
,,,,,,
,,,,,,
,,,,,,
,,,,,,
,,,,,,
,,,,,,
,,,,,,
,,,,,,
,,,,,,
,,,,,,
,,,,,,
,,,,,,
,,,,,,
,,,,,,
,,,,,,
,,,,,,
,,,,,,
,,,,,,
,,,,,,
,,,,,,
,,,,,,
,,,,,,
,,,,,,
,,,,,,
,,,,,,
,,,,,,
,,,,,,
,,,,,,
,,,,,,
,,,,,,
,,,,,,
,,,,,,
,,,,,,
,,,,,,
,,,,,,
,,,,,,
,,,,,,
,,,,,,
,,,,,,
,,,,,,
,,,,,,
,,,,,,
,,,,,,
,,,,,,
,,,,,,
,,,,,,
,,,,,,
,,,,,,
,,,,,,
,,,,,,
,,,,,,
,,,,,,
,,,,,,
,,,,,,
,,,,,,
,,,,,,
,,,,,,
,,,,,,
,,,,,,
,,,,,,
,,,,,,
,,,,,,
,,,,,,
,,,,,,
,,,,,,
,,,,,,
,,,,,,
,,,,,,
,,,,,,
,,,,,,
,,,,,,
,,,,,,
,,,,,,
,,,,,,
,,,,,,
,,,,,,
,,,,,,
,,,,,,
,,,,,,
,,,,,,
,,,,,,
,,,,,,
,,,,,,
,,,,,,
,,,,,,
,,,,,,
,,,,,,
,,,,,,
,,,,,,
,,,,,,
,,,,,,
,,,,,,
,,,,,,
,,,,,,
,,,,,,
,,,,,,
,,,,,,
,,,,,,
,,,,,,
,,,,,,
,,,,,,
,,,,,,
,,,,,,
,,,,,,
,,,,,,
,,,,,,
,,,,,,
,,,,,,
,,,,,,
,,,,,,
,,,,,,
,,,,,,
,,,,,,
,,,,,,
,,,,,,
,,,,,,
,,,,,,
,,,,,,
,,,,,,
,,,,,,
,,,,,,
,,,,,,
,,,,,,
,,,,,,
,,,,,,
,,,,,,
,,,,,,
,,,,,,
,,,,,,
,,,,,,
,,,,,,
,,,,,,
,,,,,,
,,,,,,
,,,,,,
,,,,,,
,,,,,,
,,,,,,
,,,,,,
,,,,,,
,,,,,,
,,,,,,
,,,,,,
,,,,,,
,,,,,,
,,,,,,
,,,,,,
,,,,,,
,,,,,,
,,,,,,
,,,,,,
,,,,,,
,,,,,,
,,,,,,
,,,,,,
