SNO,Date,Time,MQ138,Voltage_V
1,26-09-2025,14:22:12:084285,2707,4.12
2,26-09-2025,14:22:15:981285,2749,4.12
3,26-09-2025,14:22:18:843285,2651,4.18
4,26-09-2025,14:22:21:703285,2640,4.16
5,26-09-2025,14:22:24:783284,2627,4.18
6,26-09-2025,14:22:28:263286,2607,4.17
7,26-09-2025,14:22:31:333284,2607,4.18
8,26-09-2025,14:22:34:814285,2631,4.17
9,26-09-2025,14:22:38:103284,2662,4.18
10,26-09-2025,14:22:41:182285,2635,4.17
11,26-09-2025,14:22:44:444285,2639,4.18
12,26-09-2025,14:22:47:538284,2629,4.11
13,26-09-2025,14:22:50:382285,2625,4.04
14,26-09-2025,14:22:53:664285,2631,4.07
15,26-09-2025,14:22:56:732285,2618,4.07
16,26-09-2025,14:23:00:618285,2621,4.06
17,26-09-2025,14:23:04:306285,2623,4.06
18,26-09-2025,14:23:07:186285,2614,4.07
19,26-09-2025,14:23:10:044285,2605,4.05
20,26-09-2025,14:23:13:126284,2603,4.06
21,26-09-2025,14:23:16:383285,2626,4.06
22,26-09-2025,14:23:19:256285,2600,4.02
23,26-09-2025,14:23:22:540285,2595,4.06
24,26-09-2025,14:23:25:411284,2594,4.06
25,26-09-2025,14:23:28:470285,2612,4.06
26,26-09-2025,14:23:31:540285,2593,4.06
27,26-09-2025,14:23:34:819285,2615,4.01
28,26-09-2025,14:23:37:900285,2595,4.06
29,26-09-2025,14:23:40:963285,2593,4.01
30,26-09-2025,14:23:44:240285,2614,4.02
31,26-09-2025,14:23:47:116285,2609,4.2
32,26-09-2025,14:23:50:802285,2591,4.03
33,26-09-2025,14:23:53:867285,2593,4.01
34,26-09-2025,14:23:56:942284,2589,4.03
35,26-09-2025,14:23:59:604284,2618,4.1
36,26-09-2025,14:24:02:881285,2597,4.01
37,26-09-2025,14:24:05:956284,2587,4.03
38,26-09-2025,14:24:09:020285,2594,4.09
39,26-09-2025,14:24:12:709285,2592,4.01
40,26-09-2025,14:24:15:576285,2613,4.06
41,26-09-2025,14:24:18:492285,2587,4.06
42,26-09-2025,14:24:21:720355,2590,4.08
43,26-09-2025,14:24:24:693285,2587,4.07
44,26-09-2025,14:24:27:665284,2589,4.07
45,26-09-2025,14:24:30:327284,2591,4.07
46,26-09-2025,14:24:33:596285,2590,4.03
47,26-09-2025,14:24:36:676285,2595,4.03
48,26-09-2025,14:24:39:971284,2590,4.02
49,26-09-2025,14:24:42:830284,2592,4.06
50,26-09-2025,14:24:45:686285,2593,4.02
51,26-09-2025,14:24:48:758285,2590,4.04
52,26-09-2025,14:24:52:440285,2617,4.19
53,26-09-2025,14:24:55:522285,2618,4.03
54,26-09-2025,14:24:58:823284,2594,4.08
55,26-09-2025,14:25:02:271285,2592,4.1
56,26-09-2025,14:25:04:731285,2589,4.08
57,26-09-2025,14:25:07:804285,2592,4.06
58,26-09-2025,14:25:11:285285,2598,4.05
59,26-09-2025,14:25:16:811284,2615,4.03
60,26-09-2025,14:25:19:881285,2623,4.03
61,26-09-2025,14:25:23:579284,2618,3.97
62,26-09-2025,14:25:26:436285,2613,4.06
63,26-09-2025,14:25:29:927285,2615,4.04
64,26-09-2025,14:25:33:403284,2623,4.02
65,26-09-2025,14:25:37:913285,2620,4.1
66,26-09-2025,14:25:40:881285,2595,4.03
67,26-09-2025,14:25:44:258285,2617,4.03
68,26-09-2025,14:25:47:526285,2596,4.06
69,26-09-2025,14:25:51:623285,2619,4.03
70,26-09-2025,14:25:55:105285,2616,4.01
71,26-09-2025,14:25:59:409285,2617,4.03
72,26-09-2025,14:26:02:277285,2595,4.01
73,26-09-2025,14:26:05:967284,2614,4.17
74,26-09-2025,14:26:09:243285,2624,4.04
75,26-09-2025,14:26:12:726284,2596,4.09
76,26-09-2025,14:26:16:003284,2593,4.06
77,26-09-2025,14:26:19:483285,2617,4.02
78,26-09-2025,14:26:22:959285,2618,4
79,26-09-2025,14:26:25:868284,2596,4.07
80,26-09-2025,14:26:29:513285,2618,4.02
81,26-09-2025,14:26:35:899282,2621,4
82,26-09-2025,14:26:39:363285,2592,3.93
83,26-09-2025,14:26:43:246285,2595,4.01
84,26-09-2025,14:26:49:415281,2614,3.99
85,26-09-2025,14:26:52:859285,2621,4.04
86,26-09-2025,14:26:56:357284,2615,4.02
87,26-09-2025,14:26:59:425285,2587,4.04
88,26-09-2025,14:27:02:694285,2620,4.03
89,26-09-2025,14:27:05:773285,2597,4
90,26-09-2025,14:27:09:654285,2614,4.12
91,26-09-2025,14:27:12:933285,2589,4.05
92,26-09-2025,14:27:16:224285,2592,4.01
93,26-09-2025,14:27:20:714284,2594,4.04
94,26-09-2025,14:27:25:121285,2618,4.16
95,26-09-2025,14:27:30:667311,2579,4.01
96,26-09-2025,14:27:36:293285,2591,4.01
97,26-09-2025,14:27:39:792284,2589,3.96
98,26-09-2025,14:27:43:349285,2619,4.03
99,26-09-2025,14:27:46:518285,2614,4.05
100,26-09-2025,14:27:49:587285,2592,4.01
101,26-09-2025,14:27:53:276285,2609,3.99
102,26-09-2025,14:27:56:766285,2594,4.02
103,26-09-2025,14:28:00:246285,2610,4.01
104,26-09-2025,14:28:05:160285,2609,4.02
105,26-09-2025,14:28:08:842285,2610,4.03
106,26-09-2025,14:28:12:118285,2608,4.21
107,26-09-2025,14:28:16:218285,2590,4.01
108,26-09-2025,14:28:20:107284,2591,4.03
109,26-09-2025,14:28:23:790285,2589,4.02
110,26-09-2025,14:28:27:275285,2587,4
111,26-09-2025,14:28:30:760285,2610,4
112,26-09-2025,14:28:33:850285,2611,4.03
113,26-09-2025,14:28:38:132285,2614,4.04
114,26-09-2025,14:28:41:616285,2611,4.02
115,26-09-2025,14:28:48:569284,2588,4.03
116,26-09-2025,14:28:51:852285,2615,4.03
117,26-09-2025,14:28:54:925284,2587,4.05
118,26-09-2025,14:28:58:210285,2611,4.03
119,26-09-2025,14:29:02:714285,2614,4.01
120,26-09-2025,14:29:06:388285,2591,4.03
121,26-09-2025,14:29:09:797285,2583,4.03
122,26-09-2025,14:29:13:574285,2589,4.03
123,26-09-2025,14:29:16:852284,2611,4.03
124,26-09-2025,14:29:21:546284,2609,4.01
125,26-09-2025,14:29:27:078285,2608,4.03
126,26-09-2025,14:29:31:784285,2608,4.02
127,26-09-2025,14:29:36:696285,2591,4.01
128,26-09-2025,14:29:40:179285,2611,4.01
129,26-09-2025,14:29:44:685352,2586,4.04
130,26-09-2025,14:29:50:442285,2586,4
131,26-09-2025,14:29:55:132285,2613,4.01
132,26-09-2025,14:29:59:030285,2585,4.01
133,26-09-2025,14:30:02:918284,2588,4.02
134,26-09-2025,14:30:07:032285,2609,4.01
135,26-09-2025,14:30:11:526285,2608,4.02
136,26-09-2025,14:30:15:411285,2608,4.01
137,26-09-2025,14:30:18:681285,2608,4.03
138,26-09-2025,14:30:22:167285,2609,4.17
139,26-09-2025,14:30:25:655285,2586,4.01
140,26-09-2025,14:30:28:924285,2581,4.01
141,26-09-2025,14:30:33:019284,2613,4
142,26-09-2025,14:30:37:735285,2607,4.02
143,26-09-2025,14:30:42:443285,2608,4.03
144,26-09-2025,14:30:46:235284,2608,4.03
145,26-09-2025,14:30:49:821285,2586,4.04
146,26-09-2025,14:30:53:509285,2611,4.11
147,26-09-2025,14:30:57:802285,2589,4.04
148,26-09-2025,14:31:01:600285,2605,4.04
149,26-09-2025,14:31:05:797285,2611,4.18
150,26-09-2025,14:31:09:679285,2586,4.02
151,26-09-2025,14:31:13:985285,2585,4.19
152,26-09-2025,14:31:18:075285,2602,4.01
153,26-09-2025,14:31:23:203285,2590,4.05
154,26-09-2025,14:31:26:478285,2559,4.04
155,26-09-2025,14:31:32:209285,2608,4.08
156,26-09-2025,14:31:36:097285,2605,3.99
157,26-09-2025,14:31:39:795284,2607,4.03
158,26-09-2025,14:31:43:685285,2605,4.01
159,26-09-2025,14:31:47:188285,2579,4.02
160,26-09-2025,14:31:51:053285,2603,4.03
161,26-09-2025,14:31:54:361285,2578,4.01
162,26-09-2025,14:31:58:011285,2611,4.01
163,26-09-2025,14:32:02:519284,2589,3.98
164,26-09-2025,14:32:06:615285,2608,4.02
165,26-09-2025,14:32:11:526285,2579,4
166,26-09-2025,14:32:16:238285,2603,4.04
167,26-09-2025,14:32:22:634282,2587,4.02
168,26-09-2025,14:32:26:893285,2608,4.02
169,26-09-2025,14:32:29:965285,2559,4.05
170,26-09-2025,14:32:34:262285,2583,4.02
171,26-09-2025,14:32:39:391285,2606,4.03
172,26-09-2025,14:32:44:504285,2579,4.05
173,26-09-2025,14:32:48:133451,2559,4.03
174,26-09-2025,14:32:52:390284,2607,4.02
175,26-09-2025,14:32:56:688284,2608,4.04
176,26-09-2025,14:32:59:762285,2601,4.03
177,26-09-2025,14:33:03:651285,2559,4.01
178,26-09-2025,14:33:06:930285,2605,4.03
179,26-09-2025,14:33:10:005285,2601,4.03
180,26-09-2025,14:33:13:281285,2559,4.01
181,26-09-2025,14:33:17:173285,2603,4.02
182,26-09-2025,14:33:20:654285,2559,4.02
183,26-09-2025,14:33:24:746284,2603,4
184,26-09-2025,14:33:28:034285,2599,4.04
185,26-09-2025,14:33:31:103284,2559,4.01
186,26-09-2025,14:33:35:394284,2606,4.03
187,26-09-2025,14:33:38:474285,2602,4.03
188,26-09-2025,14:33:41:745284,2559,4.06
189,26-09-2025,14:33:45:228285,2559,4.06
190,26-09-2025,14:33:49:120285,2602,4.01
191,26-09-2025,14:33:53:630450,2559,4.01
192,26-09-2025,14:33:57:524285,2559,4.03
193,26-09-2025,14:34:01:210285,2605,4.02
194,26-09-2025,14:34:05:304285,2559,4.01
195,26-09-2025,14:34:08:590285,2559,4.03
196,26-09-2025,14:34:11:648285,2559,4.01
197,26-09-2025,14:34:14:926285,2559,4.01
198,26-09-2025,14:34:17:792285,2559,4.04
199,26-09-2025,14:34:21:284285,2580,4.16
200,26-09-2025,14:34:25:882284,2559,4.11
201,26-09-2025,14:34:31:469285,2594,4.03
202,26-09-2025,14:34:35:410284,2559,4.01
203,26-09-2025,14:34:38:886285,2559,4.01
204,26-09-2025,14:34:42:378285,2463,4.03
205,26-09-2025,14:34:45:748285,2463,4.03
206,26-09-2025,14:34:55:110281,2481,4.01
207,26-09-2025,14:34:58:751285,2490,4.01
208,26-09-2025,14:35:02:644285,2499,4.06
209,26-09-2025,14:35:06:325285,2507,4.04
210,26-09-2025,14:35:09:401285,2507,4.01
211,26-09-2025,14:35:12:677285,2510,4.04
212,26-09-2025,14:35:15:958284,2509,4.05
213,26-09-2025,14:35:20:866285,2512,4.03
214,26-09-2025,14:35:24:356285,2511,4.02
215,26-09-2025,14:35:27:842285,2542,4.02
216,26-09-2025,14:35:31:109285,2541,4.19
217,26-09-2025,14:35:34:791284,2500,4.03
218,26-09-2025,14:35:37:871284,2501,3.97
219,26-09-2025,14:35:41:458284,2533,4.01
220,26-09-2025,14:35:44:834285,2511,4.04
221,26-09-2025,14:35:48:931285,2541,4
222,26-09-2025,14:35:51:792285,2499,4.01
223,26-09-2025,14:35:54:679285,2506,3.98
224,26-09-2025,14:35:57:733285,2508,4.07
225,26-09-2025,14:36:01:825285,2538,4.02
226,26-09-2025,14:36:04:701285,2538,4.02
227,26-09-2025,14:36:07:771285,2500,4.03
228,26-09-2025,14:36:11:055284,2503,4.1
229,26-09-2025,14:36:14:240285,2499,4.01
230,26-09-2025,14:36:16:984285,2506,4.03
231,26-09-2025,14:36:20:269285,2530,4
232,26-09-2025,14:36:23:950285,2506,4.01
233,26-09-2025,14:36:27:431285,2503,4.03
234,26-09-2025,14:36:30:705285,2503,4.03
235,26-09-2025,14:36:33:783285,2499,4.01
236,26-09-2025,14:36:36:848285,2502,4.02
237,26-09-2025,14:36:40:137285,2499,4.01
238,26-09-2025,14:36:44:017285,2506,4.08
239,26-09-2025,14:36:47:499285,2508,3.98
240,26-09-2025,14:36:51:393285,2502,4.03
241,26-09-2025,14:36:54:483285,2541,4.05
242,26-09-2025,14:36:57:746284,2499,4.02
243,26-09-2025,14:37:00:809285,2540,4.04
244,26-09-2025,14:37:04:287284,2507,4.04
245,26-09-2025,14:37:07:564285,2506,4.02
246,26-09-2025,14:37:11:262285,2496,4.03
247,26-09-2025,14:37:14:541285,2502,4.02
248,26-09-2025,14:37:17:815285,2499,4.01
249,26-09-2025,14:37:21:491285,2535,4.17
250,26-09-2025,14:37:25:181285,2501,4.02
251,26-09-2025,14:37:28:665285,2534,4.04
252,26-09-2025,14:37:31:730285,2496,4.05
253,26-09-2025,14:37:35:417285,2498,4.02
254,26-09-2025,14:37:38:306285,2530,4.03
255,26-09-2025,14:37:41:360285,2502,4.06
256,26-09-2025,14:37:45:660285,2502,4.06
257,26-09-2025,14:37:49:147285,2534,3.95
258,26-09-2025,14:37:52:216285,2537,4.01
259,26-09-2025,14:37:56:309284,2503,4.04
260,26-09-2025,14:37:59:188284,2496,4.03
261,26-09-2025,14:38:02:249285,2499,4.01
262,26-09-2025,14:38:05:123285,2532,4.04
263,26-09-2025,14:38:08:189285,2537,4.03
264,26-09-2025,14:34:49:021285,2484,4.02
265,26-09-2025,14:38:11:270285,2497,4.03
266,26-09-2025,14:38:15:974285,2535,4.01
267,26-09-2025,14:38:19:256296,2498,4.01
268,26-09-2025,14:38:23:544285,2498,4.03
269,26-09-2025,14:38:27:438284,2530,4.06
270,26-09-2025,14:38:30:938285,2496,4.04
271,26-09-2025,14:38:36:884285,2539,4.02
272,26-09-2025,14:38:42:190284,2499,4.02
273,26-09-2025,14:38:45:466339,2498,4
274,26-09-2025,14:38:49:146285,2496,4.01
275,26-09-2025,14:38:52:423285,2531,4.01
276,26-09-2025,14:38:55:700284,2535,4.01
277,26-09-2025,14:38:59:188285,2528,4.01
278,26-09-2025,14:39:02:278285,2526,4.02
279,26-09-2025,14:39:05:536285,2534,4.01
280,26-09-2025,14:39:09:225285,2494,3.99
281,26-09-2025,14:39:12:300285,2494,4.03
282,26-09-2025,14:39:15:156285,2495,3.99
283,26-09-2025,14:39:18:435284,2535,4.01
284,26-09-2025,14:39:23:556285,2531,4
285,26-09-2025,14:39:27:042285,2533,4.05
286,26-09-2025,14:39:30:318285,2539,4.01
287,26-09-2025,14:39:36:727282,2543,4.06
288,26-09-2025,14:39:40:564285,2495,4.02
289,26-09-2025,14:39:43:627284,2494,4.01
290,26-09-2025,14:39:47:116354,2533,4.07
291,26-09-2025,14:39:50:390284,2529,4
292,26-09-2025,14:39:53:872285,2528,4.01
293,26-09-2025,14:39:57:356285,2531,4.01
294,26-09-2025,14:40:01:031285,2530,3.96
295,26-09-2025,14:40:04:523284,2498,4.01
296,26-09-2025,14:40:08:614285,2499,3.99
297,26-09-2025,14:40:11:896285,2499,3.98
298,26-09-2025,14:40:15:270285,2532,4.19
299,26-09-2025,14:40:19:271285,2498,4.02
300,26-09-2025,14:40:22:745285,2441,4.04
301,26-09-2025,14:40:25:813285,2448,3.98
302,26-09-2025,14:40:30:117285,2449,4.01
303,26-09-2025,14:40:33:618284,2449,4.03
304,26-09-2025,14:40:37:087285,2451,4.01
305,26-09-2025,14:40:41:173285,2499,4.01
306,26-09-2025,14:40:44:451285,2505,4.01
307,26-09-2025,14:40:47:734295,2463,4.08
308,26-09-2025,14:40:51:413285,2458,4.07
309,26-09-2025,14:40:54:697285,2501,4
310,26-09-2025,14:40:58:177285,2453,3.99
311,26-09-2025,14:41:01:447285,2504,4.06
312,26-09-2025,14:41:04:522284,2461,4.04
313,26-09-2025,14:41:10:467285,2459,4
314,26-09-2025,14:41:13:945285,2499,4.04
315,26-09-2025,14:41:17:425285,2495,4.01
316,26-09-2025,14:41:20:913285,2497,4.03
317,26-09-2025,14:41:24:185285,2449,4.01
318,26-09-2025,14:41:27:457327,2455,4.02
319,26-09-2025,14:41:31:557284,2458,4.01
320,26-09-2025,14:41:34:828285,2461,4.11
321,26-09-2025,14:41:38:727285,2476,4.03
322,26-09-2025,14:41:42:207284,2519,4.02
323,26-09-2025,14:41:48:589281,2474,4.03
324,26-09-2025,14:41:51:624285,2480,4
325,26-09-2025,14:41:55:115284,2514,4.03
326,26-09-2025,14:41:58:594478,2459,4.03
327,26-09-2025,14:42:01:763285,2514,4.01
328,26-09-2025,14:42:05:345285,2512,4.05
329,26-09-2025,14:42:08:424285,2515,4.02
330,26-09-2025,14:42:12:311285,2520,4.03
331,26-09-2025,14:42:15:175285,2512,4.04
332,26-09-2025,14:42:18:052284,2512,3.96
333,26-09-2025,14:42:21:333285,2480,4.02
334,26-09-2025,14:42:25:237283,2478,3.99
335,26-09-2025,14:42:28:719285,2469,4.16
336,26-09-2025,14:42:33:228286,2468,4.03
337,26-09-2025,14:42:36:067284,2512,4.12
338,26-09-2025,14:42:39:577283,2474,4.01
339,26-09-2025,14:42:43:657283,2515,4.02
340,26-09-2025,14:42:46:536283,2479,4
341,26-09-2025,14:42:51:042285,2514,4.04
342,26-09-2025,14:42:54:509285,2478,4.02
343,26-09-2025,14:42:57:580285,2478,4.05
344,26-09-2025,14:43:00:662284,2475,4.01
345,26-09-2025,14:43:03:941285,2480,4.02
346,26-09-2025,14:43:06:995286,2473,4.02
347,26-09-2025,14:43:10:323284,2447,4
348,26-09-2025,14:43:13:149285,2479,4.04
349,26-09-2025,14:43:16:408285,2480,4.02
350,26-09-2025,14:43:19:896285,2517,4.01
351,26-09-2025,14:43:23:384285,2515,4
352,26-09-2025,14:43:26:861285,2518,4.03
353,26-09-2025,14:43:30:128285,2478,4.01
354,26-09-2025,14:43:33:632285,2475,4.03
355,26-09-2025,14:43:36:916285,2512,4
356,26-09-2025,14:43:40:371285,2512,4
357,26-09-2025,14:43:43:852284,2480,4.03
358,26-09-2025,14:43:47:136285,2513,4.05
359,26-09-2025,14:43:51:432285,2474,4.02
360,26-09-2025,14:43:54:921285,2513,4.01
361,26-09-2025,14:43:57:996285,2477,4
362,26-09-2025,14:44:01:065285,2512,4.01
363,26-09-2025,14:44:04:346285,2479,3.97
364,26-09-2025,14:44:07:620285,2480,4.01
365,26-09-2025,14:44:11:091285,2512,4.05
366,26-09-2025,14:44:14:373285,2512,4.01
367,26-09-2025,14:44:17:649285,2512,4.02
368,26-09-2025,14:44:21:961285,2480,4.01
369,26-09-2025,14:44:25:238285,2511,4
370,26-09-2025,14:44:28:941285,2479,4.12
371,26-09-2025,14:44:32:189285,2485,3.98
372,26-09-2025,14:44:35:465285,2512,4.01
373,26-09-2025,14:44:38:533284,2513,3.99
374,26-09-2025,14:44:42:017284,2480,4.04
375,26-09-2025,14:44:45:321285,2517,4.02
376,26-09-2025,14:44:48:365285,2482,4.06
377,26-09-2025,14:44:51:643285,2513,4.04
378,26-09-2025,14:44:55:338284,2480,4.03
379,26-09-2025,14:44:58:895285,2477,3.99
380,26-09-2025,14:45:01:913285,2480,4.01
381,26-09-2025,14:45:05:581285,2513,4.01
382,26-09-2025,14:45:08:441285,2477,4.03
383,26-09-2025,14:45:11:723285,2512,4.03
384,26-09-2025,14:45:14:791285,2512,4.01
385,26-09-2025,14:45:17:857285,2512,4.03
386,26-09-2025,14:45:21:141285,2513,4.03
387,26-09-2025,14:45:24:415284,2477,4.03
388,26-09-2025,14:45:27:287284,2475,4.02
389,26-09-2025,14:45:30:355285,2512,4.05
390,26-09-2025,14:45:33:427285,2512,4.07
391,26-09-2025,14:45:36:292285,2510,4.07
392,26-09-2025,14:45:39:458284,2471,4.02
393,26-09-2025,14:45:42:637285,2475,4.02
394,26-09-2025,14:45:46:137285,2478,4.02
395,26-09-2025,14:45:49:202285,2478,4.01
396,26-09-2025,14:45:53:087285,2474,4.01
397,26-09-2025,14:45:56:369285,2470,4.09
398,26-09-2025,14:45:59:232285,2468,4.01
399,26-09-2025,14:46:02:516285,2514,4
400,26-09-2025,14:46:06:606284,2480,4.01
401,26-09-2025,14:46:11:723285,2512,4
402,26-09-2025,14:46:15:618285,2511,4
403,26-09-2025,14:46:18:683285,2511,4.01
404,26-09-2025,14:46:21:965285,2470,4.03
405,26-09-2025,14:46:25:444284,2509,4
406,26-09-2025,14:46:28:514285,2473,4.08
407,26-09-2025,14:46:31:581285,2512,3.99
408,26-09-2025,14:46:34:859285,2479,4.01
409,26-09-2025,14:46:38:351285,2511,3.9
410,26-09-2025,14:46:41:626285,2511,4.03
411,26-09-2025,14:46:44:896300,2506,4.01
412,26-09-2025,14:46:47:769284,2479,4.03
413,26-09-2025,14:46:51:451285,2507,4.01
414,26-09-2025,14:46:54:525284,2476,4
415,26-09-2025,14:46:58:028285,2509,4.03
416,26-09-2025,14:47:01:727284,2471,4.04
417,26-09-2025,14:47:04:762308,2476,4.02
418,26-09-2025,14:47:07:633285,2512,4.04
419,26-09-2025,14:47:10:507285,2509,4.01
420,26-09-2025,14:47:13:571285,2475,4.06
421,26-09-2025,14:47:17:050285,2471,4.02
422,26-09-2025,14:47:21:051284,2507,4.01
423,26-09-2025,14:47:24:227285,2509,4
424,26-09-2025,14:47:28:115284,2473,4.05
425,26-09-2025,14:47:32:424285,2511,4.01
426,26-09-2025,14:47:35:689285,2474,4.05
427,26-09-2025,14:47:38:757285,2475,4.04
428,26-09-2025,14:47:41:839285,2473,4
429,26-09-2025,14:47:45:770285,2512,4.01
430,26-09-2025,14:47:48:595284,2513,4.03
431,26-09-2025,14:47:51:876285,2510,4
432,26-09-2025,14:47:54:740285,2479,4.04
433,26-09-2025,14:47:58:012285,2512,4
434,26-09-2025,14:48:02:112285,2475,4
435,26-09-2025,14:48:05:594330,2455,4
436,26-09-2025,14:48:09:487285,2463,4.01
437,26-09-2025,14:48:12:550285,2474,4.03
438,26-09-2025,14:48:15:736285,2509,4.04
439,26-09-2025,14:48:18:902285,2477,3.98
440,26-09-2025,14:48:21:980285,2509,4
441,26-09-2025,14:48:25:862285,2477,4.05
442,26-09-2025,14:48:28:943285,2512,4.01
443,26-09-2025,14:48:32:216285,2509,4
444,26-09-2025,14:48:35:695284,2512,4.09
445,26-09-2025,14:48:39:178285,2510,4.01
446,26-09-2025,14:48:42:458285,2477,4.01
447,26-09-2025,14:48:46:342285,2509,4.01
448,26-09-2025,14:48:49:628285,2468,4.01
449,26-09-2025,14:48:53:516285,2509,4.03
450,26-09-2025,14:48:57:206285,2473,4.04
451,26-09-2025,14:49:00:280285,2507,3.99
452,26-09-2025,14:49:03:546285,2476,3.99
453,26-09-2025,14:49:07:028285,2503,3.97
454,26-09-2025,14:49:10:307285,2502,4.06
455,26-09-2025,14:49:13:996285,2512,4.04
456,26-09-2025,14:49:17:274285,2470,4.02
457,26-09-2025,14:49:20:338285,2467,4.02
458,26-09-2025,14:49:23:624285,2465,4.01
459,26-09-2025,14:49:26:899285,2512,4.01
460,26-09-2025,14:49:31:812285,2467,4.01
461,26-09-2025,14:49:34:878284,2467,4.03
462,26-09-2025,14:49:39:569285,2473,4.01
463,26-09-2025,14:49:42:864284,2502,4
464,26-09-2025,14:49:46:765285,2464,4.01
465,26-09-2025,14:49:50:246285,2503,4.05
466,26-09-2025,14:49:53:518285,2505,4.03
467,26-09-2025,14:49:56:807285,2501,4.01
468,26-09-2025,14:49:59:869285,2467,4.02
469,26-09-2025,14:50:03:965285,2465,4.02
470,26-09-2025,14:50:07:052285,2465,4.02
471,26-09-2025,14:50:10:312285,2505,4.05
472,26-09-2025,14:50:14:424285,2502,4
473,26-09-2025,14:50:19:325285,2470,4.01
474,26-09-2025,14:50:23:424285,2467,4.1
475,26-09-2025,14:50:26:499285,2498,4.11
476,26-09-2025,14:50:29:977285,2503,4.05
477,26-09-2025,14:50:33:453284,2507,4.04
478,26-09-2025,14:50:36:942284,2499,4.11
479,26-09-2025,14:50:40:225285,2457,4.05
480,26-09-2025,14:50:43:697285,2463,4.01
481,26-09-2025,14:50:46:765285,2469,4.02
482,26-09-2025,14:50:50:453285,2506,4.01
483,26-09-2025,14:50:53:940285,2507,4
484,26-09-2025,14:50:57:217285,2502,4.03
485,26-09-2025,14:51:00:897285,2461,4.03
486,26-09-2025,14:51:04:179284,2502,4.08
487,26-09-2025,14:51:08:082284,2502,3.92
488,26-09-2025,14:51:11:551285,2503,4
489,26-09-2025,14:51:15:441285,2462,4
490,26-09-2025,14:51:18:926285,2465,4.05
491,26-09-2025,14:51:21:991285,2500,4.01
492,26-09-2025,14:51:25:267284,2461,4.01
493,26-09-2025,14:51:28:345285,2455,4
494,26-09-2025,14:51:31:617285,2496,3.99
495,26-09-2025,14:51:34:894285,2500,4.01
496,26-09-2025,14:51:38:195285,2497,4.17
497,26-09-2025,14:51:41:247284,2498,4.03
498,26-09-2025,14:51:45:135285,2506,4.01
499,26-09-2025,14:51:48:615284,2504,4.01
500,26-09-2025,14:51:52:101285,2497,4.05
501,26-09-2025,14:51:55:791436,2450,4.06
502,26-09-2025,14:51:59:883285,2497,4.01
503,26-09-2025,14:52:03:366285,2459,4.04
504,26-09-2025,14:52:06:848285,2459,4.02
505,26-09-2025,14:52:09:715284,2500,4.01
506,26-09-2025,14:52:12:985285,2457,4
507,26-09-2025,14:52:15:859285,2496,4.01
508,26-09-2025,14:52:19:755285,2496,4.03
509,26-09-2025,14:52:23:130285,2461,4.03
510,26-09-2025,14:52:26:706284,2455,4.19
511,26-09-2025,14:52:29:987285,2462,3.99
512,26-09-2025,14:52:33:675285,2462,4.04
513,26-09-2025,14:52:36:752285,2496,3.99
514,26-09-2025,14:52:41:050331,2447,3.93
515,26-09-2025,14:52:44:321285,2498,4.03
516,26-09-2025,14:52:47:610318,2448,4.04
517,26-09-2025,14:52:51:281285,2463,3.99
518,26-09-2025,14:52:54:979284,2491,4.18
519,26-09-2025,14:52:58:456284,2454,4.01
520,26-09-2025,14:53:01:938285,2495,3.98
521,26-09-2025,14:53:05:215285,2495,4
522,26-09-2025,14:53:08:490285,2453,4.01
523,26-09-2025,14:53:12:587285,2453,4.03
524,26-09-2025,14:53:15:665301,2448,4.03
525,26-09-2025,14:53:18:929284,2490,4.01
526,26-09-2025,14:53:22:420285,2487,4.03
527,26-09-2025,14:53:26:311371,2448,4
528,26-09-2025,14:53:29:382284,2453,4.03
529,26-09-2025,14:53:33:282285,2493,4.03
530,26-09-2025,14:53:36:547284,2496,4.02
531,26-09-2025,14:53:40:028285,2493,4
532,26-09-2025,14:53:43:308285,2455,4.01
533,26-09-2025,14:53:46:378285,2486,4.03
534,26-09-2025,14:53:49:245285,2500,4
535,26-09-2025,14:53:52:629284,2495,4.01
536,26-09-2025,14:53:55:998285,2453,4.01
537,26-09-2025,14:53:59:078285,2454,4
538,26-09-2025,14:54:02:358285,2492,4.02
539,26-09-2025,14:54:05:836285,2490,4.06
540,26-09-2025,14:54:09:110285,2495,4.01
541,26-09-2025,14:54:12:598285,2451,4.05
542,26-09-2025,14:54:15:869285,2451,4.02
543,26-09-2025,14:54:19:150285,2492,3.98
544,26-09-2025,14:54:22:215285,2487,4.01
545,26-09-2025,14:54:25:696284,2486,4.03
546,26-09-2025,14:54:29:182285,2492,4.08
547,26-09-2025,14:54:32:884284,2449,4.04
548,26-09-2025,14:54:36:972284,2453,4
549,26-09-2025,14:54:40:238285,2451,4.03
550,26-09-2025,14:54:43:310285,2447,4.01
551,26-09-2025,14:54:47:000285,2449,4.17
552,26-09-2025,14:54:50:480285,2491,4
553,26-09-2025,14:54:53:966285,2454,4.01
554,26-09-2025,14:54:57:447285,2455,4.02
555,26-09-2025,14:55:00:924284,2448,3.99
556,26-09-2025,14:55:04:410285,2453,4.01
557,26-09-2025,14:55:07:683285,2449,4.09
558,26-09-2025,14:55:10:976284,2446,4.01
559,26-09-2025,14:55:14:034284,2493,4.01
560,26-09-2025,14:55:17:517285,2485,4.04
561,26-09-2025,14:55:21:209285,2454,4
562,26-09-2025,14:55:24:680284,2449,4.03
563,26-09-2025,14:55:28:819285,2449,4.02
564,26-09-2025,14:55:32:673285,2493,4.01
565,26-09-2025,14:55:35:533285,2491,4.04
566,26-09-2025,14:55:39:016285,2487,4.04
567,26-09-2025,14:55:42:510285,2446,4
568,26-09-2025,14:55:45:777284,2442,4.01
569,26-09-2025,14:55:49:257285,2448,4.01
570,26-09-2025,14:55:53:051309,2441,4.01
571,26-09-2025,14:55:56:630285,2485,4.03
572,26-09-2025,14:55:59:908284,2447,4.12
573,26-09-2025,14:56:03:184285,2451,4.02
574,26-09-2025,14:56:06:266284,2487,4.01
575,26-09-2025,14:56:09:739285,2480,4
576,26-09-2025,14:56:12:812454,2437,4.01
577,26-09-2025,14:56:16:094285,2448,4.03
578,26-09-2025,14:56:19:779285,2483,4.05
579,26-09-2025,14:56:22:842285,2484,4.04
580,26-09-2025,14:56:25:714284,2448,3.99
581,26-09-2025,14:56:29:195285,2442,3.99
582,26-09-2025,14:56:32:678285,2451,4.08
583,26-09-2025,14:56:36:151285,2484,4
584,26-09-2025,14:56:40:046285,2482,4.03
585,26-09-2025,14:56:42:915285,2482,4.03
586,26-09-2025,14:56:46:600284,2492,3.99
587,26-09-2025,14:56:49:671285,2486,4.02
588,26-09-2025,14:56:52:547285,2449,4.03
589,26-09-2025,14:56:55:819285,2484,4.02
590,26-09-2025,14:56:58:685284,2450,4.01
591,26-09-2025,14:57:01:755285,2480,4.01
592,26-09-2025,14:57:05:857285,2487,4.02
593,26-09-2025,14:57:08:921285,2481,3.99
594,26-09-2025,14:57:11:787319,2433,3.98
595,26-09-2025,14:57:14:658285,2486,4.03
596,26-09-2025,14:57:17:933284,2481,4.01
597,26-09-2025,14:57:21:423285,2441,4.02
598,26-09-2025,14:57:24:897285,2483,4.01
599,26-09-2025,14:57:28:181284,2486,4.03
600,26-09-2025,14:57:32:070285,2446,4.01
601,26-09-2025,14:57:35:143285,2442,4.02
602,26-09-2025,14:57:38:411285,2482,4.03
603,26-09-2025,14:57:42:515285,2441,3.99
604,26-09-2025,14:57:45:791285,2444,4.01
605,26-09-2025,14:57:48:864285,2480,4.02
606,26-09-2025,14:57:52:769285,2443,4.02
607,26-09-2025,14:57:56:031284,2447,4
608,26-09-2025,14:57:59:104285,2446,4.02
609,26-09-2025,14:58:02:190285,2443,3.98
610,26-09-2025,14:58:05:670284,2479,4.06
611,26-09-2025,14:58:08:724285,2480,4
612,26-09-2025,14:58:12:203285,2440,4.01
613,26-09-2025,14:58:16:505285,2448,4.01
614,26-09-2025,14:58:19:376285,2432,4.01
615,26-09-2025,14:58:24:143285,2443,4.03
616,26-09-2025,14:58:27:767366,2430,3.99
617,26-09-2025,14:58:30:477285,2444,4.01
618,26-09-2025,14:58:33:520285,2480,4.01
619,26-09-2025,14:58:37:188285,2448,4.07
620,26-09-2025,14:58:40:057284,2447,4
621,26-09-2025,14:58:43:563284,2437,4.01
622,26-09-2025,14:58:46:403285,2480,4.07
623,26-09-2025,14:58:49:280285,2447,4.01
624,26-09-2025,14:58:52:145285,2442,4.01
625,26-09-2025,14:58:54:815285,2480,4.11
626,26-09-2025,14:58:57:473285,2445,4.02
627,26-09-2025,14:59:00:340285,2439,4.01
628,26-09-2025,14:59:03:613285,2446,4.03
629,26-09-2025,14:59:06:689285,2443,4.02
630,26-09-2025,14:59:09:758284,2442,4.01
631,26-09-2025,14:59:12:625284,2443,4
632,26-09-2025,14:59:15:698290,2439,4.12
633,26-09-2025,14:59:18:985284,2448,4.02
634,26-09-2025,14:59:22:254285,2442,4.03
635,26-09-2025,14:59:25:725284,2480,4
636,26-09-2025,14:59:28:597285,2436,3.99
637,26-09-2025,14:59:32:090285,2445,4
638,26-09-2025,14:59:35:360285,2441,4
639,26-09-2025,14:59:38:226284,2444,4.01
640,26-09-2025,14:59:41:708285,2447,4.01
641,26-09-2025,14:59:45:394284,2437,4.02
642,26-09-2025,14:59:48:269285,2439,4.01
643,26-09-2025,14:59:50:921285,2435,4.04
644,26-09-2025,14:59:55:024321,2427,4.18
645,26-09-2025,14:59:58:092284,2445,4.01
646,26-09-2025,15:00:00:750285,2475,3.98
647,26-09-2025,15:00:03:826285,2433,4.01
648,26-09-2025,15:00:06:693284,2435,4.01
649,26-09-2025,15:00:13:064281,2483,4.02
650,26-09-2025,15:00:16:834284,2471,4.01
651,26-09-2025,15:00:19:900285,2439,4.01
652,26-09-2025,15:00:22:782285,2474,4.01
653,26-09-2025,15:00:26:246285,2442,4.02
654,26-09-2025,15:00:30:144285,2480,4.12
655,26-09-2025,15:00:34:035285,2437,4.02
656,26-09-2025,15:00:37:716285,2445,4.01
657,26-09-2025,15:00:41:000285,2441,4.01
658,26-09-2025,15:00:43:858285,2435,4.01
659,26-09-2025,15:00:46:973285,2435,4.03
660,26-09-2025,15:00:50:210284,2435,4.02
661,26-09-2025,15:00:53:077284,2435,4.02
662,26-09-2025,15:00:56:762285,2446,3.98
663,26-09-2025,15:01:00:464285,2436,4.02
664,26-09-2025,15:01:03:113285,2436,4
665,26-09-2025,15:01:06:835284,2433,4
666,26-09-2025,15:01:10:488285,2438,4.08
667,26-09-2025,15:01:13:352284,2476,4.01
668,26-09-2025,15:01:16:425285,2436,4.03
669,26-09-2025,15:01:20:112285,2435,4.03
670,26-09-2025,15:01:24:821284,2434,4.04
671,26-09-2025,15:01:28:098285,2435,4.02
672,26-09-2025,15:01:31:168285,2432,4.03
673,26-09-2025,15:01:34:864285,2478,4.01
674,26-09-2025,15:01:39:220284,2434,4.16
675,26-09-2025,15:01:42:439285,2477,4.04
676,26-09-2025,15:01:45:916285,2474,4.02
677,26-09-2025,15:01:49:196285,2432,4.03
678,26-09-2025,15:01:52:271285,2478,4.01
679,26-09-2025,15:01:55:342284,2436,4.01
680,26-09-2025,15:01:59:026284,2441,4.1
681,26-09-2025,15:02:01:896285,2432,3.99
682,26-09-2025,15:02:06:606285,2474,3.99
683,26-09-2025,15:02:09:683284,2435,4.03
684,26-09-2025,15:02:13:772285,2436,4.05
685,26-09-2025,15:02:17:044284,2473,4.03
686,26-09-2025,15:02:20:119285,2432,3.99
687,26-09-2025,15:02:23:410285,2435,4.06
688,26-09-2025,15:02:26:670285,2432,4.04
689,26-09-2025,15:02:30:355285,2435,4.01
690,26-09-2025,15:02:34:042285,2477,4.02
691,26-09-2025,15:02:38:143285,2471,4.03
692,26-09-2025,15:02:41:421284,2471,4.03
693,26-09-2025,15:02:44:499404,2422,3.98
694,26-09-2025,15:02:47:775285,2432,4.03
695,26-09-2025,15:02:51:245285,2479,4
696,26-09-2025,15:02:54:527285,2436,4.01
697,26-09-2025,15:02:57:597285,2430,4.02
698,26-09-2025,15:03:01:896286,2474,4.02
699,26-09-2025,15:03:07:219285,2427,4.03
700,26-09-2025,15:03:10:705285,2434,4
701,26-09-2025,15:03:14:391285,2473,4.09
702,26-09-2025,15:03:17:461285,2431,4.01
703,26-09-2025,15:03:20:334285,2433,4.01
704,26-09-2025,15:03:23:199285,2465,4.03
705,26-09-2025,15:03:26:472284,2468,4.04
706,26-09-2025,15:03:29:541285,2474,4.02
707,26-09-2025,15:03:32:627284,2430,4.02
708,26-09-2025,15:03:37:835285,2436,4.03
709,26-09-2025,15:03:41:462284,2435,4.06
710,26-09-2025,15:03:44:927285,2427,4
711,26-09-2025,15:03:48:207285,2467,4.02
712,26-09-2025,15:03:52:078284,2432,4.01
713,26-09-2025,15:03:55:557284,2432,4.06
714,26-09-2025,15:03:58:847285,2427,4.03
715,26-09-2025,15:04:01:693285,2470,4.12
716,26-09-2025,15:04:04:560338,2433,4.03
717,26-09-2025,15:04:07:647285,2435,4.01
718,26-09-2025,15:04:11:524285,2475,4.06
719,26-09-2025,15:04:16:060285,2430,4
720,26-09-2025,15:04:19:317285,2426,4.02
721,26-09-2025,15:04:22:797285,2467,4.12
722,26-09-2025,15:04:26:699285,2437,4.01
723,26-09-2025,15:04:30:163285,2431,4.02
724,26-09-2025,15:04:34:059284,2475,4.03
725,26-09-2025,15:04:37:132285,2469,4
726,26-09-2025,15:04:40:819285,2433,4.03
727,26-09-2025,15:04:44:296285,2433,4.01
728,26-09-2025,15:04:47:374284,2433,4.01
729,26-09-2025,15:04:50:643285,2474,4.02
730,26-09-2025,15:04:54:131285,2428,4
731,26-09-2025,15:04:56:992285,2426,4
732,26-09-2025,15:05:00:278284,2428,4.02
733,26-09-2025,15:05:03:136374,2431,4.01
734,26-09-2025,15:05:06:833285,2469,4.02
735,26-09-2025,15:05:10:098285,2471,4.01
736,26-09-2025,15:05:13:436283,2431,4.03
737,26-09-2025,15:05:16:458285,2433,3.99
738,26-09-2025,15:05:19:724285,2426,4
739,26-09-2025,15:05:22:597285,2432,4.01
740,26-09-2025,15:05:26:075284,2429,4
741,26-09-2025,15:05:29:351290,2435,4.02
742,26-09-2025,15:05:33:244285,2463,4
743,26-09-2025,15:05:37:338285,2429,4
744,26-09-2025,15:05:40:611285,2465,4.06
745,26-09-2025,15:05:44:094285,2478,4.02
746,26-09-2025,15:05:48:602285,2435,4
747,26-09-2025,15:05:51:682285,2470,4.01
748,26-09-2025,15:05:54:547285,2430,4.05
749,26-09-2025,15:05:58:028285,2466,4.01
750,26-09-2025,15:06:02:122284,2475,4.07
751,26-09-2025,15:06:05:194285,2467,3.98
752,26-09-2025,15:06:08:672284,2466,4.03
753,26-09-2025,15:06:12:154285,2432,4.01
754,26-09-2025,15:06:15:443285,2465,4.02
755,26-09-2025,15:06:18:920285,2467,4.05
756,26-09-2025,15:06:21:780285,2430,4.04
757,26-09-2025,15:06:24:848285,2480,4.01
758,26-09-2025,15:06:27:512285,2431,4.01
759,26-09-2025,15:06:30:999285,2468,4.01
760,26-09-2025,15:06:34:688284,2467,4
761,26-09-2025,15:06:37:756324,2418,3.99
762,26-09-2025,15:06:41:033285,2473,4.01
763,26-09-2025,15:06:44:924285,2470,4.01
764,26-09-2025,15:06:47:994284,2430,4.02
765,26-09-2025,15:06:51:479285,2469,4.02
766,26-09-2025,15:06:54:770284,2469,4.01
767,26-09-2025,15:06:58:037285,2471,4.03
768,26-09-2025,15:07:01:507285,2427,4.04
769,26-09-2025,15:07:04:381285,2432,4.01
770,26-09-2025,15:07:07:654285,2427,4.04
771,26-09-2025,15:07:10:744285,2471,4.04
772,26-09-2025,15:07:13:596285,2422,4.04
773,26-09-2025,15:07:17:279285,2473,4.04
774,26-09-2025,15:07:20:249284,2428,4.03
775,26-09-2025,15:07:23:236285,2467,4
776,26-09-2025,15:07:26:105285,2432,4.05
777,26-09-2025,15:07:29:367285,2426,4.03
778,26-09-2025,15:07:34:071285,2427,4.02
779,26-09-2025,15:07:37:359285,2463,4.11
780,26-09-2025,15:07:40:424285,2429,4
781,26-09-2025,15:07:43:497285,2429,4.01
782,26-09-2025,15:07:46:988284,2430,4.01
783,26-09-2025,15:07:50:465285,2471,4.09
784,26-09-2025,15:07:53:937285,2430,4.02
785,26-09-2025,15:07:57:421284,2463,4.01
786,26-09-2025,15:08:00:697284,2430,4.03
787,26-09-2025,15:08:03:977285,2432,4.01
788,26-09-2025,15:08:07:046285,2430,4.01
789,26-09-2025,15:08:12:208284,2427,4.07
790,26-09-2025,15:08:17:287285,2432,4
791,26-09-2025,15:08:19:954284,2431,4.07
792,26-09-2025,15:08:23:021396,2422,3.99
793,26-09-2025,15:08:26:312285,2431,4.02
794,26-09-2025,15:08:29:577285,2430,4
795,26-09-2025,15:08:33:262285,2425,4.01
796,26-09-2025,15:08:36:745285,2432,4.01
797,26-09-2025,15:08:40:035285,2427,4.12
798,26-09-2025,15:08:43:297285,2422,4.03
799,26-09-2025,15:08:46:471284,2426,4.17
800,26-09-2025,15:08:49:645284,2431,4.02
801,26-09-2025,15:08:52:519285,2429,4.02
802,26-09-2025,15:08:55:178285,2422,4.01
803,26-09-2025,15:08:58:051285,2425,4.01
804,26-09-2025,15:09:01:573285,2433,4.06
805,26-09-2025,15:09:04:638284,2425,4
806,26-09-2025,15:09:08:287285,2426,4.03
807,26-09-2025,15:09:11:153285,2427,4.01
808,26-09-2025,15:09:14:013285,2466,4.03
809,26-09-2025,15:09:17:087285,2429,4.01
810,26-09-2025,15:09:19:961284,2467,4.03
811,26-09-2025,15:09:22:836393,2425,4.02
812,26-09-2025,15:09:26:521285,2425,4.01
813,26-09-2025,15:09:29:691285,2431,4
814,26-09-2025,15:09:32:858284,2429,4.03
815,26-09-2025,15:09:36:139285,2429,4.01
816,26-09-2025,15:09:39:820285,2428,4
817,26-09-2025,15:09:43:718285,2427,4.01
818,26-09-2025,15:09:48:262285,2428,4.13
819,26-09-2025,15:09:51:529285,2430,4.01
820,26-09-2025,15:09:55:186285,2432,4
821,26-09-2025,15:09:58:666284,2432,3.99
822,26-09-2025,15:10:01:735285,2427,4.02
823,26-09-2025,15:10:05:212285,2430,4.02
824,26-09-2025,15:10:07:982285,2461,4.02
825,26-09-2025,15:10:11:565284,2467,4.03
826,26-09-2025,15:10:14:434285,2461,4.01
827,26-09-2025,15:10:18:962285,2428,4.04
828,26-09-2025,15:10:22:518284,2471,4.04
829,26-09-2025,15:10:26:926285,2429,4.01
830,26-09-2025,15:10:30:411284,2464,4.04
831,26-09-2025,15:10:33:892285,2430,4.03
832,26-09-2025,15:10:37:776285,2430,4.02
833,26-09-2025,15:10:41:058370,2393,4
834,26-09-2025,15:10:44:546285,2428,4.02
835,26-09-2025,15:10:47:828285,2427,4.01
836,26-09-2025,15:10:50:900285,2470,4.03
837,26-09-2025,15:10:54:166284,2426,4.03
838,26-09-2025,15:10:57:237284,2464,4
839,26-09-2025,15:11:00:519285,2425,4.12
840,26-09-2025,15:11:03:378285,2466,4.12
841,26-09-2025,15:11:06:867285,2431,4.01
842,26-09-2025,15:11:09:750284,2432,4.02
843,26-09-2025,15:11:13:008285,2424,4.02
844,26-09-2025,15:11:16:284285,2421,4.06
845,26-09-2025,15:11:19:771285,2431,4.02
846,26-09-2025,15:11:23:876285,2423,4.06
847,26-09-2025,15:11:26:740285,2422,4.01
848,26-09-2025,15:11:30:211284,2473,4.02
849,26-09-2025,15:11:34:714284,2464,4
850,26-09-2025,15:11:37:805285,2427,4.18
851,26-09-2025,15:11:42:497285,2465,3.99
852,26-09-2025,15:11:45:567284,2461,4.01
853,26-09-2025,15:11:48:849285,2426,4.05
854,26-09-2025,15:11:52:327285,2465,4.03
855,26-09-2025,15:11:55:219285,2462,4.03
856,26-09-2025,15:11:58:775285,2427,4
857,26-09-2025,15:12:01:541285,2463,4
858,26-09-2025,15:12:04:831285,2432,4.05
859,26-09-2025,15:12:08:092285,2462,4.01
860,26-09-2025,15:12:11:177285,2427,4.03
861,26-09-2025,15:12:14:033291,2423,4.01
862,26-09-2025,15:12:17:311285,2463,4.04
863,26-09-2025,15:12:21:415285,2431,4.02
864,26-09-2025,15:12:24:282284,2462,4.01
865,26-09-2025,15:12:27:141285,2457,4.03
866,26-09-2025,15:12:30:239285,2422,4
867,26-09-2025,15:12:33:697285,2464,4.01
868,26-09-2025,15:12:36:563285,2426,4.12
869,26-09-2025,15:12:39:635285,2462,4.01
870,26-09-2025,15:12:42:707293,2421,4
871,26-09-2025,15:12:45:793285,2459,4
872,26-09-2025,15:12:49:262284,2460,3.99
873,26-09-2025,15:12:52:741285,2459,4.01
874,26-09-2025,15:12:55:813284,2465,4.05
875,26-09-2025,15:12:58:889285,2418,4.12
876,26-09-2025,15:13:02:367285,2422,4.01
877,26-09-2025,15:13:05:645284,2425,4.03
878,26-09-2025,15:13:08:926285,2416,3.96
879,26-09-2025,15:13:12:412285,2421,4.07
880,26-09-2025,15:13:15:489285,2422,4.04
881,26-09-2025,15:13:18:343285,2419,4.02
882,26-09-2025,15:13:21:617284,2423,4.01
883,26-09-2025,15:13:25:506285,2423,4
884,26-09-2025,15:13:28:174285,2421,4.03
885,26-09-2025,15:13:31:862284,2421,4.03
886,26-09-2025,15:13:34:935285,2457,4.08
887,26-09-2025,15:13:38:625285,2421,4.02
888,26-09-2025,15:13:41:480285,2426,4.02
889,26-09-2025,15:13:45:581285,2466,4.01
890,26-09-2025,15:13:48:453285,2416,4.02
891,26-09-2025,15:13:51:313285,2463,4.03
892,26-09-2025,15:13:54:194284,2455,4.05
893,26-09-2025,15:13:57:462285,2415,4.01
894,26-09-2025,15:14:00:536285,2414,4.03
895,26-09-2025,15:14:03:818285,2455,4.17
896,26-09-2025,15:14:06:470285,2423,4.01
897,26-09-2025,15:14:09:368285,2418,4.04
898,26-09-2025,15:14:19:006281,2422,4.09
899,26-09-2025,15:14:23:688285,2460,4.02
900,26-09-2025,15:14:26:948284,2423,4.06
901,26-09-2025,15:14:30:043285,2417,4.02
902,26-09-2025,15:14:33:330285,2419,4.01
903,26-09-2025,15:14:36:576285,2418,4.02
904,26-09-2025,15:14:40:086407,2458,4.02
905,26-09-2025,15:14:43:754284,2426,4.06
906,26-09-2025,15:14:46:816285,2417,4.03
907,26-09-2025,15:14:49:903285,2416,3.99
908,26-09-2025,15:14:52:759401,2422,4.03
909,26-09-2025,15:14:56:046285,2418,3.99
910,26-09-2025,15:14:59:512285,2416,3.99
911,26-09-2025,15:15:02:827284,2417,4.04
912,26-09-2025,15:15:06:680284,2422,4.04
913,26-09-2025,15:15:10:159285,2426,4.04
914,26-09-2025,15:15:13:644285,2418,4.07
915,26-09-2025,15:15:16:932285,2463,4
916,26-09-2025,15:15:20:003284,2419,4.03
917,26-09-2025,15:15:23:884284,2417,4
918,26-09-2025,15:15:27:166285,2417,4
919,26-09-2025,15:15:30:237285,2459,4.01
920,26-09-2025,15:15:33:513285,2418,3.98
921,26-09-2025,15:15:36:590285,2423,4.03
922,26-09-2025,15:15:40:492284,2417,3.99
923,26-09-2025,15:15:43:337283,2419,4.02
924,26-09-2025,15:15:46:028285,2462,4.03
925,26-09-2025,15:15:48:880312,2407,4.05
926,26-09-2025,15:15:51:745285,2419,4.01
927,26-09-2025,15:15:55:016285,2416,4.08
928,26-09-2025,15:15:58:499285,2461,4.01
929,26-09-2025,15:16:01:977285,2418,3.99
930,26-09-2025,15:16:05:488467,2407,4.05
931,26-09-2025,15:16:09:141285,2453,4
932,26-09-2025,15:16:12:217285,2416,4.02
933,26-09-2025,15:16:16:020284,2458,4.03
934,26-09-2025,15:16:19:186285,2459,4.02
935,26-09-2025,15:16:22:052285,2419,4.02
936,26-09-2025,15:16:25:321285,2421,4.03
937,26-09-2025,15:16:28:803285,2421,4.01
938,26-09-2025,15:16:32:091286,2419,4.01
939,26-09-2025,15:16:36:203285,2416,4.01
940,26-09-2025,15:16:39:875285,2459,4.03
941,26-09-2025,15:16:42:945285,2417,3.94
942,26-09-2025,15:16:46:230285,2458,4.01
943,26-09-2025,15:16:50:527285,2415,3.98
944,26-09-2025,15:16:53:181284,2451,4.01
945,26-09-2025,15:16:55:839285,2418,4.01
946,26-09-2025,15:16:58:911285,2417,4.01
947,26-09-2025,15:17:01:987285,2416,3.98
948,26-09-2025,15:17:05:071285,2457,4.12
949,26-09-2025,15:14:12:619285,2416,4.02
950,26-09-2025,15:17:07:931285,2417,3.99
951,26-09-2025,15:17:10:790285,2453,4.01
952,26-09-2025,15:17:14:296312,2409,4.03
953,26-09-2025,15:17:17:768284,2419,4.03
954,26-09-2025,15:17:21:102283,2416,4.02
955,26-09-2025,15:17:24:515285,2419,4.12
956,26-09-2025,15:17:27:789285,2422,4.04
957,26-09-2025,15:17:30:655285,2421,4.01
958,26-09-2025,15:17:34:756285,2413,4.01
959,26-09-2025,15:17:37:624285,2416,4.09
960,26-09-2025,15:17:41:106285,2452,4.02
961,26-09-2025,15:17:43:972285,2414,4.03
962,26-09-2025,15:17:47:247284,2457,4.06
963,26-09-2025,15:17:50:523285,2453,4.01
964,26-09-2025,15:17:53:814285,2413,4.05
965,26-09-2025,15:17:56:875285,2457,4.02
966,26-09-2025,15:17:59:960285,2454,4.02
967,26-09-2025,15:18:03:216284,2454,4.03
968,26-09-2025,15:18:06:083285,2412,3.99
969,26-09-2025,15:18:09:578285,2458,4
970,26-09-2025,15:18:13:470285,2419,4.02
971,26-09-2025,15:18:16:748285,2413,4.02
972,26-09-2025,15:18:21:256285,2418,4.02
973,26-09-2025,15:18:24:732312,2416,4
974,26-09-2025,15:18:28:626286,2417,3.99
975,26-09-2025,15:18:32:114286,2454,4.06
976,26-09-2025,15:18:37:754284,2416,4.03
977,26-09-2025,15:18:41:783286,2434,3.98
978,26-09-2025,15:18:45:414286,2443,4.01
979,26-09-2025,15:18:49:302286,2455,4
980,26-09-2025,15:18:53:190286,2462,4.01
981,26-09-2025,15:18:57:490287,2461,4.02
982,26-09-2025,15:19:01:384286,2416,4.01
983,26-09-2025,15:19:04:659286,2453,4.01
984,26-09-2025,15:19:09:152286,2458,3.99
985,26-09-2025,15:19:12:651286,2450,4.02
986,26-09-2025,15:19:16:758286,2450,3.98
987,26-09-2025,15:19:21:660286,2453,4.01
988,26-09-2025,15:19:26:371286,2462,4.04
989,26-09-2025,15:19:30:060286,2458,4.03
990,26-09-2025,15:19:34:354286,2450,4.03
991,26-09-2025,15:19:38:046286,2454,4.15
992,26-09-2025,15:19:41:727286,2453,4.02
993,26-09-2025,15:19:45:624286,2454,3.99
994,26-09-2025,15:19:48:900285,2459,4.01
995,26-09-2025,15:19:54:024286,2458,4.03
996,26-09-2025,15:19:58:524286,2453,4.03
997,26-09-2025,15:20:02:205286,2449,4.01
998,26-09-2025,15:20:06:616286,2449,4.04
999,26-09-2025,15:20:11:029286,2416,4.04
1000,26-09-2025,15:20:14:914286,2448,4.01
1001,26-09-2025,15:20:18:594286,2415,4.01
1002,26-09-2025,15:20:22:483286,2454,4.04
1003,26-09-2025,15:20:26:782286,2455,4.11
1004,26-09-2025,15:20:31:496286,2459,4.03
1005,26-09-2025,15:20:37:639286,2453,4.05
1006,26-09-2025,15:20:41:737286,2448,4.01
1007,26-09-2025,15:20:45:222286,2411,3.99
1008,26-09-2025,15:20:49:725286,2450,4
1009,26-09-2025,15:20:53:413285,2449,4.03
1010,26-09-2025,15:20:57:297286,2448,4
1011,26-09-2025,15:21:00:783286,2451,4.01
1012,26-09-2025,15:21:04:881286,2453,4.02
1013,26-09-2025,15:21:08:668286,2448,4.01
1014,26-09-2025,15:21:12:663286,2449,4.06
1015,26-09-2025,15:21:16:759286,2449,4.02
1016,26-09-2025,15:21:21:078285,2448,4
1017,26-09-2025,15:21:24:741286,2451,4.12
1018,26-09-2025,15:21:28:631286,2414,4.12
1019,26-09-2025,15:21:32:941286,2451,4.18
1020,26-09-2025,15:21:38:263286,2456,4.16
1021,26-09-2025,15:21:43:177286,2451,4.18
1022,26-09-2025,15:21:49:119286,2448,4.17
1023,26-09-2025,15:21:53:414286,2449,4.18
1024,26-09-2025,15:21:57:702286,2448,4.17
1025,26-09-2025,15:22:02:013287,2452,4.18
1026,26-09-2025,15:22:13:723281,2412,4.17
1027,26-09-2025,15:22:07:151286,2454,4.18
1028,26-09-2025,15:22:19:629286,2449,4.11
1029,26-09-2025,15:22:24:139285,2406,4.04
1030,26-09-2025,15:22:28:440286,2411,4.07
1031,26-09-2025,15:22:33:349286,2454,4.07
1032,26-09-2025,15:22:37:442286,2416,4.06
1033,26-09-2025,15:22:40:721286,2415,4.06
1034,26-09-2025,15:22:44:621286,2451,4.07
1035,26-09-2025,15:22:48:609286,2455,4.05
1036,26-09-2025,15:22:52:602285,2451,4.06
1037,26-09-2025,15:22:56:903287,2445,4.06
1038,26-09-2025,15:23:00:897286,2450,4.02
1039,26-09-2025,15:23:05:295286,2412,4.06
1040,26-09-2025,15:23:08:777286,2447,4.06
1041,26-09-2025,15:23:12:674286,2450,4.06
1042,26-09-2025,15:23:16:771286,2413,4.06
1043,26-09-2025,15:23:20:256286,2451,4.01
1044,26-09-2025,15:23:23:933286,2448,4.06
1045,26-09-2025,15:23:27:007285,2409,4.01
1046,26-09-2025,15:23:30:712285,2453,4.02
1047,26-09-2025,15:23:33:778285,2415,4.2
1048,26-09-2025,15:23:36:847285,2410,4.03
1049,26-09-2025,15:23:40:321285,2448,4.01
1050,26-09-2025,15:23:43:804285,2411,4.03
1051,26-09-2025,15:23:46:870285,2450,4.1
1052,26-09-2025,15:23:50:355285,2411,4.01
1053,26-09-2025,15:23:53:434285,2409,4.03
1054,26-09-2025,15:23:56:511285,2413,4.09
1055,26-09-2025,15:23:59:781285,2413,4.01
1056,26-09-2025,15:24:03:269284,2404,4.06
1057,26-09-2025,15:24:06:146285,2405,4.06
1058,26-09-2025,15:24:09:607285,2403,4.08
1059,26-09-2025,15:24:12:476284,2411,4.07
1060,26-09-2025,15:24:15:755285,2448,4.07
1061,26-09-2025,15:24:19:271409,2405,4.07
1062,26-09-2025,15:24:22:727285,2403,4.03
1063,26-09-2025,15:24:26:605284,2416,4.03
1064,26-09-2025,15:24:30:500285,2410,4.02
1065,26-09-2025,15:24:33:990285,2410,4.06
1066,26-09-2025,15:24:37:259285,2406,4.02
1067,26-09-2025,15:24:40:840285,2406,4.04
1068,26-09-2025,15:24:43:812285,2404,4.19
1069,26-09-2025,15:24:46:696285,2405,4.03
1070,26-09-2025,15:24:50:766285,2408,4.08
1071,26-09-2025,15:24:54:062285,2411,4.1
1072,26-09-2025,15:24:57:735285,2410,4.08
1073,26-09-2025,15:25:01:228285,2452,4.06
1074,26-09-2025,15:25:04:286285,2448,4.05
1075,26-09-2025,15:25:07:152285,2447,4.03
1076,26-09-2025,15:25:10:462285,2405,4.03
1077,26-09-2025,15:25:13:300285,2448,3.97
1078,26-09-2025,15:25:16:586284,2448,4.06
1079,26-09-2025,15:25:20:076285,2446,4.04
1080,26-09-2025,15:25:23:553285,2414,4.02
1081,26-09-2025,15:25:26:824285,2410,4.1
1082,26-09-2025,15:25:29:687285,2414,4.03
1083,26-09-2025,15:25:32:764285,2448,4.03
1084,26-09-2025,15:25:35:630285,2447,4.06
1085,26-09-2025,15:25:38:906285,2391,4.03
1086,26-09-2025,15:25:42:386285,2409,4.01
1087,26-09-2025,15:25:45:661284,2447,4.03
1088,26-09-2025,15:25:48:541285,2403,4.01
1089,26-09-2025,15:25:51:808285,2445,4.17
1090,26-09-2025,15:25:54:665285,2413,4.04
1091,26-09-2025,15:25:58:152285,2445,4.09
1092,26-09-2025,15:26:01:224285,2450,4.06
1093,26-09-2025,15:26:04:706285,2414,4.02
1094,26-09-2025,15:26:10:969282,2448,4
1095,26-09-2025,15:26:13:924285,2410,4.07
1096,26-09-2025,15:26:17:199284,2405,4.02
1097,26-09-2025,15:26:20:879285,2414,4
1098,26-09-2025,15:26:23:955285,2403,3.93
1099,26-09-2025,15:26:30:506285,2409,4.01
1100,26-09-2025,15:26:33:896290,2407,3.99
1101,26-09-2025,15:26:39:111285,2410,4.04
1102,26-09-2025,15:26:42:179285,2443,4.02
1103,26-09-2025,15:26:45:664285,2449,4.04
1104,26-09-2025,15:26:48:425285,2403,4.03
1105,26-09-2025,15:26:51:805285,2403,4
1106,26-09-2025,15:26:55:490285,2450,4.12
1107,26-09-2025,15:26:58:359285,2448,4.05
1108,26-09-2025,15:27:03:685345,2411,4.01
1109,26-09-2025,15:27:06:965295,2399,4.04
1110,26-09-2025,15:27:10:033285,2406,4.16
1111,26-09-2025,15:27:13:729284,2448,4.01
1112,26-09-2025,15:27:16:792285,2406,4.01
1113,26-09-2025,15:27:20:065328,2407,3.96
1114,26-09-2025,15:27:23:147284,2447,4.03
1115,26-09-2025,15:27:26:211285,2407,4.05
1116,26-09-2025,15:27:29:703383,2416,4.01
1117,26-09-2025,15:27:33:179285,2406,3.99
1118,26-09-2025,15:27:36:655284,2406,4.02
1119,26-09-2025,15:27:39:529284,2415,4.01
1120,26-09-2025,15:27:43:013285,2402,4.02
1121,26-09-2025,15:27:46:900285,2413,4.03
1122,26-09-2025,15:27:51:315284,2411,4.21
1123,26-09-2025,15:27:54:476285,2445,4.01
1124,26-09-2025,15:27:57:581451,2409,4.03
1125,26-09-2025,15:28:00:628318,2384,4.02
1126,26-09-2025,15:28:03:697285,2411,4
1127,26-09-2025,15:28:06:761284,2411,4
1128,26-09-2025,15:28:10:052285,2411,4.03
1129,26-09-2025,15:28:13:526285,2411,4.04
1130,26-09-2025,15:28:16:591285,2402,4.09
1131,26-09-2025,15:28:21:150285,2407,4.02
1132,26-09-2025,15:28:24:373284,2441,4.06
1133,26-09-2025,15:28:27:866284,2449,4.02
1134,26-09-2025,15:28:33:385286,2447,4.01
1135,26-09-2025,15:28:37:496286,2447,4.02
1136,26-09-2025,15:28:41:599285,2443,4.02
1137,26-09-2025,15:28:45:081354,2407,4.06
1138,26-09-2025,15:28:48:957286,2448,4.03
1139,26-09-2025,15:28:52:440286,2447,3.99
1140,26-09-2025,15:28:56:327286,2442,4.03
1141,26-09-2025,15:29:01:244286,2448,3.99
1142,26-09-2025,15:29:04:926286,2445,3.99
1143,26-09-2025,15:29:08:616286,2446,4.04
1144,26-09-2025,15:29:12:204284,2445,4.04
1145,26-09-2025,15:29:16:598286,2412,4.04
1146,26-09-2025,15:29:20:700286,2441,4.07
1147,26-09-2025,15:29:24:594285,2445,4
1148,26-09-2025,15:29:28:099286,2402,4.03
1149,26-09-2025,15:29:33:392286,2442,4
1150,26-09-2025,15:29:37:285286,2448,4
1151,26-09-2025,15:29:41:001285,2411,4.01
1152,26-09-2025,15:29:44:346285,2407,3.98
1153,26-09-2025,15:29:48:144286,2448,4.03
1154,26-09-2025,15:29:51:420286,2439,3.99
1155,26-09-2025,15:29:54:595286,2448,4.02
1156,26-09-2025,15:29:58:789286,2448,4.03
1157,26-09-2025,15:30:02:688285,2445,4.05
1158,26-09-2025,15:30:07:387286,2439,4.01
1159,26-09-2025,15:30:10:892285,2405,4.08
1160,26-09-2025,15:30:14:266285,2403,4.01
1161,26-09-2025,15:30:17:234285,2403,3.99
1162,26-09-2025,15:30:21:519284,2448,4.05
1163,26-09-2025,15:30:24:589285,2406,4
1164,26-09-2025,15:30:28:513285,2413,4.02
1165,26-09-2025,15:30:32:406285,2404,4.03
1166,26-09-2025,15:30:35:873285,2406,4.02
1167,26-09-2025,15:30:39:134285,2405,4.02
1168,26-09-2025,15:30:42:213284,2446,4.03
1169,26-09-2025,15:30:45:480285,2402,4.01
1170,26-09-2025,15:30:47:944285,2405,4.01
1171,26-09-2025,15:30:51:220284,2444,4.01
1172,26-09-2025,15:30:54:085284,2405,4.03
1173,26-09-2025,15:30:57:364284,2441,3.94
1174,26-09-2025,15:31:02:485285,2406,4.01
1175,26-09-2025,15:31:05:563285,2411,3.98
1176,26-09-2025,15:31:09:446285,2401,4.01
1177,26-09-2025,15:31:12:744285,2406,4.01
1178,26-09-2025,15:31:16:205299,2401,4.01
1179,26-09-2025,15:31:19:075285,2445,3.98
1180,26-09-2025,15:31:22:351284,2438,4.12
1181,26-09-2025,15:31:26:031285,2443,4.02
1182,26-09-2025,15:31:29:105285,2403,3.99
1183,26-09-2025,15:31:32:593285,2445,4.01
1184,26-09-2025,15:31:36:068285,2406,4.03
1185,26-09-2025,15:31:39:147285,2406,4.03
1186,26-09-2025,15:31:42:022285,2405,4.02
1187,26-09-2025,15:31:45:289284,2439,4.12
1188,26-09-2025,15:31:48:159284,2446,4.04
1189,26-09-2025,15:31:51:439285,2409,4.01
1190,26-09-2025,15:31:54:913284,2402,4.01
1191,26-09-2025,15:31:58:393285,2440,4.09
1192,26-09-2025,15:32:01:877285,2439,4.02
1193,26-09-2025,15:32:04:743285,2438,4.03
1194,26-09-2025,15:32:08:077284,2390,4.06
1195,26-09-2025,15:32:11:914284,2445,4.01
1196,26-09-2025,15:32:14:773285,2405,4.05
1197,26-09-2025,15:32:17:858285,2401,4.02
1198,26-09-2025,15:32:20:713285,2407,4.02
1199,26-09-2025,15:32:24:017285,2405,4.03
1200,26-09-2025,15:32:27:267285,2403,3.99
1201,26-09-2025,15:32:36:927281,2402,4
1202,26-09-2025,15:32:39:967285,2438,4.02
1203,26-09-2025,15:32:43:671285,2395,4.02
1204,26-09-2025,15:32:47:131285,2443,4.02
1205,26-09-2025,15:32:50:615285,2405,4
1206,26-09-2025,15:32:53:916285,2398,3.99
1207,26-09-2025,15:32:57:993284,2434,4.06
1208,26-09-2025,15:33:00:860285,2403,4.03
1209,26-09-2025,15:33:04:165352,2402,3.98
1210,26-09-2025,15:33:08:228285,2434,4.01
1211,26-09-2025,15:33:11:131284,2435,4
1212,26-09-2025,15:33:14:580285,2436,4.01
1213,26-09-2025,15:33:17:858285,2396,4.02
1214,26-09-2025,15:33:20:717285,2399,4.01
1215,26-09-2025,15:33:23:855285,2395,4.01
1216,26-09-2025,15:33:26:888285,2402,3.99
1217,26-09-2025,15:33:32:935281,2448,4.02
1218,26-09-2025,15:33:36:289285,2438,3.98
1219,26-09-2025,15:33:39:563285,2402,4.01
1220,26-09-2025,15:33:42:437285,2401,4.04
1221,26-09-2025,15:33:45:715285,2397,4.03
1222,26-09-2025,15:33:48:778285,2406,4.03
1223,26-09-2025,15:33:51:643285,2403,4.15
1224,26-09-2025,15:33:54:926285,2399,4.02
1225,26-09-2025,15:33:57:996285,2401,3.99
1226,26-09-2025,15:32:30:749284,2445,4.01
1227,26-09-2025,15:34:01:090285,2441,4.03
1228,26-09-2025,15:34:05:572285,2402,4.03
1229,26-09-2025,15:34:09:258285,2441,4.01
1230,26-09-2025,15:34:13:802284,2402,4.04
1231,26-09-2025,15:34:17:041285,2445,4.04
1232,26-09-2025,15:34:19:915285,2393,4.01
1233,26-09-2025,15:34:22:885285,2403,4.01
1234,26-09-2025,15:34:26:256285,2405,4.04
1235,26-09-2025,15:34:29:135285,2402,4.11
1236,26-09-2025,15:34:32:400285,2400,4.03
1237,26-09-2025,15:34:35:472285,2399,4.05
1238,26-09-2025,15:34:39:158285,2441,4.01
1239,26-09-2025,15:34:42:228345,2396,3.99
1240,26-09-2025,15:34:45:108285,2397,4
1241,26-09-2025,15:34:48:378285,2403,4.03
1242,26-09-2025,15:34:51:655284,2402,4
1243,26-09-2025,15:34:55:138285,2405,4.01
1244,26-09-2025,15:34:58:617284,2399,4.02
1245,26-09-2025,15:35:01:488285,2401,4.01
1246,26-09-2025,15:35:04:962285,2439,4.06
1247,26-09-2025,15:35:08:446285,2399,4.02
1248,26-09-2025,15:35:11:525285,2400,4
1249,26-09-2025,15:35:15:103314,2387,4.09
1250,26-09-2025,15:35:18:485285,2399,4.02
1251,26-09-2025,15:35:21:968285,2397,4.06
1252,26-09-2025,15:35:25:032285,2391,4.02
1253,26-09-2025,15:35:28:323285,2433,4.01
1254,26-09-2025,15:35:31:591284,2401,4.02
1255,26-09-2025,15:35:35:075285,2397,4.02
1256,26-09-2025,15:35:38:564285,2400,4.06
1257,26-09-2025,15:35:41:416285,2397,4.03
1258,26-09-2025,15:35:44:488285,2399,3.99
1259,26-09-2025,15:35:49:626285,2395,4.03
1260,26-09-2025,15:35:53:296285,2400,3.99
1261,26-09-2025,15:35:56:370285,2400,3.99
1262,26-09-2025,15:35:59:650285,2437,4.04
1263,26-09-2025,15:36:03:553285,2399,4.04
1264,26-09-2025,15:36:06:413285,2393,4.04
1265,26-09-2025,15:36:09:687285,2397,4.07
1266,26-09-2025,15:36:13:173285,2387,4
1267,26-09-2025,15:36:16:673325,2394,4.03
1268,26-09-2025,15:36:20:126285,2395,4
1269,26-09-2025,15:36:23:401285,2391,4
1270,26-09-2025,15:36:27:296285,2432,4.01
1271,26-09-2025,15:36:30:577285,2391,3.98
1272,26-09-2025,15:36:34:767285,2387,4.03
1273,26-09-2025,15:36:38:148285,2399,3.99
1274,26-09-2025,15:36:41:229285,2438,4.02
1275,26-09-2025,15:36:45:531285,2438,4.03
1276,26-09-2025,15:36:49:005285,2397,4.05
1277,26-09-2025,15:36:52:283333,2394,4.01
1278,26-09-2025,15:36:55:356284,2435,4.08
1279,26-09-2025,15:36:58:848285,2394,4.01
1280,26-09-2025,15:37:01:290285,2435,3.99
1281,26-09-2025,15:37:04:360347,2399,4.05
1282,26-09-2025,15:37:07:643285,2397,4
1283,26-09-2025,15:37:10:299285,2432,4.02
1284,26-09-2025,15:37:13:784285,2385,4.03
1285,26-09-2025,15:37:17:060285,2395,4.02
1286,26-09-2025,15:37:20:348285,2435,4.02
1287,26-09-2025,15:37:24:646285,2434,4.03
1288,26-09-2025,15:37:28:123284,2427,4.01
1289,26-09-2025,15:37:30:989285,2430,4.01
1290,26-09-2025,15:37:34:056284,2387,4.01
1291,26-09-2025,15:37:37:164285,2386,4.03
1292,26-09-2025,15:37:41:635284,2389,3.94
1293,26-09-2025,15:37:45:327285,2437,4.01
1294,26-09-2025,15:37:48:195285,2432,3.98
1295,26-09-2025,15:37:51:468285,2395,4.01
1296,26-09-2025,15:37:54:545284,2432,4.01
1297,26-09-2025,15:37:57:615285,2431,4.01
1298,26-09-2025,15:38:00:278285,2432,3.98
1299,26-09-2025,15:38:03:554284,2431,4.12
1300,26-09-2025,15:38:07:029285,2384,4.02
1301,26-09-2025,15:38:10:313285,2431,3.99
1302,26-09-2025,15:38:13:388285,2389,4.01
1303,26-09-2025,15:38:22:850281,2430,4.03
1304,26-09-2025,15:38:16:658285,2432,4.03
1305,26-09-2025,15:38:25:877285,2433,4.02
1306,26-09-2025,15:38:28:944285,2428,4.12
1307,26-09-2025,15:38:32:426285,2436,4.04
1308,26-09-2025,15:38:35:496285,2430,4.01
1309,26-09-2025,15:38:39:392285,2432,4.01
1310,26-09-2025,15:38:42:666286,2431,4.09
1311,26-09-2025,15:38:46:356286,2432,4.02
1312,26-09-2025,15:38:52:942281,2393,4.03
1313,26-09-2025,15:38:56:593286,2432,4.06
1314,26-09-2025,15:39:00:282286,2427,4.01
1315,26-09-2025,15:39:03:968286,2431,4.05
1316,26-09-2025,15:39:07:989286,2433,4.02
1317,26-09-2025,15:39:11:958286,2434,4.02
1318,26-09-2025,15:39:17:686286,2432,4.03
1319,26-09-2025,15:39:21:576286,2391,3.99
1320,26-09-2025,15:39:25:063286,2431,4
1321,26-09-2025,15:39:28:952286,2435,4.02
1322,26-09-2025,15:39:33:050286,2431,4.02
1323,26-09-2025,15:39:36:936286,2391,4.02
1324,26-09-2025,15:39:40:622286,2388,4
1325,26-09-2025,15:39:44:107286,2429,3.99
1326,26-09-2025,15:39:47:595355,2443,4.06
1327,26-09-2025,15:39:50:862286,2434,4.03
1328,26-09-2025,15:39:54:450286,2432,3.98
1329,26-09-2025,15:39:59:056286,2431,4.01
1330,26-09-2025,15:40:03:869286,2429,4
1331,26-09-2025,15:40:07:658286,2439,4.01
1332,26-09-2025,15:40:11:963286,2433,4.02
1333,26-09-2025,15:40:15:439286,2433,4.01
1334,26-09-2025,15:40:19:331286,2435,4.01
1335,26-09-2025,15:40:23:223285,2430,3.99
1336,26-09-2025,15:40:26:703286,2434,4.02
1337,26-09-2025,15:40:31:009286,2435,3.98
1338,26-09-2025,15:40:34:695286,2435,4.01
1339,26-09-2025,15:40:38:384285,2431,4.04
1340,26-09-2025,15:40:42:275285,2432,4.03
1341,26-09-2025,15:40:45:752285,2433,4.03
1342,26-09-2025,15:40:50:051286,2431,4.15
1343,26-09-2025,15:40:53:537286,2437,4.02
1344,26-09-2025,15:41:00:121485,2397,3.99
1345,26-09-2025,15:41:04:593284,2433,4.01
1346,26-09-2025,15:41:08:483292,2432,4.03
1347,26-09-2025,15:41:12:381285,2434,4.03
1348,26-09-2025,15:41:16:266286,2390,4.01
1349,26-09-2025,15:41:20:155286,2434,4.04
1350,26-09-2025,15:41:24:279286,2432,4.04
1351,26-09-2025,15:41:27:742285,2433,4.01
1352,26-09-2025,15:41:32:245286,2432,4.01
1353,26-09-2025,15:41:36:140286,2438,4.04
1354,26-09-2025,15:41:40:027286,2441,4.11
1355,26-09-2025,15:41:43:301286,2432,4.03
1356,26-09-2025,15:41:46:778285,2431,4.05
1357,26-09-2025,15:41:50:470286,2434,4.01
1358,26-09-2025,15:41:53:951285,2439,3.99
1359,26-09-2025,15:41:57:844285,2429,4
1360,26-09-2025,15:42:01:327285,2427,4.03
1361,26-09-2025,15:42:05:214286,2434,4
1362,26-09-2025,15:42:09:308286,2435,4.01
1363,26-09-2025,15:42:12:788285,2434,4.02
1364,26-09-2025,15:42:16:890286,2432,4.01
1365,26-09-2025,15:42:20:808286,2398,4.06
1366,26-09-2025,15:42:25:084286,2432,4.02
1367,26-09-2025,15:42:29:180286,2432,4
1368,26-09-2025,15:42:33:286286,2431,4.09
1369,26-09-2025,15:42:37:580286,2432,4.02
1370,26-09-2025,15:42:41:262286,2425,4.06
1371,26-09-2025,15:42:44:538286,2430,4.02
1372,26-09-2025,15:42:48:433286,2433,4.01
1373,26-09-2025,15:42:52:323285,2395,4.02
1374,26-09-2025,15:42:55:813284,2389,4.02
1375,26-09-2025,15:42:58:667285,2434,4.06
1376,26-09-2025,15:43:02:352285,2398,4.03
1377,26-09-2025,15:43:05:216285,2438,3.99
1378,26-09-2025,15:43:08:299284,2396,4.03
1379,26-09-2025,15:43:11:162285,2427,3.99
1380,26-09-2025,15:43:14:266285,2393,3.99
1381,26-09-2025,15:43:17:109285,2431,4.04
1382,26-09-2025,15:43:20:787284,2432,4.04
1383,26-09-2025,15:43:24:265284,2430,4.04
1384,26-09-2025,15:43:27:337285,2437,4.07
1385,26-09-2025,15:43:30:640285,2390,4
1386,26-09-2025,15:43:33:895285,2432,4.03
1387,26-09-2025,15:43:37:377284,2388,4
1388,26-09-2025,15:43:40:239285,2439,4
1389,26-09-2025,15:43:43:752285,2398,4.01
1390,26-09-2025,15:43:47:850283,2433,3.98
1391,26-09-2025,15:43:51:915285,2435,4.03
1392,26-09-2025,15:43:54:989285,2491,3.99
1393,26-09-2025,15:43:57:957285,2459,4.02
1394,26-09-2025,15:44:04:342268,2506,4.03
1395,26-09-2025,15:44:07:687284,2504,4.05
1396,26-09-2025,15:44:10:549285,2460,4.01
1397,26-09-2025,15:44:13:935285,2465,4.08
1398,26-09-2025,15:44:16:695285,2467,4.01
1399,26-09-2025,15:44:20:173285,2463,3.99
1400,26-09-2025,15:44:23:359285,2463,4.05
1401,26-09-2025,15:44:27:139416,2463,4
1402,26-09-2025,15:44:30:825285,2512,4.02
1403,26-09-2025,15:44:33:902285,2506,4.03
1404,26-09-2025,15:44:36:563285,2469,4.02
1405,26-09-2025,15:44:39:223285,2506,4.02
1406,26-09-2025,15:44:41:889285,2507,4.03
1407,26-09-2025,15:44:45:579284,2470,4.01
1408,26-09-2025,15:44:48:667284,2489,4.01
1409,26-09-2025,15:44:51:550285,2461,4.01
1410,26-09-2025,15:44:54:482285,2503,4.03
1411,26-09-2025,15:44:57:866284,2503,3.94
1412,26-09-2025,15:45:01:757285,2463,4.01
1413,26-09-2025,15:45:07:281284,2501,3.98
1414,26-09-2025,15:45:10:350284,2505,4.01
1415,26-09-2025,15:45:13:228284,2503,4.01
1416,26-09-2025,15:45:16:296284,2502,4.01
1417,26-09-2025,15:45:19:161285,2501,3.98
1418,26-09-2025,15:45:22:045285,2458,4.12
1419,26-09-2025,15:45:24:693285,2462,4.02
1420,26-09-2025,15:45:27:760285,2503,3.99
1421,26-09-2025,15:45:30:833284,2465,4.01
1422,26-09-2025,15:45:34:314284,2462,4.03
1423,26-09-2025,15:45:38:000285,2496,4.03
1424,26-09-2025,15:45:40:880285,2459,4.02
1425,26-09-2025,15:45:45:992284,2501,4.12
1426,26-09-2025,15:45:48:882285,2459,4.04
1427,26-09-2025,15:45:52:338285,2458,4.01
1428,26-09-2025,15:45:55:412284,2499,4.01
1429,26-09-2025,15:45:58:271285,2501,4.09
1430,26-09-2025,15:46:00:940284,2501,4.02
1431,26-09-2025,15:46:04:424285,2501,4.03
1432,26-09-2025,15:46:07:493285,2502,4.06
1433,26-09-2025,15:46:10:976285,2497,4.01
1434,26-09-2025,15:46:13:638360,2455,4.05
1435,26-09-2025,15:46:16:909285,2499,4.02
1436,26-09-2025,15:46:20:206284,2500,4.02
1437,26-09-2025,15:46:23:060285,2506,4.03
1438,26-09-2025,15:46:26:126285,2502,3.99
1439,26-09-2025,15:46:28:801285,2453,4
1440,26-09-2025,15:46:31:456285,2455,4.02
1441,26-09-2025,15:46:34:531285,2453,4.02
1442,26-09-2025,15:46:37:802285,2491,4.02
1443,26-09-2025,15:46:40:664284,2451,4
1444,26-09-2025,15:46:43:330285,2453,3.99
1445,26-09-2025,15:46:46:235284,2444,4.06
1446,26-09-2025,15:46:49:171285,2443,4.03
1447,26-09-2025,15:46:52:149285,2454,3.98
1448,26-09-2025,15:46:55:416285,2463,4.01
1449,26-09-2025,15:46:59:101284,2496,4