SNO,Timestamp,Phase,Heater_Profile,Heater_Temparature,MQ136,MQ138_A,MQ138_B,BME688_D,BME688_C,TGS2602,SPEC,Alpha_PID,Temp,Hum,ActiveSensorsArray,VOC_Activated,Concentration,Distance
1,7/16/25 10:21,Pre-Puff,HP322,40,78,71,71,33.5,40,27473,538,643,21.49,52,"1,2,3,4,5,6,7,8",NA,0,0
2,7/16/25 10:21,Pre-Puff,HP322,40,79,71,71,42.2,40,27493,559,688,23.21,52,"1,2,3,4,5,6,7,8",NA,0,0
3,7/16/25 10:21,Pre-Puff,HP322,40,73,75,75,52,40,27533,556,527,24.91,54,"1,2,3,4,5,6,7,8",NA,0,0
4,7/16/25 10:21,Pre-Puff,HP322,40,80,73,73,59.9,40,27575,604,625,24.46,53,"1,2,3,4,5,6,7,8",NA,0,0
5,7/16/25 10:21,Pre-Puff,HP322,40,80,72,72,67.6,40,27620,544,609,20.08,50,"1,2,3,4,5,6,7,8",NA,0,0
6,7/16/25 10:21,Pre-Puff,HP322,40,77,48,48,74.8,40,27667,538,580,22.77,51,"1,2,3,4,5,6,7,8",NA,0,0
7,7/16/25 10:21,Pre-Puff,HP324,50,78,68,68,72.5,40,27714,527,706,25.44,55,"1,2,3,4,5,6,7,8",NA,0,0
8,7/16/25 10:22,Pre-Puff,HP324,50,69,68,68,79.5,40,27760,537,681,24.98,53,"1,2,3,4,5,6,7,8",NA,0,0
9,7/16/25 10:22,Pre-Puff,HP324,50,80,71,71,85.5,40,27807,548,599,20.32,52,"1,2,3,4,5,6,7,8",NA,0,0
10,7/16/25 10:22,Pre-Puff,HP324,50,77,69,69,91.1,40,27855,588,596,26.09,54,"1,2,3,4,5,6,7,8",NA,0,0
11,7/16/25 10:22,Pre-Puff,HP324,50,71,67,67,98.3,40,27898,587,623,22.52,52,"1,2,3,4,5,6,7,8",NA,0,0
12,7/16/25 10:22,Pre-Puff,HP324,50,80,67,67,104.5,40,27940,597,716,25.56,52,"1,2,3,4,5,6,7,8",NA,0,0
13,7/16/25 10:22,Pre-Puff,HP324,50,80,70,70,109.9,40,27983,617,599,23.38,52,"1,2,3,4,5,6,7,8",NA,0,0
14,7/16/25 10:22,Pre-Puff,HP324,50,79,71,71,115.5,40,28020,518,592,23.11,54,"1,2,3,4,5,6,7,8",NA,0,0
15,7/16/25 10:22,Pre-Puff,HP324,50,80,73,73,120.8,40,28062,514,596,29.37,50,"1,2,3,4,5,6,7,8",NA,0,0
16,7/16/25 10:22,Pre-Puff,HP354,60,78,69,69,106.6,40,28102,583,642,27.12,50,"1,2,3,4,5,6,7,8",NA,0,0
17,7/16/25 10:22,Pre-Puff,HP354,60,82,65,65,106.6,40,28136,571,608,25.41,50,"1,2,3,4,5,6,7,8",NA,0,0
18,7/16/25 10:22,Pre-Puff,HP354,60,77,71,71,109.7,40,28173,570,711,26.78,55,"1,2,3,4,5,6,7,8",NA,0,0
19,7/16/25 10:22,Pre-Puff,HP354,60,80,71,71,112.4,40,28199,585,596,23.55,52,"1,2,3,4,5,6,7,8",NA,0,0
20,7/16/25 10:22,Pre-Puff,HP354,60,80,74,74,115.1,40,28230,513,715,28.65,50,"1,2,3,4,5,6,7,8",NA,0,0
21,7/16/25 10:22,Pre-Puff,HP354,60,80,73,73,117.8,40,28263,599,672,29.51,53,"1,2,3,4,5,6,7,8",NA,0,0
22,7/16/25 10:22,Pre-Puff,HP354,60,78,69,69,120.2,40,28289,607,590,23.96,55,"1,2,3,4,5,6,7,8",NA,0,0
23,7/16/25 10:22,Pre-Puff,HP354,60,77,70,70,122.9,40,28319,552,662,26.19,53,"1,2,3,4,5,6,7,8",NA,0,0
24,7/16/25 10:22,Pre-Puff,HP354,60,77,67,67,124.4,40,28351,519,516,25.83,51,"1,2,3,4,5,6,7,8",NA,0,0
25,7/16/25 10:22,Pre-Puff,HP413,70,80,70,70,109.1,40,28380,555,575,20.08,52,"1,2,3,4,5,6,7,8",NA,0,0
26,7/16/25 10:22,Pre-Puff,HP413,70,80,72,72,109.8,40,28405,507,516,25.1,54,"1,2,3,4,5,6,7,8",NA,0,0
27,7/16/25 10:22,Pre-Puff,HP413,70,85,69,69,110,40,28435,553,505,28.13,51,"1,2,3,4,5,6,7,8",NA,0,0
28,7/16/25 10:22,Pre-Puff,HP413,70,37,37,37,111.6,40,28462,548,633,24.63,55,"1,2,3,4,5,6,7,8",NA,0,0
29,7/16/25 10:22,Pre-Puff,HP413,70,80,73,73,111.4,40,28486,595,654,27.9,52,"1,2,3,4,5,6,7,8",NA,0,0
30,7/16/25 10:22,Pre-Puff,HP413,70,80,75,75,112,40,28510,547,555,21.79,50,"1,2,3,4,5,6,7,8",NA,0,0
31,7/16/25 10:22,Pre-Puff,HP413,70,79,74,74,111.5,40,28531,566,706,25.26,55,"1,2,3,4,5,6,7,8",NA,0,0
32,7/16/25 10:22,Pre-Puff,HP413,70,72,75,75,112,40,28555,606,634,27.97,55,"1,2,3,4,5,6,7,8",NA,0,0
33,7/16/25 10:22,Pre-Puff,HP413,70,79,71,71,111.9,40,28576,505,707,24.24,55,"1,2,3,4,5,6,7,8",NA,0,0
34,7/16/25 10:22,Pre-Puff,HP501,80,74,66,66,88.3,40,28596,500,592,27.62,53,"1,2,3,4,5,6,7,8",NA,0,0
35,7/16/25 10:22,Pre-Puff,HP501,80,80,74,74,87,40,28617,508,550,26.84,55,"1,2,3,4,5,6,7,8",NA,0,0
36,7/16/25 10:22,Pre-Puff,HP501,80,78,76,76,85,40,28634,502,619,26.87,55,"1,2,3,4,5,6,7,8",NA,0,0
37,7/16/25 10:22,Pre-Puff,HP501,80,80,74,74,83.3,40,28651,596,582,21.3,55,"1,2,3,4,5,6,7,8",NA,0,0
38,7/16/25 10:22,Pre-Puff,HP501,80,80,71,71,82.3,40,28666,605,667,21.36,50,"1,2,3,4,5,6,7,8",NA,0,0
39,7/16/25 10:22,Pre-Puff,HP501,80,80,73,73,81.5,40,28685,578,560,21.39,50,"1,2,3,4,5,6,7,8",NA,0,0
40,7/16/25 10:22,Pre-Puff,HP501,80,76,69,69,80.9,40,28700,512,522,21.22,53,"1,2,3,4,5,6,7,8",NA,0,0
41,7/16/25 10:23,Pre-Puff,HP501,80,79,65,65,80,40,28716,532,597,28.18,54,"1,2,3,4,5,6,7,8",NA,0,0
42,7/16/25 10:23,Pre-Puff,HP501,80,80,74,74,79.4,40,28733,532,639,21.71,55,"1,2,3,4,5,6,7,8",NA,0,0
43,7/16/25 10:23,Pre-Puff,HP503,90,80,74,74,68.7,40,28747,590,564,20.81,50,"1,2,3,4,5,6,7,8",NA,0,0
44,7/16/25 10:23,Pre-Puff,HP503,90,80,77,77,67.5,40,28758,526,568,23.69,50,"1,2,3,4,5,6,7,8",NA,0,0
45,7/16/25 10:23,Pre-Puff,HP503,90,80,76,76,66.4,40,28771,512,622,20.09,55,"1,2,3,4,5,6,7,8",NA,0,0
46,7/16/25 10:23,Pre-Puff,HP503,90,46,34,34,65.8,40,28787,534,524,28.49,55,"1,2,3,4,5,6,7,8",NA,0,0
47,7/16/25 10:23,Pre-Puff,HP503,90,87,74,74,64.9,40,28798,516,707,20.74,50,"1,2,3,4,5,6,7,8",NA,0,0
48,7/16/25 10:23,Pre-Puff,HP503,90,80,55,55,64.2,40,28809,530,583,29.14,53,"1,2,3,4,5,6,7,8",NA,0,0
49,7/16/25 10:23,Pre-Puff,HP503,90,75,67,67,63.8,40,28820,556,572,23.67,51,"1,2,3,4,5,6,7,8",NA,0,0
50,7/16/25 10:23,Pre-Puff,HP503,90,80,71,71,63.3,40,28829,527,662,27.15,55,"1,2,3,4,5,6,7,8",NA,0,0
51,7/16/25 10:23,Pre-Puff,HP503,90,80,73,73,62.5,40,28838,592,600,21.03,55,"1,2,3,4,5,6,7,8",NA,0,0
52,7/16/25 10:23,Pre-Puff,HP322,100,50,45,45,51.4,40,28852,578,621,29.74,50,"1,2,3,4,5,6,7,8",NA,0,0
53,7/16/25 10:23,Pre-Puff,HP322,100,80,75,75,50.6,40,28864,543,731,29.94,52,"1,2,3,4,5,6,7,8",NA,0,0
54,7/16/25 10:23,Pre-Puff,HP322,100,78,70,70,49.3,40,28880,526,643,21.56,54,"1,2,3,4,5,6,7,8",NA,0,0
55,7/16/25 10:23,Pre-Puff,HP322,100,80,75,75,48.6,40,28891,545,547,22.22,50,"1,2,3,4,5,6,7,8",NA,0,0
56,7/16/25 10:23,Pre-Puff,HP322,100,80,70,70,48,40,28905,579,724,20.29,52,"1,2,3,4,5,6,7,8",NA,0,0
57,7/16/25 10:23,Pre-Puff,HP322,100,102,71,71,46.7,40,28916,527,663,22.77,53,"1,2,3,4,5,6,7,8",NA,0,0
58,7/16/25 10:23,Pre-Puff,HP322,100,78,69,69,46,40,28930,606,518,25.2,55,"1,2,3,4,5,6,7,8",NA,0,0
59,7/16/25 10:23,Pre-Puff,HP322,100,80,75,75,45.8,40,28942,530,540,21.16,55,"1,2,3,4,5,6,7,8",NA,0,0
60,7/16/25 10:23,Pre-Puff,HP322,100,80,76,76,45.5,40,28949,618,653,29.44,52,"1,2,3,4,5,6,7,8",NA,0,0
61,7/16/25 10:23,Pre-Puff,HP324,110,81,76,76,40,40,28958,587,677,25.95,55,"1,2,3,4,5,6,7,8",NA,0,0
62,7/16/25 10:23,Pre-Puff,HP324,110,100,75,75,39.5,40,28966,535,650,26.01,52,"1,2,3,4,5,6,7,8",NA,0,0
63,7/16/25 10:23,Pre-Puff,HP324,110,52,39,39,39.1,40,28976,569,583,25.05,51,"1,2,3,4,5,6,7,8",NA,0,0
64,7/16/25 10:23,Pre-Puff,HP324,110,80,76,76,38.7,40,28983,536,611,27.99,54,"1,2,3,4,5,6,7,8",NA,0,0
65,7/16/25 10:23,Pre-Puff,HP324,110,85,77,77,38.3,40,28996,591,734,25.99,51,"1,2,3,4,5,6,7,8",NA,0,0
66,7/16/25 10:23,Pre-Puff,HP324,110,80,76,76,37.9,40,28996,514,602,23.79,54,"1,2,3,4,5,6,7,8",NA,0,0
67,7/16/25 10:23,Pre-Puff,HP324,110,83,74,74,37.7,40,29001,543,712,22.67,55,"1,2,3,4,5,6,7,8",NA,0,0
68,7/16/25 10:23,Pre-Puff,HP324,110,81,75,75,37.7,40,29009,550,684,25.92,53,"1,2,3,4,5,6,7,8",NA,0,0
69,7/16/25 10:23,Pre-Puff,HP354,120,83,54,54,31.5,40,29023,560,540,26.02,55,"1,2,3,4,5,6,7,8",NA,0,0
70,7/16/25 10:23,Pre-Puff,HP354,120,80,76,76,30.8,40,29032,582,637,27.72,52,"1,2,3,4,5,6,7,8",NA,0,0
71,7/16/25 10:23,Pre-Puff,HP354,120,79,73,73,30.3,40,29039,536,737,21.89,52,"1,2,3,4,5,6,7,8",NA,0,0
72,7/16/25 10:23,Pre-Puff,HP354,120,80,76,76,29.9,40,29047,556,680,20.95,50,"1,2,3,4,5,6,7,8",NA,0,0
73,7/16/25 10:24,Pre-Puff,HP354,120,80,76,76,29.6,40,29058,547,715,26.85,51,"1,2,3,4,5,6,7,8",NA,0,0
74,7/16/25 10:24,Pre-Puff,HP354,120,82,75,75,29.3,40,29066,604,513,24.04,51,"1,2,3,4,5,6,7,8",NA,0,0
75,7/16/25 10:24,Pre-Puff,HP354,120,48,48,48,29.2,40,29070,547,546,23.33,52,"1,2,3,4,5,6,7,8",NA,0,0
76,7/16/25 10:24,Pre-Puff,HP354,120,80,75,75,29,40,29076,568,605,27.32,54,"1,2,3,4,5,6,7,8",NA,0,0
77,7/16/25 10:24,Pre-Puff,HP354,120,80,75,75,28.9,40,29083,509,703,24.15,51,"1,2,3,4,5,6,7,8",NA,0,0
78,7/16/25 10:24,Pre-Puff,HP413,130,78,67,67,25.8,40,29089,570,712,27.44,50,"1,2,3,4,5,6,7,8",NA,0,0
79,7/16/25 10:24,Pre-Puff,HP413,130,77,74,74,25.4,40,29095,614,529,29.93,54,"1,2,3,4,5,6,7,8",NA,0,0
80,7/16/25 10:24,Pre-Puff,HP413,130,81,74,74,25.2,40,29102,535,637,25.54,53,"1,2,3,4,5,6,7,8",NA,0,0
81,7/16/25 10:24,Pre-Puff,HP413,130,80,74,74,25.1,40,29105,605,560,27.78,53,"1,2,3,4,5,6,7,8",NA,0,0
82,7/16/25 10:24,Pre-Puff,HP413,130,80,77,77,24.9,40,29114,589,702,26.17,53,"1,2,3,4,5,6,7,8",NA,0,0
83,7/16/25 10:24,Pre-Puff,HP413,130,82,73,73,24.7,40,29121,560,738,21.84,53,"1,2,3,4,5,6,7,8",NA,0,0
84,7/16/25 10:24,Pre-Puff,HP413,130,80,77,77,24.7,40,29129,504,676,26.5,53,"1,2,3,4,5,6,7,8",NA,0,0
85,7/16/25 10:24,Pre-Puff,HP413,130,80,70,70,24.6,40,29132,592,630,20.13,53,"1,2,3,4,5,6,7,8",NA,0,0
86,7/16/25 10:24,Pre-Puff,HP501,140,80,67,67,20.4,40,29132,616,596,29.44,51,"1,2,3,4,5,6,7,8",NA,0,0
87,7/16/25 10:24,Pre-Puff,HP501,140,78,73,73,20.4,40,29137,535,540,25.05,50,"1,2,3,4,5,6,7,8",NA,0,0
88,7/16/25 10:24,Pre-Puff,HP501,140,82,75,75,19.9,40,29140,570,667,24.71,50,"1,2,3,4,5,6,7,8",NA,0,0
89,7/16/25 10:24,Pre-Puff,HP501,140,80,78,78,19.6,40,29146,583,571,27.41,54,"1,2,3,4,5,6,7,8",NA,0,0
90,7/16/25 10:24,Pre-Puff,HP501,140,82,78,78,19.5,40,29155,552,660,22.45,53,"1,2,3,4,5,6,7,8",NA,0,0
91,7/16/25 10:24,Pre-Puff,HP501,140,78,69,69,19.5,40,29160,514,542,21.42,54,"1,2,3,4,5,6,7,8",NA,0,0
92,7/16/25 10:24,Pre-Puff,HP501,140,79,70,70,19.3,40,29160,529,697,27.17,54,"1,2,3,4,5,6,7,8",NA,0,0
93,7/16/25 10:24,Pre-Puff,HP501,140,76,70,70,19.1,40,29161,516,653,22.95,53,"1,2,3,4,5,6,7,8",NA,0,0
94,7/16/25 10:24,Pre-Puff,HP503,150,80,77,77,17.2,40,29162,620,667,28.07,50,"1,2,3,4,5,6,7,8",NA,0,0
95,7/16/25 10:24,Pre-Puff,HP503,150,81,77,77,17.1,40,29163,573,541,28.2,51,"1,2,3,4,5,6,7,8",NA,0,0
96,7/16/25 10:24,Pre-Puff,HP503,150,82,74,74,17,40,29169,520,730,27.14,51,"1,2,3,4,5,6,7,8",NA,0,0
97,7/16/25 10:24,Pre-Puff,HP503,150,85,79,79,16.8,40,29175,582,575,27.27,52,"1,2,3,4,5,6,7,8",NA,0,0
98,7/16/25 10:24,Pre-Puff,HP503,150,83,75,75,16.7,40,29175,566,629,29.07,50,"1,2,3,4,5,6,7,8",NA,0,0
99,7/16/25 10:24,Pre-Puff,HP503,150,50,42,42,16.8,40,29183,583,730,28.28,52,"1,2,3,4,5,6,7,8",NA,0,0
100,7/16/25 10:24,Pre-Puff,HP503,150,79,77,77,16.6,40,29188,544,537,29.21,55,"1,2,3,4,5,6,7,8",NA,0,0
101,7/16/25 10:24,Pre-Puff,HP503,150,86,77,77,16.6,40,29195,578,700,21.31,52,"1,2,3,4,5,6,7,8",NA,0,0
102,7/16/25 10:24,Pre-Puff,HP322,160,82,80,80,14.2,100,29199,602,658,29.8,51,"1,2,3,4,5,6,7,8",NA,0,0
103,7/16/25 10:24,Pre-Puff,HP322,160,80,77,77,14.1,40,29206,555,725,21.29,55,"1,2,3,4,5,6,7,8",NA,0,0
104,7/16/25 10:25,Pre-Puff,HP322,160,71,67,67,13.9,40,29210,589,725,23.7,55,"1,2,3,4,5,6,7,8",NA,0,0
105,7/16/25 10:25,Pre-Puff,HP322,160,80,73,73,13.8,40,29211,526,531,21.66,54,"1,2,3,4,5,6,7,8",NA,0,0
106,7/16/25 10:25,Pre-Puff,HP322,160,80,76,76,13.7,40,29216,610,635,25.01,53,"1,2,3,4,5,6,7,8",NA,0,0
107,7/16/25 10:25,Pre-Puff,HP322,160,82,77,77,13.6,40,29219,505,547,25.2,52,"1,2,3,4,5,6,7,8",NA,0,0
108,7/16/25 10:25,Pre-Puff,HP322,160,81,79,79,13.5,40,29224,573,705,20.3,53,"1,2,3,4,5,6,7,8",NA,0,0
109,7/16/25 10:25,Pre-Puff,HP322,160,81,77,77,13.5,40,29225,584,724,28.76,53,"1,2,3,4,5,6,7,8",NA,0,0
110,7/16/25 10:25,Pre-Puff,HP324,170,80,69,69,12.2,40,29225,503,568,21.46,55,"1,2,3,4,5,6,7,8",NA,0,0
111,7/16/25 10:25,Pre-Puff,HP324,170,80,75,75,12.1,40,29231,587,514,22.55,55,"1,2,3,4,5,6,7,8",NA,0,0
112,7/16/25 10:25,Pre-Puff,HP324,170,83,77,77,12.1,40,29235,584,546,26.31,50,"1,2,3,4,5,6,7,8",NA,0,0
113,7/16/25 10:25,Pre-Puff,HP324,170,82,79,79,11.7,40,29238,505,681,21.14,55,"1,2,3,4,5,6,7,8",NA,0,0
114,7/16/25 10:25,Pre-Puff,HP324,170,79,71,71,11.6,40,29238,578,607,29.67,55,"1,2,3,4,5,6,7,8",NA,0,0
115,7/16/25 10:25,Pre-Puff,HP324,170,70,69,69,11.6,40,29243,542,666,26.05,55,"1,2,3,4,5,6,7,8",NA,0,0
116,7/16/25 10:25,Pre-Puff,HP324,170,81,77,77,11.5,40,29246,605,604,25.15,50,"1,2,3,4,5,6,7,8",NA,0,0
117,7/16/25 10:25,Pre-Puff,HP324,170,54,46,46,11.5,40,29246,527,599,21.83,52,"1,2,3,4,5,6,7,8",NA,0,0
118,7/16/25 10:25,Pre-Puff,HP354,180,80,69,69,10.1,40,29249,569,558,21.44,50,"1,2,3,4,5,6,7,8",NA,0,0
119,7/16/25 10:25,Pre-Puff,HP354,180,82,77,77,9.9,40,29253,529,657,23.75,55,"1,2,3,4,5,6,7,8",NA,0,0
120,7/16/25 10:25,Pre-Puff,HP354,180,78,70,70,9.8,40,29258,537,716,26.94,51,"1,2,3,4,5,6,7,8",NA,0,0
121,7/16/25 10:25,Pre-Puff,HP354,180,80,75,75,9.8,40,29264,540,677,22.51,54,"1,2,3,4,5,6,7,8",NA,0,0
122,7/16/25 10:25,Pre-Puff,HP354,180,82,72,72,9.7,40,29265,521,524,27.44,52,"1,2,3,4,5,6,7,8",NA,0,0
123,7/16/25 10:25,Pre-Puff,HP354,180,81,81,81,9.7,40,29271,570,715,27.47,54,"1,2,3,4,5,6,7,8",NA,0,0
124,7/16/25 10:31,Puff,HP322,40,80,73,73,2960.6,40,29498,617,570,28.68,50,"1,2,3,4,5,6,7,8",Ammonia,2,12
125,7/16/25 10:31,Puff,HP322,40,81,80,80,2582.6,40,29497,585,733,24.78,54,"1,2,3,4,5,6,7,8",Ammonia,2,12
126,7/16/25 10:31,Puff,HP322,40,83,79,79,2437.4,40,29500,531,734,23.51,54,"1,2,3,4,5,6,7,8",Ammonia,2,12
127,7/16/25 10:31,Puff,HP322,40,85,77,77,2349.3,40,29502,600,563,26.24,53,"1,2,3,4,5,6,7,8",Ammonia,2,12
128,7/16/25 10:31,Puff,HP322,40,86,80,80,2303.7,40,29505,575,702,22.32,50,"1,2,3,4,5,6,7,8",Ammonia,2,12
129,7/16/25 10:31,Puff,HP322,40,84,80,80,2256.1,40,29503,538,716,20.85,52,"1,2,3,4,5,6,7,8",Ammonia,2,12
130,7/16/25 10:31,Puff,HP324,50,87,80,80,1816.4,40,29503,593,643,20.82,54,"1,2,3,4,5,6,7,8",Ammonia,2,12
131,7/16/25 10:31,Puff,HP324,50,85,79,79,1808,40,29500,575,534,22.51,55,"1,2,3,4,5,6,7,8",Ammonia,2,12
132,7/16/25 10:31,Puff,HP324,50,84,79,79,1771.6,40,29503,522,580,21.14,52,"1,2,3,4,5,6,7,8",Ammonia,2,12
133,7/16/25 10:31,Puff,HP324,50,82,74,74,1754.6,40,29506,534,738,21.66,54,"1,2,3,4,5,6,7,8",Ammonia,2,12
134,7/16/25 10:31,Puff,HP324,50,87,74,74,1734.5,40,29503,557,738,21.81,51,"1,2,3,4,5,6,7,8",Ammonia,2,12
135,7/16/25 10:31,Puff,HP324,50,83,80,80,1707.4,40,29500,575,562,22.24,50,"1,2,3,4,5,6,7,8",Ammonia,2,12
136,7/16/25 10:31,Puff,HP324,50,80,71,71,1696.8,40,29500,548,540,24.12,50,"1,2,3,4,5,6,7,8",Ammonia,2,12
137,7/16/25 10:31,Puff,HP324,50,84,80,80,1681.1,40,29505,597,624,26.9,50,"1,2,3,4,5,6,7,8",Ammonia,2,12
138,7/16/25 10:31,Puff,HP324,50,83,77,77,1671.8,40,29511,531,621,29.96,54,"1,2,3,4,5,6,7,8",Ammonia,2,12
139,7/16/25 10:31,Puff,HP354,60,85,77,77,1286.4,40,29508,591,645,27.9,52,"1,2,3,4,5,6,7,8",Ammonia,2,12
140,7/16/25 10:31,Puff,HP354,60,83,79,79,1220.9,40,29507,605,636,25.69,51,"1,2,3,4,5,6,7,8",Ammonia,2,12
141,7/16/25 10:31,Puff,HP354,60,100,80,80,1223.1,40,29505,604,683,28.33,52,"1,2,3,4,5,6,7,8",Ammonia,2,12
142,7/16/25 10:32,Puff,HP354,60,80,74,74,1223.1,40,29504,615,720,29.63,55,"1,2,3,4,5,6,7,8",Ammonia,2,12
143,7/16/25 10:32,Puff,HP354,60,80,78,78,1223.1,40,29504,561,689,21.75,53,"1,2,3,4,5,6,7,8",Ammonia,2,12
144,7/16/25 10:32,Puff,HP354,60,84,80,80,1226.3,40,29506,547,694,27.18,55,"1,2,3,4,5,6,7,8",Ammonia,2,12
145,7/16/25 10:32,Puff,HP354,60,84,80,80,1231.9,40,29506,571,550,27.32,52,"1,2,3,4,5,6,7,8",Ammonia,2,12
146,7/16/25 10:32,Puff,HP354,60,85,80,80,1233,40,29511,613,740,27.17,51,"1,2,3,4,5,6,7,8",Ammonia,2,12
147,7/16/25 10:32,Puff,HP354,60,85,80,80,1245.4,40,29512,523,504,22.44,54,"1,2,3,4,5,6,7,8",Ammonia,2,12
148,7/16/25 10:32,Puff,HP413,70,84,80,80,1028.6,40,29512,596,623,25.75,53,"1,2,3,4,5,6,7,8",Ammonia,2,12
149,7/16/25 10:32,Puff,HP413,70,86,64,64,1050.8,40,29514,579,738,24.64,53,"1,2,3,4,5,6,7,8",Ammonia,2,12
150,7/16/25 10:32,Puff,HP413,70,83,80,80,1058.9,40,29519,599,667,21.75,50,"1,2,3,4,5,6,7,8",Ammonia,2,12
151,7/16/25 10:32,Puff,HP413,70,85,80,80,1074.8,40,29515,608,561,29.42,51,"1,2,3,4,5,6,7,8",Ammonia,2,12
152,7/16/25 10:32,Puff,HP413,70,83,80,80,1090.2,40,29515,509,673,30,50,"1,2,3,4,5,6,7,8",Ammonia,2,12
153,7/16/25 10:32,Puff,HP413,70,85,80,80,1099,40,29519,537,622,23.01,55,"1,2,3,4,5,6,7,8",Ammonia,2,12
154,7/16/25 10:32,Puff,HP413,70,93,80,80,1122.5,40,29522,534,567,23.82,51,"1,2,3,4,5,6,7,8",Ammonia,2,12
155,7/16/25 10:32,Puff,HP413,70,80,71,71,1138.4,40,29520,583,704,28.77,55,"1,2,3,4,5,6,7,8",Ammonia,2,12
156,7/16/25 10:32,Puff,HP413,70,87,76,76,1155.8,40,29518,571,711,26.85,53,"1,2,3,4,5,6,7,8",Ammonia,2,12
157,7/16/25 10:32,Puff,HP501,80,80,75,75,876.7,40,29520,590,603,20.25,50,"1,2,3,4,5,6,7,8",Ammonia,2,12
158,7/16/25 10:32,Puff,HP501,80,86,80,80,887.5,40,29520,554,684,22.17,54,"1,2,3,4,5,6,7,8",Ammonia,2,12
159,7/16/25 10:32,Puff,HP501,80,84,80,80,889.9,40,29516,532,703,29.51,50,"1,2,3,4,5,6,7,8",Ammonia,2,12
160,7/16/25 10:32,Puff,HP501,80,85,80,80,894.5,40,29520,506,612,25.95,51,"1,2,3,4,5,6,7,8",Ammonia,2,12
161,7/16/25 10:32,Puff,HP501,80,88,79,79,896.9,40,29518,594,583,29.53,50,"1,2,3,4,5,6,7,8",Ammonia,2,12
162,7/16/25 10:32,Puff,HP501,80,80,73,73,899.2,40,29518,526,505,20.77,50,"1,2,3,4,5,6,7,8",Ammonia,2,12
163,7/16/25 10:32,Puff,HP501,80,90,79,79,898,40,29520,617,607,24.94,55,"1,2,3,4,5,6,7,8",Ammonia,2,12
164,7/16/25 10:32,Puff,HP501,80,82,80,80,898,40,29519,568,569,27.46,52,"1,2,3,4,5,6,7,8",Ammonia,2,12
165,7/16/25 10:32,Puff,HP501,80,83,80,80,893.9,40,29520,510,575,26.07,54,"1,2,3,4,5,6,7,8",Ammonia,2,12
166,7/16/25 10:32,Puff,HP503,90,83,80,80,735.4,40,29522,578,573,26.79,53,"1,2,3,4,5,6,7,8",Ammonia,2,12
167,7/16/25 10:32,Puff,HP503,90,86,80,80,719.9,40,29518,584,571,25.16,54,"1,2,3,4,5,6,7,8",Ammonia,2,12
168,7/16/25 10:32,Puff,HP503,90,87,80,80,706.5,40,29520,569,630,21.46,55,"1,2,3,4,5,6,7,8",Ammonia,2,12
169,7/16/25 10:32,Puff,HP503,90,84,80,80,692.1,40,29526,619,570,22.87,53,"1,2,3,4,5,6,7,8",Ammonia,2,12
170,7/16/25 10:32,Puff,HP503,90,87,80,80,682.4,40,29525,559,660,21.52,55,"1,2,3,4,5,6,7,8",Ammonia,2,12
171,7/16/25 10:32,Puff,HP503,90,85,80,80,673,40,29518,581,614,29.55,50,"1,2,3,4,5,6,7,8",Ammonia,2,12
172,7/16/25 10:32,Puff,HP503,90,85,80,80,662.6,40,29520,569,614,22.22,53,"1,2,3,4,5,6,7,8",Ammonia,2,12
173,7/16/25 10:32,Puff,HP503,90,84,80,80,652.4,40,29518,583,740,26.36,55,"1,2,3,4,5,6,7,8",Ammonia,2,12
174,7/16/25 10:32,Puff,HP503,90,86,80,80,646.9,40,29516,511,729,20.34,50,"1,2,3,4,5,6,7,8",Ammonia,2,12
175,7/16/25 10:33,Puff,HP322,100,80,80,80,486.8,100,29519,601,647,27.98,50,"1,2,3,4,5,6,7,8",Ammonia,2,12
176,7/16/25 10:33,Puff,HP322,100,84,80,80,475,40,29516,559,685,23.26,52,"1,2,3,4,5,6,7,8",Ammonia,2,12
177,7/16/25 10:33,Puff,HP322,100,85,78,78,459,40,29521,539,635,20.55,53,"1,2,3,4,5,6,7,8",Ammonia,2,12
178,7/16/25 10:33,Puff,HP322,100,81,80,80,449,40,29521,607,592,21.65,51,"1,2,3,4,5,6,7,8",Ammonia,2,12
179,7/16/25 10:33,Puff,HP322,100,86,80,80,440.6,40,29520,563,579,20.48,55,"1,2,3,4,5,6,7,8",Ammonia,2,12
180,7/16/25 10:33,Puff,HP322,100,94,76,76,433.9,40,29523,620,548,26.53,53,"1,2,3,4,5,6,7,8",Ammonia,2,12
181,7/16/25 10:33,Puff,HP322,100,85,80,80,427.9,40,29521,527,503,26.2,51,"1,2,3,4,5,6,7,8",Ammonia,2,12
182,7/16/25 10:33,Puff,HP322,100,80,82,82,423.1,40,29523,565,706,29.11,50,"1,2,3,4,5,6,7,8",Ammonia,2,12
183,7/16/25 10:33,Puff,HP322,100,87,70,70,419.5,40,29523,523,518,24.77,54,"1,2,3,4,5,6,7,8",Ammonia,2,12
184,7/16/25 10:33,Puff,HP324,110,83,79,79,340.2,40,29520,607,529,23.26,54,"1,2,3,4,5,6,7,8",Ammonia,2,12
185,7/16/25 10:33,Puff,HP324,110,89,80,80,334.2,40,29516,502,644,29.12,54,"1,2,3,4,5,6,7,8",Ammonia,2,12
186,7/16/25 10:33,Puff,HP324,110,67,80,80,327.8,40,29522,528,701,22.85,52,"1,2,3,4,5,6,7,8",Ammonia,2,12
187,7/16/25 10:33,Puff,HP324,110,78,80,80,322.5,40,29525,543,700,23.62,51,"1,2,3,4,5,6,7,8",Ammonia,2,12
188,7/16/25 10:33,Puff,HP324,110,86,80,80,318.6,40,29525,577,563,21.82,51,"1,2,3,4,5,6,7,8",Ammonia,2,12
189,7/16/25 10:33,Puff,HP324,110,82,80,80,315.4,40,29528,557,685,26.55,55,"1,2,3,4,5,6,7,8",Ammonia,2,12
190,7/16/25 10:33,Puff,HP324,110,86,80,80,311.9,40,29528,616,516,23.03,55,"1,2,3,4,5,6,7,8",Ammonia,2,12
191,7/16/25 10:33,Puff,HP324,110,85,80,80,310.2,40,29526,547,713,22.38,51,"1,2,3,4,5,6,7,8",Ammonia,2,12
192,7/16/25 10:33,Puff,HP324,110,85,79,79,307.7,40,29531,551,503,20.56,53,"1,2,3,4,5,6,7,8",Ammonia,2,12
193,7/16/25 10:33,Puff,HP354,120,86,79,79,239.6,40,29529,590,564,21.02,52,"1,2,3,4,5,6,7,8",Ammonia,2,12
194,7/16/25 10:33,Puff,HP354,120,84,80,80,233.3,40,29526,555,717,25.88,55,"1,2,3,4,5,6,7,8",Ammonia,2,12
195,7/16/25 10:33,Puff,HP354,120,87,80,80,227.7,40,29528,575,717,24.48,54,"1,2,3,4,5,6,7,8",Ammonia,2,12
196,7/16/25 10:33,Puff,HP354,120,89,80,80,224.5,40,29530,591,613,23.43,50,"1,2,3,4,5,6,7,8",Ammonia,2,12
197,7/16/25 10:33,Puff,HP354,120,80,73,73,221.6,40,29530,609,581,28.42,50,"1,2,3,4,5,6,7,8",Ammonia,2,12
198,7/16/25 10:33,Puff,HP354,120,89,80,80,218.5,40,29528,594,635,21.03,53,"1,2,3,4,5,6,7,8",Ammonia,2,12
199,7/16/25 10:33,Puff,HP354,120,84,80,80,216.4,40,29529,540,610,24.16,54,"1,2,3,4,5,6,7,8",Ammonia,2,12
200,7/16/25 10:33,Puff,HP354,120,85,80,80,214.9,40,29530,616,726,25.5,53,"1,2,3,4,5,6,7,8",Ammonia,2,12
201,7/16/25 10:33,Puff,HP354,120,86,80,80,211.8,40,29533,516,588,20.73,50,"1,2,3,4,5,6,7,8",Ammonia,2,12
202,7/16/25 10:33,Puff,HP413,130,83,80,80,177.5,40,29533,612,650,25.04,51,"1,2,3,4,5,6,7,8",Ammonia,2,12
203,7/16/25 10:33,Puff,HP413,130,81,76,76,173.9,40,29531,528,608,23.81,51,"1,2,3,4,5,6,7,8",Ammonia,2,12
204,7/16/25 10:33,Puff,HP413,130,85,80,80,170.8,40,29534,617,581,25.05,55,"1,2,3,4,5,6,7,8",Ammonia,2,12
205,7/16/25 10:33,Puff,HP413,130,84,80,80,168.9,40,29530,562,636,27.98,55,"1,2,3,4,5,6,7,8",Ammonia,2,12
206,7/16/25 10:33,Puff,HP413,130,98,80,80,166.4,40,29533,592,670,24.26,54,"1,2,3,4,5,6,7,8",Ammonia,2,12
207,7/16/25 10:33,Puff,HP413,130,82,80,80,164.5,40,29535,565,722,26.14,51,"1,2,3,4,5,6,7,8",Ammonia,2,12
208,7/16/25 10:33,Puff,HP413,130,86,80,80,163.4,40,29534,553,706,21.08,55,"1,2,3,4,5,6,7,8",Ammonia,2,12
209,7/16/25 10:34,Puff,HP413,130,83,80,80,161.4,40,29535,581,716,27.56,54,"1,2,3,4,5,6,7,8",Ammonia,2,12
210,7/16/25 10:34,Puff,HP413,130,85,80,80,160.1,40,29534,516,630,25.71,52,"1,2,3,4,5,6,7,8",Ammonia,2,12
211,7/16/25 10:34,Puff,HP501,140,83,80,80,128.8,40,29536,554,717,22.57,55,"1,2,3,4,5,6,7,8",Ammonia,2,12
212,7/16/25 10:34,Puff,HP501,140,87,80,80,126,40,29541,618,596,29.78,50,"1,2,3,4,5,6,7,8",Ammonia,2,12
213,7/16/25 10:34,Puff,HP501,140,86,80,80,123.5,40,29537,615,713,20.44,50,"1,2,3,4,5,6,7,8",Ammonia,2,12
214,7/16/25 10:34,Puff,HP501,140,83,79,79,121.7,40,29537,553,737,20.65,54,"1,2,3,4,5,6,7,8",Ammonia,2,12
215,7/16/25 10:34,Puff,HP501,140,84,80,80,120,40,29541,604,702,27.69,53,"1,2,3,4,5,6,7,8",Ammonia,2,12
216,7/16/25 10:34,Puff,HP501,140,80,69,69,118.2,40,29538,591,515,23.43,53,"1,2,3,4,5,6,7,8",Ammonia,2,12
217,7/16/25 10:34,Puff,HP501,140,86,80,80,117.1,40,29539,541,535,23.75,55,"1,2,3,4,5,6,7,8",Ammonia,2,12
218,7/16/25 10:34,Puff,HP501,140,85,79,79,116,40,29537,537,614,23.91,54,"1,2,3,4,5,6,7,8",Ammonia,2,12
219,7/16/25 10:34,Puff,HP501,140,80,78,78,114.7,40,29539,583,668,23.72,51,"1,2,3,4,5,6,7,8",Ammonia,2,12
220,7/16/25 10:34,Puff,HP503,150,85,79,79,98.1,40,29541,553,668,21.4,51,"1,2,3,4,5,6,7,8",Ammonia,2,12
221,7/16/25 10:34,Puff,HP503,150,85,80,80,96.2,40,29539,521,601,21.73,50,"1,2,3,4,5,6,7,8",Ammonia,2,12
222,7/16/25 10:34,Puff,HP503,150,85,80,80,94.8,40,29539,584,598,29.2,53,"1,2,3,4,5,6,7,8",Ammonia,2,12
223,7/16/25 10:34,Puff,HP503,150,86,80,80,91.9,40,29539,611,500,26.95,53,"1,2,3,4,5,6,7,8",Ammonia,2,12
224,7/16/25 10:34,Puff,HP503,150,87,77,77,90.9,40,29541,523,699,23,53,"1,2,3,4,5,6,7,8",Ammonia,2,12
225,7/16/25 10:34,Puff,HP503,150,83,80,80,89.4,40,29544,510,573,26.13,54,"1,2,3,4,5,6,7,8",Ammonia,2,12
226,7/16/25 10:34,Puff,HP503,150,85,79,79,88.6,40,29545,544,700,26.46,55,"1,2,3,4,5,6,7,8",Ammonia,2,12
227,7/16/25 10:34,Puff,HP503,150,83,80,80,87.5,40,29542,656,798,29.93,53,"1,2,3,4,5,6,7,8",Ammonia,2,12
228,7/16/25 10:34,Puff,HP503,150,84,80,80,86.3,40,29543,509,736,29.55,55,"1,2,3,4,5,6,7,8",Ammonia,2,12
229,7/16/25 10:34,Puff,HP322,160,85,80,80,70.3,100,29544,520,661,29.95,53,"1,2,3,4,5,6,7,8",Ammonia,2,12
230,7/16/25 10:34,Puff,HP322,160,86,81,81,68.7,40,29543,552,702,29.46,54,"1,2,3,4,5,6,7,8",Ammonia,2,12
231,7/16/25 10:34,Puff,HP322,160,85,77,77,67.2,40,29541,665,757,29.25,53,"1,2,3,4,5,6,7,8",Ammonia,2,12
232,7/16/25 10:34,Puff,HP322,160,85,80,80,66.2,40,29539,573,642,26.82,51,"1,2,3,4,5,6,7,8",Ammonia,2,12
233,7/16/25 10:34,Puff,HP322,160,83,80,80,65.1,40,29543,718,648,20.36,52,"1,2,3,4,5,6,7,8",Ammonia,2,12
234,7/16/25 10:34,Puff,HP322,160,80,78,78,64.2,40,29541,532,684,23.88,52,"1,2,3,4,5,6,7,8",Ammonia,2,12
235,7/16/25 10:34,Puff,HP322,160,80,73,73,63.4,40,29543,628,621,27.8,54,"1,2,3,4,5,6,7,8",Ammonia,2,12
236,7/16/25 10:34,Puff,HP322,160,85,80,80,62.5,40,29538,650,637,29.05,55,"1,2,3,4,5,6,7,8",Ammonia,2,12
237,7/16/25 10:34,Puff,HP322,160,81,80,80,62.2,40,29539,629,696,28.8,53,"1,2,3,4,5,6,7,8",Ammonia,2,12
238,7/16/25 10:34,Puff,HP324,170,86,81,81,54,40,29538,515,710,21.28,55,"1,2,3,4,5,6,7,8",Ammonia,2,12
239,7/16/25 10:34,Puff,HP324,170,83,80,80,53.1,40,29541,702,675,28.59,54,"1,2,3,4,5,6,7,8",Ammonia,2,12
240,7/16/25 10:34,Puff,HP324,170,85,80,80,52.3,40,29542,645,771,25.2,52,"1,2,3,4,5,6,7,8",Ammonia,2,12
241,7/16/25 10:34,Puff,HP324,170,85,80,80,51.4,40,29547,608,751,23.04,52,"1,2,3,4,5,6,7,8",Ammonia,2,12
242,7/16/25 10:34,Puff,HP324,170,85,78,78,50.8,40,29547,692,787,24.03,52,"1,2,3,4,5,6,7,8",Ammonia,2,12
243,7/16/25 10:35,Puff,HP324,170,85,80,80,50.4,40,29545,669,655,26.51,54,"1,2,3,4,5,6,7,8",Ammonia,2,12
244,7/16/25 10:35,Puff,HP324,170,81,80,80,49.7,40,29542,590,664,22.92,53,"1,2,3,4,5,6,7,8",Ammonia,2,12
245,7/16/25 10:35,Puff,HP324,170,83,80,80,49.2,40,29545,604,775,21.29,52,"1,2,3,4,5,6,7,8",Ammonia,2,12
246,7/16/25 10:35,Puff,HP324,170,85,80,80,48.8,40,29549,717,656,28.45,51,"1,2,3,4,5,6,7,8",Ammonia,2,12
247,7/16/25 10:35,Puff,HP354,180,83,80,80,39.8,40,29553,529,662,26.22,54,"1,2,3,4,5,6,7,8",Ammonia,2,12
248,7/16/25 10:35,Puff,HP354,180,85,80,80,39.1,40,29550,647,678,29.96,51,"1,2,3,4,5,6,7,8",Ammonia,2,12
249,7/16/25 10:35,Puff,HP354,180,87,80,80,38.3,40,29545,604,637,20.12,54,"1,2,3,4,5,6,7,8",Ammonia,2,12
250,7/16/25 10:35,Puff,HP354,180,82,79,79,37.7,40,29547,527,637,23.45,55,"1,2,3,4,5,6,7,8",Ammonia,2,12
251,7/16/25 10:35,Puff,HP354,180,83,80,80,37.3,40,29547,596,708,27.96,55,"1,2,3,4,5,6,7,8",Ammonia,2,12
252,7/16/25 10:35,Puff,HP354,180,85,80,80,36.6,40,29547,500,736,26.11,55,"1,2,3,4,5,6,7,8",Ammonia,2,12
253,7/16/25 10:35,Puff,HP354,180,85,80,80,36.2,40,29546,602,653,24.67,55,"1,2,3,4,5,6,7,8",Ammonia,2,12
254,7/16/25 10:35,Puff,HP354,180,80,74,74,35.9,40,29547,714,742,25.3,52,"1,2,3,4,5,6,7,8",Ammonia,2,12
255,7/16/25 10:35,Puff,HP354,180,86,80,80,35.6,40,29553,587,666,27.13,50,"1,2,3,4,5,6,7,8",Ammonia,2,12
256,7/16/25 10:35,Puff,HP413,190,80,80,80,31.6,40,29552,672,722,27.77,53,"1,2,3,4,5,6,7,8",Ammonia,2,12
257,7/16/25 10:35,Puff,HP413,190,81,78,78,31.1,40,29553,550,758,25.15,50,"1,2,3,4,5,6,7,8",Ammonia,2,12
258,7/16/25 10:35,Puff,HP413,190,80,75,75,30.7,40,29553,632,748,23.19,50,"1,2,3,4,5,6,7,8",Ammonia,2,12
259,7/16/25 10:35,Puff,HP413,190,84,80,80,30.2,40,29552,553,651,20.91,50,"1,2,3,4,5,6,7,8",Ammonia,2,12
260,7/16/25 10:35,Puff,HP413,190,85,80,80,29.8,40,29546,653,788,22.51,54,"1,2,3,4,5,6,7,8",Ammonia,2,12
261,7/16/25 10:35,Puff,HP413,190,81,80,80,29.5,40,29549,516,785,26.54,50,"1,2,3,4,5,6,7,8",Ammonia,2,12
262,7/16/25 10:35,Puff,HP413,190,83,80,80,29.4,40,29551,616,737,29.84,52,"1,2,3,4,5,6,7,8",Ammonia,2,12
263,7/16/25 10:35,Puff,HP413,190,86,80,80,29.2,40,29547,700,713,26.91,55,"1,2,3,4,5,6,7,8",Ammonia,2,12
264,7/16/25 10:35,Puff,HP413,190,83,80,80,28.7,40,29549,657,707,23.96,52,"1,2,3,4,5,6,7,8",Ammonia,2,12
265,7/16/25 10:35,Puff,HP501,200,89,77,77,24.5,40,29551,667,677,22.78,50,"1,2,3,4,5,6,7,8",Ammonia,2,12
266,7/16/25 10:35,Puff,HP501,200,88,80,80,24,40,29546,567,681,21.26,50,"1,2,3,4,5,6,7,8",Ammonia,2,12
267,7/16/25 10:35,Puff,HP501,200,83,80,80,23.6,40,29545,645,798,25.69,54,"1,2,3,4,5,6,7,8",Ammonia,2,12
268,7/16/25 10:35,Puff,HP501,200,80,80,80,22.8,40,29547,574,776,23.92,53,"1,2,3,4,5,6,7,8",Ammonia,2,12
269,7/16/25 10:35,Puff,HP501,200,86,82,82,22.5,40,29545,536,780,21.57,55,"1,2,3,4,5,6,7,8",Ammonia,2,12
270,7/16/25 10:35,Puff,HP501,200,85,80,80,22.3,40,29542,617,703,26.32,52,"1,2,3,4,5,6,7,8",Ammonia,2,12
271,7/16/25 10:35,Puff,HP501,200,85,80,80,22,40,29542,684,783,28.28,54,"1,2,3,4,5,6,7,8",Ammonia,2,12
272,7/16/25 10:35,Puff,HP501,200,93,80,80,21.8,40,29542,642,686,28.05,51,"1,2,3,4,5,6,7,8",Ammonia,2,12
273,7/16/25 10:35,Puff,HP501,200,86,83,83,21.6,40,29543,586,660,28.97,51,"1,2,3,4,5,6,7,8",Ammonia,2,12
274,7/16/25 10:35,Puff,HP503,210,82,80,80,19.6,40,29545,649,688,26.88,53,"1,2,3,4,5,6,7,8",Ammonia,2,12
275,7/16/25 10:35,Puff,HP503,210,85,78,78,19.3,40,29547,667,762,27.95,53,"1,2,3,4,5,6,7,8",Ammonia,2,12
276,7/16/25 10:36,Puff,HP503,210,78,74,74,19.2,40,29547,538,650,20.6,54,"1,2,3,4,5,6,7,8",Ammonia,2,12
277,7/16/25 10:36,Puff,HP503,210,81,79,79,18.9,40,29547,569,770,21.37,52,"1,2,3,4,5,6,7,8",Ammonia,2,12
278,7/16/25 10:36,Puff,HP503,210,85,80,80,18.8,40,29547,702,647,26.35,55,"1,2,3,4,5,6,7,8",Ammonia,2,12
279,7/16/25 10:36,Puff,HP503,210,84,80,80,18.6,40,29547,612,646,25.2,51,"1,2,3,4,5,6,7,8",Ammonia,2,12
280,7/16/25 10:36,Puff,HP503,210,86,80,80,18.5,40,29547,647,666,26.76,51,"1,2,3,4,5,6,7,8",Ammonia,2,12
281,7/16/25 10:36,Puff,HP503,210,85,80,80,18.4,40,29545,641,637,20.33,51,"1,2,3,4,5,6,7,8",Ammonia,2,12
282,7/16/25 10:36,Puff,HP503,210,89,80,80,18.3,40,29545,546,797,28.03,51,"1,2,3,4,5,6,7,8",Ammonia,2,12
283,7/16/25 10:36,Puff,HP322,220,80,78,78,16,100,29549,679,669,28.78,54,"1,2,3,4,5,6,7,8",Ammonia,2,12
284,7/16/25 10:36,Puff,HP322,220,82,77,77,15.7,40,29544,681,630,20.99,50,"1,2,3,4,5,6,7,8",Ammonia,2,12
285,7/16/25 10:36,Puff,HP322,220,84,80,80,15.5,40,29545,587,707,26.87,53,"1,2,3,4,5,6,7,8",Ammonia,2,12
286,7/16/25 10:36,Puff,HP322,220,85,80,80,15.4,40,29546,650,716,20.72,55,"1,2,3,4,5,6,7,8",Ammonia,2,12
287,7/16/25 10:36,Puff,HP322,220,87,80,80,15.4,40,29547,669,621,22.77,54,"1,2,3,4,5,6,7,8",Ammonia,2,12
288,7/16/25 10:36,Puff,HP322,220,81,80,80,15.3,40,29551,554,754,24.92,53,"1,2,3,4,5,6,7,8",Ammonia,2,12
289,7/16/25 10:36,Puff,HP322,220,84,80,80,15.2,40,29551,665,694,20.12,55,"1,2,3,4,5,6,7,8",Ammonia,2,12
290,7/16/25 10:36,Puff,HP322,220,85,79,79,15.2,40,29551,578,793,23.39,55,"1,2,3,4,5,6,7,8",Ammonia,2,12
291,7/16/25 10:36,Puff,HP322,220,86,81,81,15.1,40,29553,572,657,24.83,53,"1,2,3,4,5,6,7,8",Ammonia,2,12
292,7/16/25 10:36,Puff,HP324,230,85,80,80,13.7,40,29553,676,649,24.87,54,"1,2,3,4,5,6,7,8",Ammonia,2,12
293,7/16/25 10:36,Puff,HP324,230,84,79,79,13.7,40,29550,535,779,21.7,52,"1,2,3,4,5,6,7,8",Ammonia,2,12
294,7/16/25 10:36,Puff,HP324,230,85,80,80,13.6,40,29552,587,693,30,52,"1,2,3,4,5,6,7,8",Ammonia,2,12
295,7/16/25 10:36,Puff,HP324,230,85,80,80,13.5,40,29547,553,795,23.36,54,"1,2,3,4,5,6,7,8",Ammonia,2,12
296,7/16/25 10:36,Puff,HP324,230,80,79,79,13.5,40,29552,683,675,23.44,55,"1,2,3,4,5,6,7,8",Ammonia,2,12
297,7/16/25 10:36,Puff,HP324,230,87,80,80,13.5,40,29552,612,773,28.61,50,"1,2,3,4,5,6,7,8",Ammonia,2,12
298,7/16/25 10:36,Puff,HP324,230,84,79,79,13.5,40,29553,573,674,25.33,50,"1,2,3,4,5,6,7,8",Ammonia,2,12
299,7/16/25 10:36,Puff,HP324,230,81,77,77,13.5,40,29555,653,773,24.37,53,"1,2,3,4,5,6,7,8",Ammonia,2,12
300,7/16/25 10:36,Puff,HP324,230,86,80,80,13.5,40,29554,633,790,24.87,51,"1,2,3,4,5,6,7,8",Ammonia,2,12
301,7/16/25 10:36,Puff,HP354,240,85,80,80,11.5,40,29553,550,746,26.03,54,"1,2,3,4,5,6,7,8",Ammonia,2,12
302,7/16/25 10:36,Puff,HP354,240,86,82,82,11.6,40,29553,530,769,27.32,50,"1,2,3,4,5,6,7,8",Ammonia,2,12
303,7/16/25 10:36,Puff,HP354,240,85,80,80,11.6,40,29552,673,656,21.07,51,"1,2,3,4,5,6,7,8",Ammonia,2,12
304,7/16/25 10:36,Puff,HP354,240,84,80,80,11.6,40,29553,700,673,22.85,53,"1,2,3,4,5,6,7,8",Ammonia,2,12
305,7/16/25 10:36,Puff,HP354,240,85,80,80,11.6,40,29553,656,672,22.14,53,"1,2,3,4,5,6,7,8",Ammonia,2,12
306,7/16/25 10:36,Puff,HP354,240,82,71,71,11.6,40,29552,562,730,27.86,55,"1,2,3,4,5,6,7,8",Ammonia,2,12
307,7/16/25 10:36,Puff,HP354,240,86,80,80,11.7,40,29554,577,643,22.76,50,"1,2,3,4,5,6,7,8",Ammonia,2,12
308,7/16/25 10:36,Puff,HP354,240,84,80,80,11.7,40,29557,650,652,25.12,55,"1,2,3,4,5,6,7,8",Ammonia,2,12
309,7/16/25 10:36,Puff,HP354,240,83,79,79,12,40,29555,616,723,23.74,53,"1,2,3,4,5,6,7,8",Ammonia,2,12
310,7/16/25 10:37,Puff,HP413,250,81,80,80,10.8,40,29555,669,712,20.48,53,"1,2,3,4,5,6,7,8",Ammonia,2,12
311,7/16/25 10:37,Puff,HP413,250,81,76,76,10.9,40,29555,505,668,25.04,55,"1,2,3,4,5,6,7,8",Ammonia,2,12
312,7/16/25 10:37,Puff,HP413,250,84,80,80,10.9,40,29560,645,700,28.07,50,"1,2,3,4,5,6,7,8",Ammonia,2,12
313,7/16/25 10:37,Puff,HP413,250,83,80,80,11,40,29561,549,680,20.7,53,"1,2,3,4,5,6,7,8",Ammonia,2,12
314,7/16/25 10:37,Puff,HP413,250,82,78,78,11.1,40,29560,509,791,29.51,55,"1,2,3,4,5,6,7,8",Ammonia,2,12
315,7/16/25 10:37,Puff,HP413,250,80,80,80,11.1,40,29560,502,649,20.68,51,"1,2,3,4,5,6,7,8",Ammonia,2,12
316,7/16/25 10:37,Puff,HP413,250,85,80,80,11.2,40,29561,535,689,28.46,54,"1,2,3,4,5,6,7,8",Ammonia,2,12
317,7/16/25 10:37,Puff,HP413,250,80,78,78,11.2,40,29561,505,702,27.65,55,"1,2,3,4,5,6,7,8",Ammonia,2,12
318,7/16/25 10:37,Puff,HP413,250,85,80,80,11.3,40,29561,705,782,21.82,54,"1,2,3,4,5,6,7,8",Ammonia,2,12
319,7/16/25 10:37,Puff,HP501,260,86,80,80,10,40,29560,546,635,25.3,52,"1,2,3,4,5,6,7,8",Ammonia,2,12
320,7/16/25 10:37,Puff,HP501,260,83,80,80,10.2,40,29562,553,678,22.36,53,"1,2,3,4,5,6,7,8",Ammonia,2,12
321,7/16/25 10:37,Puff,HP501,260,87,74,74,10.3,40,29561,628,651,21.05,50,"1,2,3,4,5,6,7,8",Ammonia,2,12
322,7/16/25 10:37,Puff,HP501,260,87,80,80,10.4,40,29557,534,738,27.72,53,"1,2,3,4,5,6,7,8",Ammonia,2,12
323,7/16/25 10:37,Puff,HP501,260,87,80,80,10.4,40,29558,609,695,29.31,52,"1,2,3,4,5,6,7,8",Ammonia,2,12
324,7/16/25 10:37,Puff,HP501,260,80,80,80,10.5,40,29560,638,775,20.86,55,"1,2,3,4,5,6,7,8",Ammonia,2,12
325,7/16/25 10:37,Puff,HP501,260,85,80,80,10.6,40,29562,523,654,26.54,55,"1,2,3,4,5,6,7,8",Ammonia,2,12
326,7/16/25 10:37,Puff,HP501,260,81,79,79,10.7,40,29564,672,716,23.73,50,"1,2,3,4,5,6,7,8",Ammonia,2,12
327,7/16/25 10:37,Puff,HP501,260,85,80,80,10.7,40,29566,518,755,24.96,55,"1,2,3,4,5,6,7,8",Ammonia,2,12
328,7/16/25 10:37,Puff,HP503,270,83,80,80,10,40,29562,522,655,23.23,55,"1,2,3,4,5,6,7,8",Ammonia,2,12
329,7/16/25 10:37,Puff,HP503,270,81,80,80,10.2,40,29558,645,761,28.76,52,"1,2,3,4,5,6,7,8",Ammonia,2,12
330,7/16/25 10:37,Puff,HP503,270,80,78,78,10.3,40,29564,673,661,21.09,50,"1,2,3,4,5,6,7,8",Ammonia,2,12
331,7/16/25 10:37,Puff,HP503,270,85,80,80,10.4,40,29565,509,722,29.5,50,"1,2,3,4,5,6,7,8",Ammonia,2,12
332,7/16/25 10:37,Puff,HP503,270,80,76,76,10.6,40,29570,707,775,22.14,50,"1,2,3,4,5,6,7,8",Ammonia,2,12
333,7/16/25 10:37,Puff,HP503,270,80,78,78,10.7,40,29568,714,661,28.01,53,"1,2,3,4,5,6,7,8",Ammonia,2,12
334,7/16/25 10:37,Puff,HP503,270,83,79,79,10.7,40,29566,629,640,25.77,54,"1,2,3,4,5,6,7,8",Ammonia,2,12
335,7/16/25 10:37,Puff,HP503,270,89,80,80,10.9,40,29560,711,760,29.24,51,"1,2,3,4,5,6,7,8",Ammonia,2,12
336,7/16/25 10:37,Puff,HP503,270,85,80,80,11,40,29564,591,621,21.42,52,"1,2,3,4,5,6,7,8",Ammonia,2,12
337,7/16/25 10:37,Puff,HP322,280,85,80,80,10.3,100,29564,632,672,29.88,54,"1,2,3,4,5,6,7,8",Ammonia,2,12
338,7/16/25 10:37,Puff,HP322,280,83,76,76,10.5,40,29562,635,696,25.98,53,"1,2,3,4,5,6,7,8",Ammonia,2,12
339,7/16/25 10:37,Puff,HP322,280,87,79,79,10.8,40,29561,662,643,27.1,53,"1,2,3,4,5,6,7,8",Ammonia,2,12
340,7/16/25 10:37,Puff,HP322,280,86,81,81,11,40,29564,509,715,27.38,52,"1,2,3,4,5,6,7,8",Ammonia,2,12
341,7/16/25 10:37,Puff,HP322,280,85,80,80,11.1,40,29567,658,796,25.29,54,"1,2,3,4,5,6,7,8",Ammonia,2,12
342,7/16/25 10:37,Puff,HP322,280,89,81,81,11.3,40,29566,687,767,21.86,51,"1,2,3,4,5,6,7,8",Ammonia,2,12
343,7/16/25 10:38,Puff,HP322,280,90,80,80,11.5,40,29567,647,744,28.85,51,"1,2,3,4,5,6,7,8",Ammonia,2,12
344,7/16/25 10:38,Puff,HP322,280,84,81,81,11.7,40,29561,627,669,20.45,51,"1,2,3,4,5,6,7,8",Ammonia,2,12
345,7/16/25 10:38,Puff,HP322,280,81,79,79,12.1,40,29559,556,756,21.41,54,"1,2,3,4,5,6,7,8",Ammonia,2,12
346,7/16/25 10:38,Puff,HP324,290,83,80,80,11,40,29562,672,708,21.93,52,"1,2,3,4,5,6,7,8",Ammonia,2,12
347,7/16/25 10:38,Puff,HP324,290,80,80,80,11.5,40,29564,527,717,27.81,53,"1,2,3,4,5,6,7,8",Ammonia,2,12
348,7/16/25 10:38,Puff,HP324,290,81,80,80,12.3,40,29565,662,789,25.68,54,"1,2,3,4,5,6,7,8",Ammonia,2,12
349,7/16/25 10:38,Puff,HP324,290,84,79,79,12.7,40,29566,716,742,21.15,50,"1,2,3,4,5,6,7,8",Ammonia,2,12
350,7/16/25 10:38,Puff,HP324,290,85,80,80,13.2,40,29568,540,644,26.98,54,"1,2,3,4,5,6,7,8",Ammonia,2,12
351,7/16/25 10:38,Puff,HP324,290,86,80,80,13.5,40,29565,559,659,27.45,52,"1,2,3,4,5,6,7,8",Ammonia,2,12
352,7/16/25 10:38,Puff,HP324,290,87,80,80,13.9,40,29562,648,771,27.23,51,"1,2,3,4,5,6,7,8",Ammonia,2,12
353,7/16/25 10:38,Puff,HP324,290,85,80,80,14.3,40,29560,580,760,24.62,50,"1,2,3,4,5,6,7,8",Ammonia,2,12
354,7/16/25 10:38,Puff,HP324,290,86,80,80,14.7,40,29560,713,786,27.9,50,"1,2,3,4,5,6,7,8",Ammonia,2,12
355,7/16/25 10:38,Puff,HP354,300,84,80,80,14.2,40,29562,695,687,22.3,51,"1,2,3,4,5,6,7,8",Ammonia,2,12
356,7/16/25 10:38,Puff,HP354,300,86,80,80,15,40,29567,671,622,27.03,53,"1,2,3,4,5,6,7,8",Ammonia,2,12
357,7/16/25 10:38,Puff,HP354,300,80,75,75,15.8,40,29566,691,760,23.2,53,"1,2,3,4,5,6,7,8",Ammonia,2,12
358,7/16/25 10:38,Puff,HP354,300,82,80,80,16.3,40,29568,542,685,26.92,55,"1,2,3,4,5,6,7,8",Ammonia,2,12
359,7/16/25 10:38,Puff,HP354,300,85,80,80,17,40,29568,613,736,27.74,54,"1,2,3,4,5,6,7,8",Ammonia,2,12
360,7/16/25 10:38,Puff,HP354,300,85,80,80,17.5,40,29567,678,783,25.49,53,"1,2,3,4,5,6,7,8",Ammonia,2,12
361,7/16/25 10:38,Puff,HP354,300,83,80,80,18,40,29572,697,668,24.1,53,"1,2,3,4,5,6,7,8",Ammonia,2,12
362,7/16/25 10:38,Puff,HP354,300,84,80,80,18.5,40,29572,709,718,22.1,50,"1,2,3,4,5,6,7,8",Ammonia,2,12
363,7/16/25 10:38,Puff,HP354,300,86,80,80,18.8,40,29569,584,666,22.24,54,"1,2,3,4,5,6,7,8",Ammonia,2,12
364,7/16/25 10:38,Puff,HP413,310,80,77,77,18,40,29569,715,737,28.99,50,"1,2,3,4,5,6,7,8",Ammonia,2,12
365,7/16/25 10:38,Puff,HP413,310,85,80,80,19.5,40,29572,665,761,25.6,52,"1,2,3,4,5,6,7,8",Ammonia,2,12
366,7/16/25 10:38,Puff,HP413,310,81,75,75,20.7,40,29569,656,754,29.18,53,"1,2,3,4,5,6,7,8",Ammonia,2,12
367,7/16/25 10:38,Puff,HP413,310,86,80,80,21.9,40,29572,636,735,20.64,53,"1,2,3,4,5,6,7,8",Ammonia,2,12
368,7/16/25 10:38,Puff,HP413,310,80,77,77,22.7,40,29574,692,746,28.33,50,"1,2,3,4,5,6,7,8",Ammonia,2,12
369,7/16/25 10:38,Puff,HP413,310,86,80,80,24.2,40,29574,516,639,20.51,53,"1,2,3,4,5,6,7,8",Ammonia,2,12
370,7/16/25 10:38,Puff,HP413,310,84,83,83,24.9,40,29576,673,749,26.96,54,"1,2,3,4,5,6,7,8",Ammonia,2,12
371,7/16/25 10:38,Puff,HP413,310,82,80,80,25.6,40,29574,501,693,20.01,55,"1,2,3,4,5,6,7,8",Ammonia,2,12
372,7/16/25 10:38,Puff,HP413,310,82,80,80,26.3,40,29570,581,778,22.95,54,"1,2,3,4,5,6,7,8",Ammonia,2,12
373,7/16/25 10:38,Puff,HP501,320,91,80,80,25.9,40,29569,658,695,26.04,53,"1,2,3,4,5,6,7,8",Ammonia,2,12
374,7/16/25 10:38,Puff,HP501,320,81,80,80,27.5,40,29566,545,645,23.97,54,"1,2,3,4,5,6,7,8",Ammonia,2,12
375,7/16/25 10:38,Puff,HP501,320,85,83,83,28.9,40,29566,679,737,20.13,54,"1,2,3,4,5,6,7,8",Ammonia,2,12
376,7/16/25 10:38,Puff,HP501,320,81,75,75,30,40,29568,570,703,25.02,50,"1,2,3,4,5,6,7,8",Ammonia,2,12
377,7/16/25 10:39,Puff,HP501,320,84,80,80,31,40,29566,644,738,25.4,50,"1,2,3,4,5,6,7,8",Ammonia,2,12
378,7/16/25 10:39,Puff,HP501,320,86,80,80,32,40,29568,522,745,22.19,52,"1,2,3,4,5,6,7,8",Ammonia,2,12
379,7/16/25 10:39,Puff,HP501,320,82,73,73,32.8,40,29567,588,760,23.45,52,"1,2,3,4,5,6,7,8",Ammonia,2,12
380,7/16/25 10:39,Puff,HP501,320,85,80,80,33.5,40,29567,593,667,24.75,52,"1,2,3,4,5,6,7,8",Ammonia,2,12
381,7/16/25 10:39,Puff,HP501,320,81,76,76,34.3,40,29567,672,630,20.1,55,"1,2,3,4,5,6,7,8",Ammonia,2,12
382,7/16/25 10:39,Puff,HP503,330,80,78,78,32.5,40,29569,635,703,23.96,51,"1,2,3,4,5,6,7,8",Ammonia,2,12
383,7/16/25 10:39,Puff,HP503,330,83,80,80,35.4,40,29572,684,687,21.13,55,"1,2,3,4,5,6,7,8",Ammonia,2,12
384,7/16/25 10:39,Puff,HP503,330,86,80,80,37.6,40,29568,500,644,21.82,50,"1,2,3,4,5,6,7,8",Ammonia,2,12
385,7/16/25 10:39,Puff,HP503,330,85,80,80,39.5,40,29569,542,637,22.09,53,"1,2,3,4,5,6,7,8",Ammonia,2,12
386,7/16/25 10:39,Puff,HP503,330,85,80,80,41.1,40,29568,665,741,20.65,53,"1,2,3,4,5,6,7,8",Ammonia,2,12
387,7/16/25 10:39,Puff,HP503,330,83,80,80,42.4,40,29567,652,781,28.95,51,"1,2,3,4,5,6,7,8",Ammonia,2,12
388,7/16/25 10:39,Puff,HP503,330,89,80,80,43.8,40,29569,540,709,25.47,51,"1,2,3,4,5,6,7,8",Ammonia,2,12
389,7/16/25 10:39,Puff,HP503,330,86,80,80,45,40,29567,531,786,28.73,50,"1,2,3,4,5,6,7,8",Ammonia,2,12
390,7/16/25 10:39,Puff,HP503,330,96,80,80,45.9,40,29567,656,800,21.88,52,"1,2,3,4,5,6,7,8",Ammonia,2,12
391,7/16/25 10:39,Puff,HP322,340,85,80,80,45.1,100,29564,664,800,21.89,55,"1,2,3,4,5,6,7,8",Ammonia,2,12
392,7/16/25 10:39,Puff,HP322,340,85,79,79,48.7,40,29566,665,748,24.88,55,"1,2,3,4,5,6,7,8",Ammonia,2,12
393,7/16/25 10:39,Puff,HP322,340,86,80,80,50.8,40,29567,670,755,26.59,55,"1,2,3,4,5,6,7,8",Ammonia,2,12
394,7/16/25 10:39,Puff,HP322,340,81,77,77,52.7,40,29567,587,715,22.87,54,"1,2,3,4,5,6,7,8",Ammonia,2,12
395,7/16/25 10:39,Puff,HP322,340,80,76,76,54.4,40,29572,686,753,26.23,54,"1,2,3,4,5,6,7,8",Ammonia,2,12
396,7/16/25 10:39,Puff,HP322,340,82,80,80,55.4,40,29572,532,765,21.36,51,"1,2,3,4,5,6,7,8",Ammonia,2,12
397,7/16/25 10:39,Puff,HP322,340,81,75,75,56.7,40,29570,583,795,20.43,53,"1,2,3,4,5,6,7,8",Ammonia,2,12
398,7/16/25 10:39,Puff,HP322,340,84,78,78,57.6,40,29569,580,748,28.77,53,"1,2,3,4,5,6,7,8",Ammonia,2,12
399,7/16/25 10:39,Puff,HP322,340,87,80,80,59,40,29570,558,722,29.64,51,"1,2,3,4,5,6,7,8",Ammonia,2,12
400,7/16/25 10:39,Puff,HP324,350,86,80,80,55.2,40,29573,516,648,20.28,54,"1,2,3,4,5,6,7,8",Ammonia,2,12
401,7/16/25 10:39,Puff,HP324,350,85,80,80,59,40,29574,611,721,29.34,55,"1,2,3,4,5,6,7,8",Ammonia,2,12
402,7/16/25 10:39,Puff,HP324,350,85,79,79,61.9,40,29574,650,688,24.89,53,"1,2,3,4,5,6,7,8",Ammonia,2,12
403,7/16/25 10:39,Puff,HP324,350,85,80,80,64.1,40,29569,559,675,24.19,54,"1,2,3,4,5,6,7,8",Ammonia,2,12
404,7/16/25 10:39,Puff,HP324,350,84,80,80,65.9,40,29572,540,792,27.24,50,"1,2,3,4,5,6,7,8",Ammonia,2,12
405,7/16/25 10:39,Puff,HP324,350,88,80,80,67.6,40,29567,667,752,26,52,"1,2,3,4,5,6,7,8",Ammonia,2,12
406,7/16/25 10:39,Puff,HP324,350,85,80,80,69.1,40,29573,587,673,29.27,52,"1,2,3,4,5,6,7,8",Ammonia,2,12
407,7/16/25 10:39,Puff,HP324,350,85,80,80,70.2,40,29574,520,787,29.76,53,"1,2,3,4,5,6,7,8",Ammonia,2,12
408,7/16/25 10:39,Puff,HP324,350,85,80,80,71.3,40,29575,563,634,27.89,52,"1,2,3,4,5,6,7,8",Ammonia,2,12
409,7/16/25 10:39,Puff,HP354,360,82,78,78,68.4,40,29574,688,726,26.94,52,"1,2,3,4,5,6,7,8",Ammonia,2,12
410,7/16/25 10:40,Puff,HP354,360,81,75,75,71.9,40,29572,563,714,21.07,54,"1,2,3,4,5,6,7,8",Ammonia,2,12
411,7/16/25 10:40,Puff,HP354,360,80,76,76,74.1,40,29575,526,711,25.75,55,"1,2,3,4,5,6,7,8",Ammonia,2,12
412,7/16/25 10:40,Puff,HP354,360,80,77,77,76.3,40,29577,643,697,26,50,"1,2,3,4,5,6,7,8",Ammonia,2,12
413,7/16/25 10:40,Puff,HP354,360,80,80,80,78.3,40,29575,685,790,20.9,53,"1,2,3,4,5,6,7,8",Ammonia,2,12
414,7/16/25 10:40,Puff,HP354,360,86,80,80,79.2,40,29573,577,624,21.45,51,"1,2,3,4,5,6,7,8",Ammonia,2,12
415,7/16/25 10:40,Puff,HP354,360,85,80,80,81,40,29575,579,682,21.27,50,"1,2,3,4,5,6,7,8",Ammonia,2,12
416,7/16/25 10:40,Puff,HP354,360,83,80,80,81.9,40,29576,506,713,29.31,52,"1,2,3,4,5,6,7,8",Ammonia,2,12
417,7/16/25 10:40,Puff,HP354,360,87,80,80,82.6,40,29580,634,687,28.28,50,"1,2,3,4,5,6,7,8",Ammonia,2,12
418,7/16/25 10:40,Puff,HP413,370,85,79,79,77.5,40,29577,685,786,27.25,50,"1,2,3,4,5,6,7,8",Ammonia,2,12
419,7/16/25 10:40,Puff,HP413,370,92,80,80,81.3,40,29578,716,761,28.83,54,"1,2,3,4,5,6,7,8",Ammonia,2,12
420,7/16/25 10:40,Puff,HP413,370,86,80,80,83.8,40,29578,540,653,27.65,54,"1,2,3,4,5,6,7,8",Ammonia,2,12
421,7/16/25 10:40,Puff,HP413,370,84,80,80,86.5,40,29584,656,784,26,55,"1,2,3,4,5,6,7,8",Ammonia,2,12
422,7/16/25 10:40,Puff,HP413,370,84,80,80,88.1,40,29590,533,712,20.43,52,"1,2,3,4,5,6,7,8",Ammonia,2,12
423,7/16/25 10:40,Puff,HP413,370,85,81,81,89.6,40,29591,550,797,25.6,53,"1,2,3,4,5,6,7,8",Ammonia,2,12
424,7/16/25 10:40,Puff,HP501,380,52,45,45,62,40,29600,640,749,20.28,50,"1,2,3,4,5,6,7,8",Ammonia,2,12
425,7/16/25 10:40,Puff,HP501,380,85,81,81,74.4,40,29600,502,793,23.42,55,"1,2,3,4,5,6,7,8",Ammonia,2,12
426,7/16/25 10:40,Puff,HP501,380,85,80,80,81.6,40,29604,623,628,25.96,55,"1,2,3,4,5,6,7,8",Ammonia,2,12
427,7/16/25 10:40,Puff,HP501,0,0,0,0,0,0,0,674,726,25.93,55,"1,2,3,4,5,6,7,8",Ammonia,0,0
428,7/16/25 11:39,Puff,HP322,40,83,74,74,90.6,40,29843,658,774,23.47,55,"1,2,3,4,5,6,7,8",Ammonia,2,8
429,7/16/25 11:39,Puff,HP322,40,85,75,75,106.8,40,29864,699,1146,25.92,53,"1,2,3,4,5,6,7,8",Ammonia,2,8
430,7/16/25 11:39,Puff,HP322,40,80,74,74,138,40,29874,726,1162,25.4,54,"1,2,3,4,5,6,7,8",Ammonia,2,8
431,7/16/25 11:39,Puff,HP322,40,89,67,67,181.9,40,29880,563,1207,28.25,52,"1,2,3,4,5,6,7,8",Ammonia,2,8
432,7/16/25 11:39,Puff,HP322,40,80,74,74,242.4,40,29882,517,1171,24.08,50,"1,2,3,4,5,6,7,8",Ammonia,2,8
433,7/16/25 11:39,Puff,HP324,50,80,76,76,256.2,40,29885,557,1184,26.25,52,"1,2,3,4,5,6,7,8",Ammonia,2,8
434,7/16/25 11:39,Puff,HP324,50,80,74,74,293.9,40,29885,700,1149,23.11,55,"1,2,3,4,5,6,7,8",Ammonia,2,8
435,7/16/25 11:39,Puff,HP324,50,86,73,73,309.1,40,29890,550,1235,29.27,51,"1,2,3,4,5,6,7,8",Ammonia,2,8
436,7/16/25 11:39,Puff,HP324,50,57,74,74,306.9,40,29895,720,1220,27.45,54,"1,2,3,4,5,6,7,8",Ammonia,2,8
437,7/16/25 11:39,Puff,HP324,50,80,74,74,293.9,40,29899,670,1206,29.43,53,"1,2,3,4,5,6,7,8",Ammonia,2,8
438,7/16/25 11:39,Puff,HP324,50,79,74,74,279.5,40,29905,634,1115,29.2,50,"1,2,3,4,5,6,7,8",Ammonia,2,8
439,7/16/25 11:39,Puff,HP324,50,71,66,66,265.4,40,29907,682,1224,27.56,55,"1,2,3,4,5,6,7,8",Ammonia,2,8
440,7/16/25 11:39,Puff,HP324,50,80,75,75,255,40,29911,645,1120,24.95,55,"1,2,3,4,5,6,7,8",Ammonia,2,8
441,7/16/25 11:39,Puff,HP324,50,80,68,68,246,40,29912,661,1165,23.55,50,"1,2,3,4,5,6,7,8",Ammonia,2,8
442,7/16/25 11:39,Puff,HP354,60,80,77,77,194.7,40,29916,568,1213,26.11,54,"1,2,3,4,5,6,7,8",Ammonia,2,8
443,7/16/25 11:39,Puff,HP354,60,80,62,62,178.3,40,29915,514,1213,22.6,53,"1,2,3,4,5,6,7,8",Ammonia,2,8
444,7/16/25 11:39,Puff,HP354,60,80,76,76,175,40,29918,577,1150,22.98,55,"1,2,3,4,5,6,7,8",Ammonia,2,8
445,7/16/25 11:39,Puff,HP354,60,80,75,75,171.3,40,29920,607,1240,22.95,53,"1,2,3,4,5,6,7,8",Ammonia,2,8
446,7/16/25 11:39,Puff,HP354,60,80,74,74,168.9,40,29921,701,1207,28.78,51,"1,2,3,4,5,6,7,8",Ammonia,2,8
447,7/16/25 11:39,Puff,HP354,60,81,80,80,166.3,40,29921,640,1180,24.89,53,"1,2,3,4,5,6,7,8",Ammonia,2,8
448,7/16/25 11:39,Puff,HP354,60,81,76,76,165.2,40,29925,704,1139,29.58,53,"1,2,3,4,5,6,7,8",Ammonia,2,8
449,7/16/25 11:39,Puff,HP354,60,81,74,74,163,40,29924,582,1145,25.38,54,"1,2,3,4,5,6,7,8",Ammonia,2,8
450,7/16/25 11:39,Puff,HP354,60,80,77,77,161.6,40,29927,652,1208,23.23,52,"1,2,3,4,5,6,7,8",Ammonia,2,8
451,7/16/25 11:39,Puff,HP413,70,80,75,75,136.7,40,29932,670,1138,28.38,53,"1,2,3,4,5,6,7,8",Ammonia,2,8
452,7/16/25 11:39,Puff,HP413,70,83,69,69,137.2,40,29938,674,1198,24.23,52,"1,2,3,4,5,6,7,8",Ammonia,2,8
453,7/16/25 11:40,Puff,HP413,70,78,68,68,137,40,29938,607,1230,24.91,51,"1,2,3,4,5,6,7,8",Ammonia,2,8
454,7/16/25 11:40,Puff,HP413,70,68,71,71,136.8,40,29940,560,1229,24.18,50,"1,2,3,4,5,6,7,8",Ammonia,2,8
455,7/16/25 11:40,Puff,HP413,70,75,65,65,136.4,40,29941,519,1211,24.75,50,"1,2,3,4,5,6,7,8",Ammonia,2,8
456,7/16/25 11:40,Puff,HP413,70,80,78,78,136.3,40,29944,545,1234,23.51,53,"1,2,3,4,5,6,7,8",Ammonia,2,8
457,7/16/25 11:40,Puff,HP413,70,79,73,73,136.2,40,29948,695,1158,22.75,54,"1,2,3,4,5,6,7,8",Ammonia,2,8
458,7/16/25 11:40,Puff,HP413,70,80,75,75,135.5,40,29949,648,1236,27.59,53,"1,2,3,4,5,6,7,8",Ammonia,2,8
459,7/16/25 11:40,Puff,HP501,80,69,64,64,106.9,40,29954,606,1162,24.06,54,"1,2,3,4,5,6,7,8",Ammonia,2,8
460,7/16/25 11:40,Puff,HP501,80,80,75,75,107.3,40,29959,519,1218,26.62,51,"1,2,3,4,5,6,7,8",Ammonia,2,8
461,7/16/25 11:40,Puff,HP501,80,81,78,78,108.8,40,29960,650,1232,29.27,53,"1,2,3,4,5,6,7,8",Ammonia,2,8
462,7/16/25 11:40,Puff,HP501,80,80,75,75,108.5,40,29963,629,1188,23.08,52,"1,2,3,4,5,6,7,8",Ammonia,2,8
463,7/16/25 11:40,Puff,HP501,80,80,75,75,108.5,40,29965,715,1181,29.46,50,"1,2,3,4,5,6,7,8",Ammonia,2,8
464,7/16/25 11:40,Puff,HP501,80,76,77,77,108.1,40,29971,566,1185,22.71,55,"1,2,3,4,5,6,7,8",Ammonia,2,8
465,7/16/25 11:40,Puff,HP501,80,75,64,64,108,40,29972,582,1194,22.23,51,"1,2,3,4,5,6,7,8",Ammonia,2,8
466,7/16/25 11:40,Puff,HP501,80,80,77,77,107.9,40,29966,573,1136,22.51,52,"1,2,3,4,5,6,7,8",Ammonia,2,8
467,7/16/25 11:40,Puff,HP501,80,80,76,76,107.4,40,29973,547,1172,28.64,55,"1,2,3,4,5,6,7,8",Ammonia,2,8
468,7/16/25 11:40,Puff,HP503,90,80,74,74,91.1,40,29973,628,1209,22.31,51,"1,2,3,4,5,6,7,8",Ammonia,2,8
469,7/16/25 11:40,Puff,HP503,90,80,76,76,91.4,40,29980,694,1215,26.54,54,"1,2,3,4,5,6,7,8",Ammonia,2,8
470,7/16/25 11:40,Puff,HP503,90,80,75,75,91.8,40,29978,553,1146,26.52,55,"1,2,3,4,5,6,7,8",Ammonia,2,8
471,7/16/25 11:40,Puff,HP503,90,77,69,69,94,40,29977,704,1119,23.93,50,"1,2,3,4,5,6,7,8",Ammonia,2,8
472,7/16/25 11:40,Puff,HP503,90,80,77,77,91.8,40,29978,672,1126,23.7,51,"1,2,3,4,5,6,7,8",Ammonia,2,8
473,7/16/25 11:40,Puff,HP503,90,80,74,74,91.3,40,29977,654,1153,26.95,53,"1,2,3,4,5,6,7,8",Ammonia,2,8
474,7/16/25 11:40,Puff,HP503,90,87,75,75,91.5,40,29983,522,1186,23.8,51,"1,2,3,4,5,6,7,8",Ammonia,2,8
475,7/16/25 11:40,Puff,HP503,90,75,69,69,91.7,40,29986,647,1216,25.72,50,"1,2,3,4,5,6,7,8",Ammonia,2,8
476,7/16/25 11:40,Puff,HP503,90,80,78,78,91.9,40,29987,683,1231,23.6,54,"1,2,3,4,5,6,7,8",Ammonia,2,8
477,7/16/25 11:40,Puff,HP322,100,74,66,66,71.9,100,29989,583,1230,24.6,55,"1,2,3,4,5,6,7,8",Ammonia,2,8
478,7/16/25 11:40,Puff,HP322,100,81,74,74,74.8,40,29987,552,1198,27.15,50,"1,2,3,4,5,6,7,8",Ammonia,2,8
479,7/16/25 11:40,Puff,HP322,100,81,75,75,75.4,40,29985,656,1134,25.35,53,"1,2,3,4,5,6,7,8",Ammonia,2,8
480,7/16/25 11:40,Puff,HP322,100,80,74,74,75.4,40,29988,652,1128,29.08,52,"1,2,3,4,5,6,7,8",Ammonia,2,8
481,7/16/25 11:40,Puff,HP322,100,80,80,80,74.8,40,29990,625,1201,28.49,54,"1,2,3,4,5,6,7,8",Ammonia,2,8
482,7/16/25 11:40,Puff,HP322,100,82,79,79,74.4,40,29990,558,1175,24.37,50,"1,2,3,4,5,6,7,8",Ammonia,2,8
483,7/16/25 11:40,Puff,HP322,100,79,74,74,73.5,40,29989,659,1156,25.42,52,"1,2,3,4,5,6,7,8",Ammonia,2,8
484,7/16/25 11:41,Puff,HP322,100,80,71,71,74.2,40,29994,653,1152,25.48,55,"1,2,3,4,5,6,7,8",Ammonia,2,8
485,7/16/25 11:41,Puff,HP324,110,80,79,79,64.3,40,29995,674,1133,23.83,52,"1,2,3,4,5,6,7,8",Ammonia,2,8
486,7/16/25 11:41,Puff,HP324,110,81,78,78,64.2,40,29997,518,1184,29.36,54,"1,2,3,4,5,6,7,8",Ammonia,2,8
487,7/16/25 11:41,Puff,HP324,110,80,71,71,63.8,40,30001,641,1142,28.89,52,"1,2,3,4,5,6,7,8",Ammonia,2,8
488,7/16/25 11:41,Puff,HP324,110,80,75,75,63.3,40,30006,710,1175,28.44,50,"1,2,3,4,5,6,7,8",Ammonia,2,8
489,7/16/25 11:41,Puff,HP324,110,68,64,64,61.8,40,30005,540,1181,27.77,51,"1,2,3,4,5,6,7,8",Ammonia,2,8
490,7/16/25 11:41,Puff,HP324,110,82,78,78,64.4,40,30006,514,1199,29.42,50,"1,2,3,4,5,6,7,8",Ammonia,2,8
491,7/16/25 11:41,Puff,HP324,110,82,78,78,64.3,40,30010,650,1121,23.98,51,"1,2,3,4,5,6,7,8",Ammonia,2,8
492,7/16/25 11:41,Puff,HP354,120,80,78,78,51.6,40,30011,700,1192,28.74,50,"1,2,3,4,5,6,7,8",Ammonia,2,8
493,7/16/25 11:41,Puff,HP354,120,77,67,67,51.5,40,30012,713,1203,25.65,53,"1,2,3,4,5,6,7,8",Ammonia,2,8
494,7/16/25 11:41,Puff,HP354,120,83,75,75,51.3,40,30012,535,1216,23.04,51,"1,2,3,4,5,6,7,8",Ammonia,2,8
495,7/16/25 11:41,Puff,HP354,120,46,32,32,52.6,40,30017,662,1235,29,50,"1,2,3,4,5,6,7,8",Ammonia,2,8
496,7/16/25 11:41,Puff,HP354,120,82,78,78,51.3,40,30016,564,1165,22.51,51,"1,2,3,4,5,6,7,8",Ammonia,2,8
497,7/16/25 11:41,Puff,HP354,120,82,77,77,50.8,40,30020,689,1215,28.27,50,"1,2,3,4,5,6,7,8",Ammonia,2,8
498,7/16/25 11:41,Puff,HP354,120,81,78,78,50.4,40,30019,637,1139,24.72,54,"1,2,3,4,5,6,7,8",Ammonia,2,8
499,7/16/25 11:41,Puff,HP354,120,80,75,75,50.3,40,30017,578,1198,24.4,50,"1,2,3,4,5,6,7,8",Ammonia,2,8
500,7/16/25 11:41,Puff,HP354,120,81,76,76,50.2,40,30020,625,1187,24.4,52,"1,2,3,4,5,6,7,8",Ammonia,2,8
501,7/16/25 11:41,Puff,HP413,130,80,74,74,44.1,40,30017,601,1193,24.85,50,"1,2,3,4,5,6,7,8",Ammonia,2,8
502,7/16/25 11:41,Puff,HP413,130,81,77,77,43.6,40,30018,541,1143,26.65,54,"1,2,3,4,5,6,7,8",Ammonia,2,8
503,7/16/25 11:41,Puff,HP413,130,70,77,77,43.5,40,30024,527,1236,27.57,53,"1,2,3,4,5,6,7,8",Ammonia,2,8
504,7/16/25 11:41,Puff,HP413,130,81,80,80,43.1,40,30024,719,1180,23.12,55,"1,2,3,4,5,6,7,8",Ammonia,2,8
505,7/16/25 11:41,Puff,HP413,130,81,70,70,43,40,30027,679,1131,28.53,54,"1,2,3,4,5,6,7,8",Ammonia,2,8
506,7/16/25 11:41,Puff,HP413,130,80,78,78,42.8,40,30025,574,1207,29.2,54,"1,2,3,4,5,6,7,8",Ammonia,2,8
507,7/16/25 11:41,Puff,HP413,130,81,79,79,42.7,40,30025,695,1130,24.51,54,"1,2,3,4,5,6,7,8",Ammonia,2,8
508,7/16/25 11:41,Puff,HP413,130,80,70,70,43.3,40,30029,610,1160,22.58,52,"1,2,3,4,5,6,7,8",Ammonia,2,8
509,7/16/25 11:41,Puff,HP413,130,81,78,78,42.6,40,30033,628,1195,23.97,53,"1,2,3,4,5,6,7,8",Ammonia,2,8
510,7/16/25 11:41,Puff,HP501,140,81,75,75,35.3,40,30033,720,1136,27.96,51,"1,2,3,4,5,6,7,8",Ammonia,2,8
511,7/16/25 11:41,Puff,HP501,140,81,77,77,35,40,30037,609,1181,28.77,53,"1,2,3,4,5,6,7,8",Ammonia,2,8
512,7/16/25 11:41,Puff,HP501,140,70,59,59,34.6,40,30036,586,1152,29.24,53,"1,2,3,4,5,6,7,8",Ammonia,2,8
513,7/16/25 11:41,Puff,HP501,140,83,80,80,34,40,30035,698,1236,27.75,52,"1,2,3,4,5,6,7,8",Ammonia,2,8
514,7/16/25 11:42,Puff,HP501,140,57,53,53,30.7,40,30033,587,1117,22.62,55,"1,2,3,4,5,6,7,8",Ammonia,2,8
515,7/16/25 11:42,Puff,HP501,140,83,77,77,34.4,40,30035,527,1122,22.56,54,"1,2,3,4,5,6,7,8",Ammonia,2,8
516,7/16/25 11:42,Puff,HP503,150,80,77,77,30.1,40,30035,578,1209,25.9,53,"1,2,3,4,5,6,7,8",Ammonia,2,8
517,7/16/25 11:42,Puff,HP503,150,82,79,79,29.3,40,30038,576,1211,27.96,54,"1,2,3,4,5,6,7,8",Ammonia,2,8
518,7/16/25 11:42,Puff,HP503,150,79,76,76,28.5,40,30038,628,1207,24.47,51,"1,2,3,4,5,6,7,8",Ammonia,2,8
519,7/16/25 11:42,Puff,HP503,150,94,78,78,28,40,30038,650,1126,23.04,52,"1,2,3,4,5,6,7,8",Ammonia,2,8
520,7/16/25 11:42,Puff,HP503,150,48,36,36,29.7,40,30041,684,1199,29.5,55,"1,2,3,4,5,6,7,8",Ammonia,2,8
521,7/16/25 11:42,Puff,HP503,150,85,78,78,28.1,40,30041,595,1171,22.35,51,"1,2,3,4,5,6,7,8",Ammonia,2,8
522,7/16/25 11:42,Puff,HP503,150,81,77,77,27.2,40,30045,640,1155,27.76,53,"1,2,3,4,5,6,7,8",Ammonia,2,8
523,7/16/25 11:42,Puff,HP503,150,83,73,73,26.7,40,30044,710,1231,25.28,50,"1,2,3,4,5,6,7,8",Ammonia,2,8
524,7/16/25 11:42,Puff,HP322,160,83,78,78,21.7,100,30044,549,1147,24.05,51,"1,2,3,4,5,6,7,8",Ammonia,2,8
525,7/16/25 11:42,Puff,HP322,160,80,78,78,21.1,100,30043,597,1192,24.76,51,"1,2,3,4,5,6,7,8",Ammonia,2,8
526,7/16/25 11:42,Puff,HP322,160,43,36,36,22.1,40,30043,582,1152,28.06,53,"1,2,3,4,5,6,7,8",Ammonia,2,8
527,7/16/25 11:42,Puff,HP322,160,83,77,77,20.8,40,30042,544,1178,26.21,50,"1,2,3,4,5,6,7,8",Ammonia,2,8
528,7/16/25 11:42,Puff,HP322,160,83,78,78,20.2,40,30040,612,1214,26.65,50,"1,2,3,4,5,6,7,8",Ammonia,2,8
529,7/16/25 11:42,Puff,HP322,160,82,78,78,19.8,40,30042,690,1179,25.94,50,"1,2,3,4,5,6,7,8",Ammonia,2,8
530,7/16/25 11:42,Puff,HP322,160,82,77,77,19.6,40,30045,634,1190,28.31,52,"1,2,3,4,5,6,7,8",Ammonia,2,8
531,7/16/25 11:42,Puff,HP322,160,83,79,79,19.4,40,30040,683,1201,26.18,55,"1,2,3,4,5,6,7,8",Ammonia,2,8
532,7/16/25 11:42,Puff,HP324,170,74,73,73,17,40,30038,701,1124,29.93,54,"1,2,3,4,5,6,7,8",Ammonia,2,8
533,7/16/25 11:42,Puff,HP324,170,83,80,80,18.4,40,30040,602,1198,28.7,52,"1,2,3,4,5,6,7,8",Ammonia,2,8
534,7/16/25 11:42,Puff,HP324,170,84,78,78,17.8,40,30042,712,1231,22.76,50,"1,2,3,4,5,6,7,8",Ammonia,2,8
535,7/16/25 11:42,Puff,HP324,170,80,77,77,17.3,40,30045,696,1211,22.25,54,"1,2,3,4,5,6,7,8",Ammonia,2,8
536,7/16/25 11:42,Puff,HP324,170,84,78,78,17,40,30048,519,1175,27.19,52,"1,2,3,4,5,6,7,8",Ammonia,2,8
537,7/16/25 11:42,Puff,HP324,170,82,78,78,16.6,40,30055,669,1200,25.29,54,"1,2,3,4,5,6,7,8",Ammonia,2,8
538,7/16/25 11:42,Puff,HP324,170,80,77,77,16.5,40,30055,608,1240,28.74,54,"1,2,3,4,5,6,7,8",Ammonia,2,8
539,7/16/25 11:43,Puff,HP354,180,83,78,78,13.2,40,30055,699,1177,22.66,53,"1,2,3,4,5,6,7,8",Ammonia,2,8
540,7/16/25 11:43,Puff,HP354,180,81,78,78,14.5,40,30056,673,1203,29.68,55,"1,2,3,4,5,6,7,8",Ammonia,2,8
541,7/16/25 11:43,Puff,HP354,180,82,77,77,14.1,40,30056,588,1223,23.08,52,"1,2,3,4,5,6,7,8",Ammonia,2,8
542,7/16/25 11:43,Puff,HP354,180,83,76,76,13.7,40,30057,577,1204,26.06,52,"1,2,3,4,5,6,7,8",Ammonia,2,8
543,7/16/25 11:43,Puff,HP354,180,80,81,81,13.3,40,30059,646,1217,28.39,55,"1,2,3,4,5,6,7,8",Ammonia,2,8
544,7/16/25 11:43,Puff,HP354,180,81,77,77,13.1,40,30060,675,1115,25.71,51,"1,2,3,4,5,6,7,8",Ammonia,2,8
545,7/16/25 11:43,Puff,HP354,180,56,39,39,12.9,40,30063,654,1123,27.68,55,"1,2,3,4,5,6,7,8",Ammonia,2,8
546,7/16/25 11:43,Puff,HP354,180,81,78,78,12.7,40,30061,620,1189,24.18,51,"1,2,3,4,5,6,7,8",Ammonia,2,8
547,7/16/25 11:43,Puff,HP354,180,81,78,78,12.5,40,30057,655,1120,29.39,54,"1,2,3,4,5,6,7,8",Ammonia,2,8
548,7/16/25 11:43,Puff,HP413,190,81,80,80,11.2,40,30058,615,1223,28.11,53,"1,2,3,4,5,6,7,8",Ammonia,2,8
549,7/16/25 11:43,Puff,HP413,190,78,75,75,10.9,40,30057,529,1148,23.77,52,"1,2,3,4,5,6,7,8",Ammonia,2,8
550,7/16/25 11:43,Puff,HP413,190,82,73,73,10.8,40,30053,728,1223,22.97,55,"1,2,3,4,5,6,7,8",Ammonia,2,8
551,7/16/25 11:43,Puff,HP413,190,83,80,80,10.7,40,30051,719,1128,28.39,54,"1,2,3,4,5,6,7,8",Ammonia,2,8
552,7/16/25 11:43,Puff,HP413,190,82,59,59,10.6,40,30051,630,1152,28.73,50,"1,2,3,4,5,6,7,8",Ammonia,2,8
553,7/16/25 11:43,Puff,HP413,190,82,78,78,10.5,40,30053,718,1225,22.25,54,"1,2,3,4,5,6,7,8",Ammonia,2,8
554,7/16/25 11:43,Puff,HP413,190,82,78,78,10.4,40,30053,604,1202,23.57,54,"1,2,3,4,5,6,7,8",Ammonia,2,8
555,7/16/25 11:43,Puff,HP413,190,81,80,80,10.4,40,30055,682,1190,29.31,51,"1,2,3,4,5,6,7,8",Ammonia,2,8
556,7/16/25 11:43,Puff,HP413,190,82,79,79,10.3,40,30057,624,1202,23.42,50,"1,2,3,4,5,6,7,8",Ammonia,2,8
557,7/16/25 11:43,Puff,HP501,200,81,78,78,9,40,30055,558,1194,22.62,53,"1,2,3,4,5,6,7,8",Ammonia,2,8
558,7/16/25 11:43,Puff,HP501,200,80,92,92,8.9,40,30057,721,1117,22.43,52,"1,2,3,4,5,6,7,8",Ammonia,2,8
559,7/16/25 11:43,Puff,HP501,200,86,80,80,8.8,40,30059,589,1177,28.17,54,"1,2,3,4,5,6,7,8",Ammonia,2,8
560,7/16/25 11:43,Puff,HP501,200,82,77,77,8.7,40,30061,527,1166,24.63,54,"1,2,3,4,5,6,7,8",Ammonia,2,8
561,7/16/25 11:43,Puff,HP501,200,80,79,79,8.6,40,30064,713,1153,28.89,55,"1,2,3,4,5,6,7,8",Ammonia,2,8
562,7/16/25 11:43,Puff,HP501,200,83,80,80,8.6,40,30057,668,1201,22.4,51,"1,2,3,4,5,6,7,8",Ammonia,2,8
563,7/16/25 11:43,Puff,HP501,200,80,81,81,8.5,40,30055,520,1194,24.96,51,"1,2,3,4,5,6,7,8",Ammonia,2,8
564,7/16/25 11:43,Puff,HP501,200,80,75,75,8.5,40,30060,654,1193,27.41,51,"1,2,3,4,5,6,7,8",Ammonia,2,8
565,7/16/25 11:43,Puff,HP501,200,82,79,79,8.5,40,30059,644,1235,28.62,51,"1,2,3,4,5,6,7,8",Ammonia,2,8
566,7/16/25 11:43,Puff,HP503,210,83,78,78,7.8,40,30060,643,1195,24.6,52,"1,2,3,4,5,6,7,8",Ammonia,2,8
567,7/16/25 11:43,Puff,HP503,210,83,79,79,7.7,40,30056,588,1183,28.4,55,"1,2,3,4,5,6,7,8",Ammonia,2,8
568,7/16/25 11:44,Puff,HP503,210,80,75,75,7.7,40,30056,692,1222,26.85,55,"1,2,3,4,5,6,7,8",Ammonia,2,8
569,7/16/25 11:44,Puff,HP503,210,81,80,80,7.7,40,30061,627,1194,25.39,51,"1,2,3,4,5,6,7,8",Ammonia,2,8
570,7/16/25 11:44,Puff,HP503,210,85,77,77,7.6,40,30059,597,1180,23.57,52,"1,2,3,4,5,6,7,8",Ammonia,2,8
571,7/16/25 11:44,Puff,HP503,210,94,78,78,7.6,40,30061,517,1122,24.39,52,"1,2,3,4,5,6,7,8",Ammonia,2,8
572,7/16/25 11:44,Puff,HP503,210,83,78,78,7.6,40,30063,556,1235,26.29,50,"1,2,3,4,5,6,7,8",Ammonia,2,8
573,7/16/25 11:44,Puff,HP503,210,83,79,79,7.6,40,30063,524,1165,29.05,51,"1,2,3,4,5,6,7,8",Ammonia,2,8
574,7/16/25 11:44,Puff,HP503,210,76,78,78,7.6,40,30064,695,1146,29.75,51,"1,2,3,4,5,6,7,8",Ammonia,2,8
575,7/16/25 11:44,Puff,HP322,220,82,80,80,6.7,100,30066,656,1122,29.81,51,"1,2,3,4,5,6,7,8",Ammonia,2,8
576,7/16/25 11:44,Puff,HP322,220,87,80,80,6.6,100,30071,552,1169,26.76,54,"1,2,3,4,5,6,7,8",Ammonia,2,8
577,7/16/25 11:44,Puff,HP322,220,84,79,79,6.6,40,30068,658,1161,28.71,51,"1,2,3,4,5,6,7,8",Ammonia,2,8
578,7/16/25 11:44,Puff,HP322,220,84,80,80,6.6,40,30063,696,1232,29.72,52,"1,2,3,4,5,6,7,8",Ammonia,2,8
579,7/16/25 11:44,Puff,HP322,220,83,80,80,6.6,40,30060,725,1238,29.32,51,"1,2,3,4,5,6,7,8",Ammonia,2,8
580,7/16/25 11:44,Puff,HP322,220,83,78,78,6.6,40,30065,515,1131,27.37,54,"1,2,3,4,5,6,7,8",Ammonia,2,8
581,7/16/25 11:44,Puff,HP322,220,85,79,79,6.6,40,30065,632,1154,23.56,53,"1,2,3,4,5,6,7,8",Ammonia,2,8
582,7/16/25 11:44,Puff,HP322,220,87,78,78,6.6,40,30063,554,1222,24.21,53,"1,2,3,4,5,6,7,8",Ammonia,2,8
583,7/16/25 11:44,Puff,HP322,220,81,80,80,6.6,40,30066,615,1144,23.06,52,"1,2,3,4,5,6,7,8",Ammonia,2,8
584,7/16/25 11:44,Puff,HP324,230,80,58,58,6.1,40,30064,692,1136,25.79,52,"1,2,3,4,5,6,7,8",Ammonia,2,8
585,7/16/25 11:44,Puff,HP324,230,84,80,80,6.1,40,30066,649,1187,29.17,51,"1,2,3,4,5,6,7,8",Ammonia,2,8
586,7/16/25 11:44,Puff,HP324,230,78,74,74,6.1,40,30064,536,1144,22.55,53,"1,2,3,4,5,6,7,8",Ammonia,2,8
587,7/16/25 11:44,Puff,HP324,230,84,78,78,6.1,40,30066,623,1209,29.32,50,"1,2,3,4,5,6,7,8",Ammonia,2,8
588,7/16/25 11:44,Puff,HP324,230,82,80,80,6.1,40,30069,512,1183,26.65,53,"1,2,3,4,5,6,7,8",Ammonia,2,8
589,7/16/25 11:44,Puff,HP324,230,83,80,80,6.1,40,30068,653,1183,27.19,53,"1,2,3,4,5,6,7,8",Ammonia,2,8
590,7/16/25 11:44,Puff,HP324,230,81,80,80,6.2,40,30069,521,1193,27.28,54,"1,2,3,4,5,6,7,8",Ammonia,2,8
591,7/16/25 11:44,Puff,HP324,230,83,78,78,6.2,40,30066,556,1209,27.62,53,"1,2,3,4,5,6,7,8",Ammonia,2,8
592,7/16/25 11:44,Puff,HP324,230,80,78,78,6.3,40,30068,605,1167,24.62,54,"1,2,3,4,5,6,7,8",Ammonia,2,8
593,7/16/25 11:44,Puff,HP354,240,85,80,80,5.7,40,30068,546,1160,27.18,54,"1,2,3,4,5,6,7,8",Ammonia,2,8
594,7/16/25 11:44,Puff,HP354,240,74,73,73,5.7,40,30071,550,1169,22.86,50,"1,2,3,4,5,6,7,8",Ammonia,2,8
595,7/16/25 11:44,Puff,HP354,240,84,80,80,5.7,40,30071,594,1224,27.13,55,"1,2,3,4,5,6,7,8",Ammonia,2,8
596,7/16/25 11:44,Puff,HP354,240,94,80,80,5.7,40,30074,642,1134,29.49,52,"1,2,3,4,5,6,7,8",Ammonia,2,8
597,7/16/25 11:44,Puff,HP354,240,85,80,80,5.8,40,30073,566,1185,24.01,53,"1,2,3,4,5,6,7,8",Ammonia,2,8
598,7/16/25 11:44,Puff,HP354,240,84,81,81,5.9,40,30073,709,1236,24.49,53,"1,2,3,4,5,6,7,8",Ammonia,2,8
599,7/16/25 11:44,Puff,HP354,240,83,78,78,5.8,40,30075,523,1210,27.55,53,"1,2,3,4,5,6,7,8",Ammonia,2,8
600,7/16/25 11:44,Puff,HP354,240,81,80,80,6,40,30075,619,1176,27.6,52,"1,2,3,4,5,6,7,8",Ammonia,2,8
601,7/16/25 11:44,Puff,HP354,240,83,79,79,5.9,40,30071,712,1190,23.95,55,"1,2,3,4,5,6,7,8",Ammonia,2,8
602,7/16/25 11:45,Puff,HP413,250,80,80,80,5.7,40,30071,706,1178,23.2,55,"1,2,3,4,5,6,7,8",Ammonia,2,8
603,7/16/25 11:45,Puff,HP413,250,80,78,78,5.7,40,30068,564,1224,27.4,54,"1,2,3,4,5,6,7,8",Ammonia,2,8
604,7/16/25 11:45,Puff,HP413,250,81,79,79,5.7,40,30069,580,1221,26.83,52,"1,2,3,4,5,6,7,8",Ammonia,2,8
605,7/16/25 11:45,Puff,HP413,250,81,77,77,5.9,40,30071,673,1232,24.83,54,"1,2,3,4,5,6,7,8",Ammonia,2,8
606,7/16/25 11:45,Puff,HP413,250,83,77,77,5.7,40,30069,728,1219,29.08,52,"1,2,3,4,5,6,7,8",Ammonia,2,8
607,7/16/25 11:45,Puff,HP413,250,83,79,79,6,40,30071,668,1239,26.44,51,"1,2,3,4,5,6,7,8",Ammonia,2,8
608,7/16/25 11:45,Puff,HP413,250,81,77,77,5.9,40,30071,682,1238,22.58,54,"1,2,3,4,5,6,7,8",Ammonia,2,8
609,7/16/25 11:45,Puff,HP413,250,79,70,70,6,40,30072,684,1182,29.93,55,"1,2,3,4,5,6,7,8",Ammonia,2,8
610,7/16/25 11:45,Puff,HP413,250,85,79,79,6,40,30073,723,1197,23.26,55,"1,2,3,4,5,6,7,8",Ammonia,2,8
611,7/16/25 11:45,Puff,HP501,260,82,80,80,5.7,40,30069,604,1116,25.75,50,"1,2,3,4,5,6,7,8",Ammonia,2,8
612,7/16/25 11:45,Puff,HP501,260,82,80,80,5.7,40,30073,637,1201,23.39,52,"1,2,3,4,5,6,7,8",Ammonia,2,8
613,7/16/25 11:45,Puff,HP501,260,84,78,78,5.7,40,30072,571,1209,23.8,51,"1,2,3,4,5,6,7,8",Ammonia,2,8
614,7/16/25 11:45,Puff,HP501,260,87,78,78,5.8,40,30072,552,1163,27.87,55,"1,2,3,4,5,6,7,8",Ammonia,2,8
615,7/16/25 11:45,Puff,HP501,260,86,80,80,5.9,40,30075,689,1127,23.97,50,"1,2,3,4,5,6,7,8",Ammonia,2,8
616,7/16/25 11:45,Puff,HP501,260,82,75,75,5.9,40,30077,588,1137,24.2,53,"1,2,3,4,5,6,7,8",Ammonia,2,8
617,7/16/25 11:45,Puff,HP501,260,85,78,78,6,40,30081,608,1125,24.72,50,"1,2,3,4,5,6,7,8",Ammonia,2,8
618,7/16/25 11:45,Puff,HP501,260,81,79,79,6.1,40,30081,550,1164,24.25,52,"1,2,3,4,5,6,7,8",Ammonia,2,8
619,7/16/25 11:45,Puff,HP501,260,83,80,80,6.1,40,30079,558,1126,26.04,55,"1,2,3,4,5,6,7,8",Ammonia,2,8
620,7/16/25 11:45,Puff,HP503,270,83,80,80,5.7,40,30077,650,1209,25.04,52,"1,2,3,4,5,6,7,8",Ammonia,2,8
621,7/16/25 11:45,Puff,HP503,270,84,80,80,6,40,30077,694,1167,29.66,52,"1,2,3,4,5,6,7,8",Ammonia,2,8
622,7/16/25 11:45,Puff,HP503,270,83,77,77,6,40,30082,640,1237,29.95,55,"1,2,3,4,5,6,7,8",Ammonia,2,8
623,7/16/25 11:45,Puff,HP503,270,86,78,78,6.1,40,30081,596,1214,27.07,53,"1,2,3,4,5,6,7,8",Ammonia,2,8
624,7/16/25 11:45,Puff,HP503,270,82,78,78,6.2,40,30081,646,1195,23.13,53,"1,2,3,4,5,6,7,8",Ammonia,2,8
625,7/16/25 11:45,Puff,HP503,270,82,79,79,6.3,40,30086,553,1179,22.55,55,"1,2,3,4,5,6,7,8",Ammonia,2,8
626,7/16/25 11:45,Puff,HP503,270,83,64,64,6.4,40,30087,537,1205,25.01,51,"1,2,3,4,5,6,7,8",Ammonia,2,8
627,7/16/25 11:45,Puff,HP503,270,82,78,78,6.5,40,30088,711,1217,27.45,51,"1,2,3,4,5,6,7,8",Ammonia,2,8
628,7/16/25 11:45,Puff,HP503,270,82,84,84,6.6,40,30087,582,1168,29.8,55,"1,2,3,4,5,6,7,8",Ammonia,2,8
629,7/16/25 11:45,Puff,HP322,280,83,69,69,6.3,100,30089,728,1159,29.02,54,"1,2,3,4,5,6,7,8",Ammonia,2,8
630,7/16/25 11:45,Puff,HP322,280,80,77,77,6.4,100,30094,725,1145,27.04,51,"1,2,3,4,5,6,7,8",Ammonia,2,8
631,7/16/25 11:45,Puff,HP322,280,83,80,80,6.5,40,30096,610,1150,26.93,54,"1,2,3,4,5,6,7,8",Ammonia,2,8
632,7/16/25 11:45,Puff,HP322,280,86,78,78,6.6,40,30096,558,1191,28.51,53,"1,2,3,4,5,6,7,8",Ammonia,2,8
633,7/16/25 11:46,Puff,HP324,290,83,78,78,5.7,40,30088,514,1202,22.39,50,"1,2,3,4,5,6,7,8",Ammonia,2,8
634,7/16/25 11:46,Puff,HP324,290,82,80,80,5.9,40,30080,603,1235,29.36,52,"1,2,3,4,5,6,7,8",Ammonia,2,8
635,7/16/25 11:46,Puff,HP324,290,84,77,77,6,40,30082,624,1163,26.04,51,"1,2,3,4,5,6,7,8",Ammonia,2,8
636,7/16/25 11:46,Puff,HP324,290,84,79,79,6.3,40,30075,708,1146,23.69,54,"1,2,3,4,5,6,7,8",Ammonia,2,8
637,7/16/25 11:46,Puff,HP324,290,86,78,78,6.5,40,30072,585,1124,28.73,55,"1,2,3,4,5,6,7,8",Ammonia,2,8
638,7/16/25 11:46,Puff,HP354,300,84,79,79,5.9,40,30071,514,1147,27.7,51,"1,2,3,4,5,6,7,8",Ammonia,2,8
639,7/16/25 11:46,Puff,HP354,300,83,78,78,6.3,40,30069,679,1227,22.26,51,"1,2,3,4,5,6,7,8",Ammonia,2,8
640,7/16/25 11:46,Puff,HP354,300,83,80,80,6.8,40,30073,515,1181,29.77,53,"1,2,3,4,5,6,7,8",Ammonia,2,8
641,7/16/25 11:46,Puff,HP354,300,83,79,79,7.2,40,30074,513,1201,24.91,54,"1,2,3,4,5,6,7,8",Ammonia,2,8
642,7/16/25 11:46,Puff,HP354,300,84,74,74,7.6,40,30074,664,1118,29.03,55,"1,2,3,4,5,6,7,8",Ammonia,2,8
643,7/16/25 11:46,Puff,HP354,300,86,77,77,8,40,30068,594,1225,28.68,50,"1,2,3,4,5,6,7,8",Ammonia,2,8
644,7/16/25 11:46,Puff,HP354,300,87,80,80,8.3,40,30069,629,1233,28.82,55,"1,2,3,4,5,6,7,8",Ammonia,2,8
645,7/16/25 11:46,Puff,HP354,300,85,80,80,8.7,40,30069,632,1142,29.63,55,"1,2,3,4,5,6,7,8",Ammonia,2,8
646,7/16/25 11:46,Puff,HP354,300,83,80,80,9,40,30066,695,1122,22.54,53,"1,2,3,4,5,6,7,8",Ammonia,2,8
647,7/16/25 11:46,Puff,HP413,310,80,80,80,8.7,40,30071,670,1179,24.08,54,"1,2,3,4,5,6,7,8",Ammonia,2,8
648,7/16/25 11:46,Puff,HP413,310,96,80,80,9.5,40,30068,612,1224,26.02,50,"1,2,3,4,5,6,7,8",Ammonia,2,8
649,7/16/25 11:46,Puff,HP413,310,81,70,70,10.2,40,30067,515,1231,23.24,51,"1,2,3,4,5,6,7,8",Ammonia,2,8
650,7/16/25 11:46,Puff,HP413,310,80,79,79,9.3,40,30063,562,1155,27.28,53,"1,2,3,4,5,6,7,8",Ammonia,2,8
651,7/16/25 11:47,Puff,HP501,320,50,49,49,7.8,40,30064,715,1179,24.88,51,"1,2,3,4,5,6,7,8",Ammonia,2,8
652,7/16/25 11:47,Puff,HP501,320,83,77,77,9.3,40,30065,573,1155,27.89,55,"1,2,3,4,5,6,7,8",Ammonia,2,8
653,7/16/25 11:47,Puff,HP501,320,83,78,78,10.7,40,30066,629,1202,28.17,55,"1,2,3,4,5,6,7,8",Ammonia,2,8
654,7/16/25 11:47,Puff,HP501,320,85,76,76,12.1,40,30065,582,1229,27.18,54,"1,2,3,4,5,6,7,8",Ammonia,2,8
655,7/16/25 11:47,Puff,HP501,320,82,79,79,13.1,40,30066,510,1177,23.41,51,"1,2,3,4,5,6,7,8",Ammonia,2,8
656,7/16/25 11:47,Puff,HP501,320,97,78,78,14,40,30066,675,1234,24.23,50,"1,2,3,4,5,6,7,8",Ammonia,2,8
657,7/16/25 11:47,Puff,HP503,330,51,43,43,10,40,30072,688,1202,29.01,53,"1,2,3,4,5,6,7,8",Ammonia,2,8
658,7/16/25 11:47,Puff,HP503,330,83,83,83,13,40,30073,627,1128,27.85,54,"1,2,3,4,5,6,7,8",Ammonia,2,8
659,7/16/25 11:47,Puff,HP503,330,82,80,80,15.2,40,30080,722,1116,30,50,"1,2,3,4,5,6,7,8",Ammonia,2,8
660,7/16/25 11:47,Puff,HP503,330,83,80,80,16.9,40,30080,606,1218,23.19,54,"1,2,3,4,5,6,7,8",Ammonia,2,8
661,7/16/25 11:47,Puff,HP503,0,0,0,0,0,0,0,536,1144,25.83,55,"1,2,3,4,5,6,7,8",Ammonia,0,0
662,7/16/25 12:18,Puff,HP322,40,80,75,75,107.9,40,29498,672,1168,23.06,52,"1,2,3,4,5,6,7,8",Ammonia,2,3
663,7/16/25 12:18,Puff,HP322,40,48,36,36,133.5,40,29512,562,1186,25.04,53,"1,2,3,4,5,6,7,8",Ammonia,2,3
664,7/16/25 12:18,Puff,HP322,40,81,75,75,185.4,40,29520,710,1203,24.53,50,"1,2,3,4,5,6,7,8",Ammonia,2,3
665,7/16/25 12:18,Puff,HP322,40,80,74,74,259.1,40,29527,566,1219,28.26,53,"1,2,3,4,5,6,7,8",Ammonia,2,3
666,7/16/25 12:18,Puff,HP322,40,81,75,75,327.5,40,29537,557,1182,25.31,55,"1,2,3,4,5,6,7,8",Ammonia,2,3
667,7/16/25 12:18,Puff,HP324,50,75,68,68,324.4,40,29547,550,1209,22.42,55,"1,2,3,4,5,6,7,8",Ammonia,2,3
668,7/16/25 12:18,Puff,HP324,50,80,77,77,342.2,40,29559,686,1152,23.72,51,"1,2,3,4,5,6,7,8",Ammonia,2,3
669,7/16/25 12:18,Puff,HP324,50,64,53,53,332.6,40,29572,674,1235,23.15,55,"1,2,3,4,5,6,7,8",Ammonia,2,3
670,7/16/25 12:18,Puff,HP324,50,80,74,74,314.2,40,29588,594,1221,29.46,51,"1,2,3,4,5,6,7,8",Ammonia,2,3
671,7/16/25 12:18,Puff,HP324,50,76,69,69,295.7,40,29594,585,1163,22.35,50,"1,2,3,4,5,6,7,8",Ammonia,2,3
672,7/16/25 12:19,Puff,HP324,50,80,74,74,280.2,40,29605,575,1204,25.82,52,"1,2,3,4,5,6,7,8",Ammonia,2,3
673,7/16/25 12:19,Puff,HP324,50,85,74,74,267.9,40,29612,675,1201,29.63,53,"1,2,3,4,5,6,7,8",Ammonia,2,3
674,7/16/25 12:19,Puff,HP324,50,82,77,77,257.7,40,29621,655,1127,24.68,50,"1,2,3,4,5,6,7,8",Ammonia,2,3
675,7/16/25 12:19,Puff,HP324,50,71,66,66,250.6,40,29631,588,1173,23.61,53,"1,2,3,4,5,6,7,8",Ammonia,2,3
676,7/16/25 12:19,Puff,HP354,60,80,79,79,194.9,40,29645,618,1217,27.57,51,"1,2,3,4,5,6,7,8",Ammonia,2,3
677,7/16/25 12:19,Puff,HP354,60,80,78,78,184,40,29658,660,1124,26.39,50,"1,2,3,4,5,6,7,8",Ammonia,2,3
678,7/16/25 12:19,Puff,HP354,60,82,75,75,183.1,40,29663,668,1239,29.75,52,"1,2,3,4,5,6,7,8",Ammonia,2,3
679,7/16/25 12:19,Puff,HP354,60,79,70,70,180.7,40,29675,665,1236,26.17,53,"1,2,3,4,5,6,7,8",Ammonia,2,3
680,7/16/25 12:19,Puff,HP354,60,78,75,75,178.8,40,29679,622,1169,24.14,52,"1,2,3,4,5,6,7,8",Ammonia,2,3
681,7/16/25 12:19,Puff,HP354,60,53,51,51,176.6,40,29690,708,1190,26.01,54,"1,2,3,4,5,6,7,8",Ammonia,2,3
682,7/16/25 12:19,Puff,HP354,60,83,74,74,175.7,40,29698,543,1221,26.78,52,"1,2,3,4,5,6,7,8",Ammonia,2,3
683,7/16/25 12:19,Puff,HP354,60,81,77,77,174.3,40,29705,577,1232,23.31,55,"1,2,3,4,5,6,7,8",Ammonia,2,3
684,7/16/25 12:19,Puff,HP354,60,83,76,76,172.9,40,29713,560,1122,26.35,53,"1,2,3,4,5,6,7,8",Ammonia,2,3
685,7/16/25 12:19,Puff,HP413,70,80,71,71,146.3,40,29720,604,1135,23.19,53,"1,2,3,4,5,6,7,8",Ammonia,2,3
686,7/16/25 12:19,Puff,HP413,70,81,78,78,146.8,40,29724,698,1122,27.73,51,"1,2,3,4,5,6,7,8",Ammonia,2,3
687,7/16/25 12:19,Puff,HP413,70,77,68,68,146.3,40,29733,533,1219,28.12,54,"1,2,3,4,5,6,7,8",Ammonia,2,3
688,7/16/25 12:19,Puff,HP413,70,80,78,78,147.1,40,29741,725,1173,25.32,55,"1,2,3,4,5,6,7,8",Ammonia,2,3
689,7/16/25 12:19,Puff,HP413,70,80,77,77,147.1,40,29749,538,1196,25.45,53,"1,2,3,4,5,6,7,8",Ammonia,2,3
690,7/16/25 12:19,Puff,HP413,70,83,78,78,147.3,40,29754,626,1184,29.23,50,"1,2,3,4,5,6,7,8",Ammonia,2,3
691,7/16/25 12:19,Puff,HP413,70,81,78,78,147.1,40,29763,610,1121,23.42,52,"1,2,3,4,5,6,7,8",Ammonia,2,3
692,7/16/25 12:19,Puff,HP413,70,80,85,85,146,40,29770,661,1125,23.65,55,"1,2,3,4,5,6,7,8",Ammonia,2,3
693,7/16/25 12:19,Puff,HP501,80,54,48,48,114.3,40,29777,699,1216,27.39,52,"1,2,3,4,5,6,7,8",Ammonia,2,3
694,7/16/25 12:19,Puff,HP501,80,80,76,76,116.5,40,29781,542,1144,27.53,51,"1,2,3,4,5,6,7,8",Ammonia,2,3
695,7/16/25 12:19,Puff,HP501,80,81,77,77,118.9,40,29783,638,1205,25.08,52,"1,2,3,4,5,6,7,8",Ammonia,2,3
696,7/16/25 12:19,Puff,HP501,80,80,78,78,119.4,40,29790,642,1203,26.46,54,"1,2,3,4,5,6,7,8",Ammonia,2,3
697,7/16/25 12:19,Puff,HP501,80,80,73,73,119,40,29792,723,1159,25.56,52,"1,2,3,4,5,6,7,8",Ammonia,2,3
698,7/16/25 12:19,Puff,HP501,80,78,70,70,119.2,40,29798,604,1115,24.1,50,"1,2,3,4,5,6,7,8",Ammonia,2,3
699,7/16/25 12:19,Puff,HP501,80,77,69,69,118.5,40,29807,682,1172,29.88,50,"1,2,3,4,5,6,7,8",Ammonia,2,3
700,7/16/25 12:19,Puff,HP501,80,81,78,78,118.3,40,29810,537,1202,24.32,53,"1,2,3,4,5,6,7,8",Ammonia,2,3
701,7/16/25 12:19,Puff,HP501,80,80,79,79,118.2,40,29815,719,1210,25.89,53,"1,2,3,4,5,6,7,8",Ammonia,2,3
702,7/16/25 12:19,Puff,HP503,90,82,75,75,100.8,40,29821,721,1129,29.63,55,"1,2,3,4,5,6,7,8",Ammonia,2,3
703,7/16/25 12:19,Puff,HP503,90,80,74,74,102.8,40,29826,686,1232,27.46,55,"1,2,3,4,5,6,7,8",Ammonia,2,3
704,7/16/25 12:19,Puff,HP503,90,80,74,74,103.7,40,29824,628,1194,23.51,53,"1,2,3,4,5,6,7,8",Ammonia,2,3
705,7/16/25 12:20,Puff,HP503,90,75,83,83,101.6,40,29829,511,1136,22.42,53,"1,2,3,4,5,6,7,8",Ammonia,2,3
706,7/16/25 12:20,Puff,HP503,90,81,78,78,102.9,40,29833,539,1130,29.13,54,"1,2,3,4,5,6,7,8",Ammonia,2,3
707,7/16/25 12:20,Puff,HP503,90,81,78,78,103.2,40,29835,689,1191,24.24,55,"1,2,3,4,5,6,7,8",Ammonia,2,3
708,7/16/25 12:20,Puff,HP503,90,84,75,75,102.5,40,29840,695,1151,29.8,50,"1,2,3,4,5,6,7,8",Ammonia,2,3
709,7/16/25 12:20,Puff,HP503,90,80,79,79,102.4,40,29840,583,1137,27.76,52,"1,2,3,4,5,6,7,8",Ammonia,2,3
710,7/16/25 12:20,Puff,HP503,90,82,78,78,101.4,40,29841,534,1130,29.86,53,"1,2,3,4,5,6,7,8",Ammonia,2,3
711,7/16/25 12:20,Puff,HP322,100,49,39,39,77.8,100,29848,563,1152,27.43,50,"1,2,3,4,5,6,7,8",Ammonia,2,3
712,7/16/25 12:20,Puff,HP322,100,80,85,85,80.6,100,29851,614,1236,28.11,50,"1,2,3,4,5,6,7,8",Ammonia,2,3
713,7/16/25 12:20,Puff,HP322,100,85,78,78,82.4,40,29856,649,1147,25.67,53,"1,2,3,4,5,6,7,8",Ammonia,2,3
714,7/16/25 12:20,Puff,HP322,100,82,77,77,82.6,40,29862,534,1130,28.27,50,"1,2,3,4,5,6,7,8",Ammonia,2,3
715,7/16/25 12:20,Puff,HP322,100,80,70,70,82.1,40,29863,554,1136,29.88,52,"1,2,3,4,5,6,7,8",Ammonia,2,3
716,7/16/25 12:20,Puff,HP322,100,82,79,79,81.4,40,29869,538,643,21.49,52,"1,2,3,4,5,6,7,8",Ammonia,2,3
717,7/16/25 12:20,Puff,HP322,100,79,67,67,79.8,40,29876,559,688,23.21,52,"1,2,3,4,5,6,7,8",Ammonia,2,3
718,7/16/25 12:20,Puff,HP322,100,85,77,77,80.6,40,29882,556,527,24.91,54,"1,2,3,4,5,6,7,8",Ammonia,2,3
719,7/16/25 12:20,Puff,HP322,100,89,79,79,80.2,40,29885,604,625,24.46,53,"1,2,3,4,5,6,7,8",Ammonia,2,3
720,7/16/25 12:20,Puff,HP324,110,83,78,78,69.5,40,29886,544,609,20.08,50,"1,2,3,4,5,6,7,8",Ammonia,2,3
721,7/16/25 12:20,Puff,HP324,110,81,75,75,70.2,40,29886,538,580,22.77,51,"1,2,3,4,5,6,7,8",Ammonia,2,3
722,7/16/25 12:20,Puff,HP324,110,81,79,79,70.6,40,29884,527,706,25.44,55,"1,2,3,4,5,6,7,8",Ammonia,2,3
723,7/16/25 12:20,Puff,HP324,110,80,71,71,69.8,40,29892,537,681,24.98,53,"1,2,3,4,5,6,7,8",Ammonia,2,3
724,7/16/25 12:20,Puff,HP324,110,81,78,78,69.8,40,29895,548,599,20.32,52,"1,2,3,4,5,6,7,8",Ammonia,2,3
725,7/16/25 12:20,Puff,HP324,110,81,77,77,69.4,40,29900,588,596,26.09,54,"1,2,3,4,5,6,7,8",Ammonia,2,3
726,7/16/25 12:20,Puff,HP324,110,80,74,74,69.2,40,29902,587,623,22.52,52,"1,2,3,4,5,6,7,8",Ammonia,2,3
727,7/16/25 12:20,Puff,HP324,110,84,76,76,69,40,29907,597,716,25.56,52,"1,2,3,4,5,6,7,8",Ammonia,2,3
728,7/16/25 12:20,Puff,HP324,110,83,75,75,68.5,40,29912,617,599,23.38,52,"1,2,3,4,5,6,7,8",Ammonia,2,3
729,7/16/25 12:20,Puff,HP354,120,62,53,53,54.6,40,29912,518,592,23.11,54,"1,2,3,4,5,6,7,8",Ammonia,2,3
730,7/16/25 12:20,Puff,HP354,120,81,78,78,55.3,40,29913,514,596,29.37,50,"1,2,3,4,5,6,7,8",Ammonia,2,3
731,7/16/25 12:20,Puff,HP354,120,82,78,78,55.6,40,29912,583,642,27.12,50,"1,2,3,4,5,6,7,8",Ammonia,2,3
732,7/16/25 12:20,Puff,HP354,120,85,78,78,55.2,40,29915,571,608,25.41,50,"1,2,3,4,5,6,7,8",Ammonia,2,3
733,7/16/25 12:20,Puff,HP354,120,83,78,78,54.9,40,29920,570,711,26.78,55,"1,2,3,4,5,6,7,8",Ammonia,2,3
734,7/16/25 12:20,Puff,HP354,120,83,77,77,54.3,40,29920,585,596,23.55,52,"1,2,3,4,5,6,7,8",Ammonia,2,3
735,7/16/25 12:21,Puff,HP413,130,80,71,71,38.6,40,29920,513,715,28.65,50,"1,2,3,4,5,6,7,8",Ammonia,2,3
736,7/16/25 12:21,Puff,HP413,130,81,77,77,45.7,40,29920,599,672,29.51,53,"1,2,3,4,5,6,7,8",Ammonia,2,3
737,7/16/25 12:21,Puff,HP413,130,80,75,75,46.4,40,29925,607,590,23.96,55,"1,2,3,4,5,6,7,8",Ammonia,2,3
738,7/16/25 12:21,Puff,HP413,130,84,77,77,46,40,29926,552,662,26.19,53,"1,2,3,4,5,6,7,8",Ammonia,2,3
739,7/16/25 12:21,Puff,HP413,130,84,74,74,45.5,40,29933,519,516,25.83,51,"1,2,3,4,5,6,7,8",Ammonia,2,3
740,7/16/25 12:21,Puff,HP413,130,82,78,78,44.8,40,29934,555,575,20.08,52,"1,2,3,4,5,6,7,8",Ammonia,2,3
741,7/16/25 12:21,Puff,HP413,130,73,71,71,41.5,40,29936,507,516,25.1,54,"1,2,3,4,5,6,7,8",Ammonia,2,3
742,7/16/25 12:21,Puff,HP501,140,82,80,80,37.7,40,29942,553,505,28.13,51,"1,2,3,4,5,6,7,8",Ammonia,2,3
743,7/16/25 12:21,Puff,HP501,140,83,76,76,37.3,40,29947,548,633,24.63,55,"1,2,3,4,5,6,7,8",Ammonia,2,3
744,7/16/25 12:21,Puff,HP501,140,83,79,79,36.3,40,29944,595,654,27.9,52,"1,2,3,4,5,6,7,8",Ammonia,2,3
745,7/16/25 12:21,Puff,HP501,140,82,78,78,35.6,40,29946,547,555,21.79,50,"1,2,3,4,5,6,7,8",Ammonia,2,3
746,7/16/25 12:21,Puff,HP501,140,80,73,73,35,40,29946,566,706,25.26,55,"1,2,3,4,5,6,7,8",Ammonia,2,3
747,7/16/25 12:21,Puff,HP503,150,82,80,80,26,40,29954,606,634,27.97,55,"1,2,3,4,5,6,7,8",Ammonia,2,3
748,7/16/25 12:21,Puff,HP503,150,82,79,79,30.5,40,29959,505,707,24.24,55,"1,2,3,4,5,6,7,8",Ammonia,2,3
749,7/16/25 12:21,Puff,HP503,150,82,78,78,30.3,40,29960,500,592,27.62,53,"1,2,3,4,5,6,7,8",Ammonia,2,3
750,7/16/25 12:21,Puff,HP503,150,81,79,79,29.6,40,29962,508,550,26.84,55,"1,2,3,4,5,6,7,8",Ammonia,2,3
751,7/16/25 12:21,Puff,HP503,150,82,79,79,29,40,29969,502,619,26.87,55,"1,2,3,4,5,6,7,8",Ammonia,2,3
752,7/16/25 12:21,Puff,HP503,150,81,80,80,28.5,40,29970,596,582,21.3,55,"1,2,3,4,5,6,7,8",Ammonia,2,3
753,7/16/25 12:21,Puff,HP503,150,86,78,78,28.2,40,29969,605,667,21.36,50,"1,2,3,4,5,6,7,8",Ammonia,2,3
754,7/16/25 12:21,Puff,HP503,150,82,80,80,28,40,29969,578,560,21.39,50,"1,2,3,4,5,6,7,8",Ammonia,2,3
755,7/16/25 12:21,Puff,HP503,150,85,79,79,27.7,40,29972,512,522,21.22,53,"1,2,3,4,5,6,7,8",Ammonia,2,3
756,7/16/25 12:21,Puff,HP322,160,80,73,73,22.6,100,29975,532,597,28.18,54,"1,2,3,4,5,6,7,8",Ammonia,2,3
757,7/16/25 12:21,Puff,HP322,160,83,79,79,22.1,100,29978,532,639,21.71,55,"1,2,3,4,5,6,7,8",Ammonia,2,3
758,7/16/25 12:22,Puff,HP322,160,82,80,80,21.6,40,29978,590,564,20.81,50,"1,2,3,4,5,6,7,8",Ammonia,2,3
759,7/16/25 12:22,Puff,HP322,160,87,80,80,21.3,40,29980,526,568,23.69,50,"1,2,3,4,5,6,7,8",Ammonia,2,3
760,7/16/25 12:22,Puff,HP322,160,82,78,78,21.1,40,29979,512,622,20.09,55,"1,2,3,4,5,6,7,8",Ammonia,2,3
761,7/16/25 12:22,Puff,HP322,160,81,80,80,20.8,40,29981,534,524,28.49,55,"1,2,3,4,5,6,7,8",Ammonia,2,3
762,7/16/25 12:22,Puff,HP322,160,83,80,80,20.7,40,29983,516,707,20.74,50,"1,2,3,4,5,6,7,8",Ammonia,2,3
763,7/16/25 12:22,Puff,HP322,160,80,71,71,20.5,40,29983,530,583,29.14,53,"1,2,3,4,5,6,7,8",Ammonia,2,3
764,7/16/25 12:22,Puff,HP322,160,80,74,74,20.3,40,29985,556,572,23.67,51,"1,2,3,4,5,6,7,8",Ammonia,2,3
765,7/16/25 12:22,Puff,HP324,170,82,77,77,18.3,40,29990,527,662,27.15,55,"1,2,3,4,5,6,7,8",Ammonia,2,3
766,7/16/25 12:22,Puff,HP324,170,81,80,80,18,40,29991,592,600,21.03,55,"1,2,3,4,5,6,7,8",Ammonia,2,3
767,7/16/25 12:22,Puff,HP324,170,81,80,80,17.8,40,29991,578,621,29.74,50,"1,2,3,4,5,6,7,8",Ammonia,2,3
768,7/16/25 12:22,Puff,HP324,170,80,71,71,17.6,40,29993,543,731,29.94,52,"1,2,3,4,5,6,7,8",Ammonia,2,3
769,7/16/25 12:22,Puff,HP324,170,83,78,78,17.4,40,29995,526,643,21.56,54,"1,2,3,4,5,6,7,8",Ammonia,2,3
770,7/16/25 12:22,Puff,HP324,170,80,78,78,17.3,40,29995,545,547,22.22,50,"1,2,3,4,5,6,7,8",Ammonia,2,3
771,7/16/25 12:22,Puff,HP324,170,85,78,78,17.1,40,29996,579,724,20.29,52,"1,2,3,4,5,6,7,8",Ammonia,2,3
772,7/16/25 12:22,Puff,HP324,170,82,92,92,17.1,40,29996,527,663,22.77,53,"1,2,3,4,5,6,7,8",Ammonia,2,3
773,7/16/25 12:22,Puff,HP324,170,94,79,79,17,40,29996,606,518,25.2,55,"1,2,3,4,5,6,7,8",Ammonia,2,3
774,7/16/25 12:22,Puff,HP354,180,82,79,79,14.5,40,29997,530,540,21.16,55,"1,2,3,4,5,6,7,8",Ammonia,2,3
775,7/16/25 12:22,Puff,HP354,180,80,78,78,14.2,40,30001,618,653,29.44,52,"1,2,3,4,5,6,7,8",Ammonia,2,3
776,7/16/25 12:22,Puff,HP354,180,83,79,79,14,40,29998,587,677,25.95,55,"1,2,3,4,5,6,7,8",Ammonia,2,3
777,7/16/25 12:22,Puff,HP354,180,83,78,78,13.8,40,29998,535,650,26.01,52,"1,2,3,4,5,6,7,8",Ammonia,2,3
778,7/16/25 12:22,Puff,HP354,180,80,75,75,13.6,40,30002,569,583,25.05,51,"1,2,3,4,5,6,7,8",Ammonia,2,3
779,7/16/25 12:22,Puff,HP354,180,83,78,78,13.5,40,30002,536,611,27.99,54,"1,2,3,4,5,6,7,8",Ammonia,2,3
780,7/16/25 12:22,Puff,HP354,180,83,80,80,13.4,40,30003,591,734,25.99,51,"1,2,3,4,5,6,7,8",Ammonia,2,3
781,7/16/25 12:22,Puff,HP354,180,82,79,79,13.4,40,30005,514,602,23.79,54,"1,2,3,4,5,6,7,8",Ammonia,2,3
782,7/16/25 12:22,Puff,HP354,180,89,79,79,13.3,40,30005,543,712,22.67,55,"1,2,3,4,5,6,7,8",Ammonia,2,3
783,7/16/25 12:22,Puff,HP413,190,84,79,79,12.1,40,30005,550,684,25.92,53,"1,2,3,4,5,6,7,8",Ammonia,2,3
784,7/16/25 12:22,Puff,HP413,190,83,85,85,11.7,40,30005,560,540,26.02,55,"1,2,3,4,5,6,7,8",Ammonia,2,3
785,7/16/25 12:22,Puff,HP413,190,74,80,80,11.5,40,30005,582,637,27.72,52,"1,2,3,4,5,6,7,8",Ammonia,2,3
786,7/16/25 12:22,Puff,HP413,190,86,79,79,11.4,40,30008,536,737,21.89,52,"1,2,3,4,5,6,7,8",Ammonia,2,3
787,7/16/25 12:22,Puff,HP413,190,71,70,70,11.4,40,30009,556,680,20.95,50,"1,2,3,4,5,6,7,8",Ammonia,2,3
788,7/16/25 12:22,Puff,HP413,190,82,78,78,11.3,40,30011,547,715,26.85,51,"1,2,3,4,5,6,7,8",Ammonia,2,3
789,7/16/25 12:22,Puff,HP413,190,81,80,80,11.3,40,30010,604,513,24.04,51,"1,2,3,4,5,6,7,8",Ammonia,2,3
790,7/16/25 12:22,Puff,HP413,190,80,73,73,11.2,40,30009,547,546,23.33,52,"1,2,3,4,5,6,7,8",Ammonia,2,3
791,7/16/25 12:22,Puff,HP413,190,81,80,80,11.2,40,30008,568,605,27.32,54,"1,2,3,4,5,6,7,8",Ammonia,2,3
792,7/16/25 12:23,Puff,HP501,200,96,79,79,9.7,40,30012,509,703,24.15,51,"1,2,3,4,5,6,7,8",Ammonia,2,3
793,7/16/25 12:23,Puff,HP501,200,82,80,80,9.6,40,30014,570,712,27.44,50,"1,2,3,4,5,6,7,8",Ammonia,2,3
794,7/16/25 12:23,Puff,HP501,200,83,78,78,9.4,40,30014,614,529,29.93,54,"1,2,3,4,5,6,7,8",Ammonia,2,3
795,7/16/25 12:23,Puff,HP501,200,85,80,80,9.5,40,30013,535,637,25.54,53,"1,2,3,4,5,6,7,8",Ammonia,2,3
796,7/16/25 12:23,Puff,HP501,200,96,80,80,9.3,40,30019,605,560,27.78,53,"1,2,3,4,5,6,7,8",Ammonia,2,3
797,7/16/25 12:23,Puff,HP501,200,90,79,79,9.3,40,30020,589,702,26.17,53,"1,2,3,4,5,6,7,8",Ammonia,2,3
798,7/16/25 12:23,Puff,HP501,200,79,79,79,9.3,40,30018,560,738,21.84,53,"1,2,3,4,5,6,7,8",Ammonia,2,3
799,7/16/25 12:23,Puff,HP501,200,86,78,78,9.3,40,30020,504,676,26.5,53,"1,2,3,4,5,6,7,8",Ammonia,2,3
800,7/16/25 12:23,Puff,HP501,200,83,78,78,9.3,40,30020,592,630,20.13,53,"1,2,3,4,5,6,7,8",Ammonia,2,3
801,7/16/25 12:23,Puff,HP503,210,84,79,79,8.5,40,30020,616,596,29.44,51,"1,2,3,4,5,6,7,8",Ammonia,2,3
802,7/16/25 12:23,Puff,HP503,210,80,74,74,8.5,40,30024,535,540,25.05,50,"1,2,3,4,5,6,7,8",Ammonia,2,3
803,7/16/25 12:23,Puff,HP503,210,84,78,78,8.4,40,30024,570,667,24.71,50,"1,2,3,4,5,6,7,8",Ammonia,2,3
804,7/16/25 12:23,Puff,HP503,210,82,79,79,8.4,40,30024,583,571,27.41,54,"1,2,3,4,5,6,7,8",Ammonia,2,3
805,7/16/25 12:23,Puff,HP503,210,91,79,79,8.4,40,30026,552,660,22.45,53,"1,2,3,4,5,6,7,8",Ammonia,2,3
806,7/16/25 12:23,Puff,HP503,210,80,74,74,8.4,40,30026,514,542,21.42,54,"1,2,3,4,5,6,7,8",Ammonia,2,3
807,7/16/25 12:23,Puff,HP503,210,83,79,79,8.4,40,30026,529,697,27.17,54,"1,2,3,4,5,6,7,8",Ammonia,2,3
808,7/16/25 12:23,Puff,HP503,210,64,80,80,8.4,40,30024,516,653,22.95,53,"1,2,3,4,5,6,7,8",Ammonia,2,3
809,7/16/25 12:23,Puff,HP503,210,84,80,80,8.4,40,30025,620,667,28.07,50,"1,2,3,4,5,6,7,8",Ammonia,2,3
810,7/16/25 12:23,Puff,HP322,220,83,79,79,7.4,100,30025,573,541,28.2,51,"1,2,3,4,5,6,7,8",Ammonia,2,3
811,7/16/25 12:23,Puff,HP322,220,84,80,80,7.4,100,30028,520,730,27.14,51,"1,2,3,4,5,6,7,8",Ammonia,2,3
812,7/16/25 12:23,Puff,HP322,220,83,80,80,7.4,40,30030,582,575,27.27,52,"1,2,3,4,5,6,7,8",Ammonia,2,3
813,7/16/25 12:23,Puff,HP322,220,81,79,79,7.3,40,30028,566,629,29.07,50,"1,2,3,4,5,6,7,8",Ammonia,2,3
814,7/16/25 12:23,Puff,HP322,220,83,80,80,7.4,40,30022,583,730,28.28,52,"1,2,3,4,5,6,7,8",Ammonia,2,3
815,7/16/25 12:23,Puff,HP322,220,84,80,80,7.4,40,30024,544,537,29.21,55,"1,2,3,4,5,6,7,8",Ammonia,2,3
816,7/16/25 12:23,Puff,HP322,220,85,79,79,7.4,40,30024,578,700,21.31,52,"1,2,3,4,5,6,7,8",Ammonia,2,3
817,7/16/25 12:23,Puff,HP322,220,83,80,80,7.4,40,30024,602,658,29.8,51,"1,2,3,4,5,6,7,8",Ammonia,2,3
818,7/16/25 12:23,Puff,HP322,220,87,75,75,7.5,40,30025,555,725,21.29,55,"1,2,3,4,5,6,7,8",Ammonia,2,3
819,7/16/25 12:23,Puff,HP324,230,83,80,80,6.9,40,30028,589,725,23.7,55,"1,2,3,4,5,6,7,8",Ammonia,2,3
820,7/16/25 12:23,Puff,HP324,230,82,80,80,6.9,40,30029,526,531,21.66,54,"1,2,3,4,5,6,7,8",Ammonia,2,3
821,7/16/25 12:23,Puff,HP324,230,84,80,80,6.9,40,30027,610,635,25.01,53,"1,2,3,4,5,6,7,8",Ammonia,2,3
822,7/16/25 12:23,Puff,HP324,230,80,79,79,6.9,40,30028,505,547,25.2,52,"1,2,3,4,5,6,7,8",Ammonia,2,3
823,7/16/25 12:23,Puff,HP324,230,84,80,80,7,40,30025,573,705,20.3,53,"1,2,3,4,5,6,7,8",Ammonia,2,3
824,7/16/25 12:23,Puff,HP324,230,81,79,79,7,40,30027,584,724,28.76,53,"1,2,3,4,5,6,7,8",Ammonia,2,3
825,7/16/25 12:24,Puff,HP324,230,85,81,81,7,40,30026,503,568,21.46,55,"1,2,3,4,5,6,7,8",Ammonia,2,3
826,7/16/25 12:24,Puff,HP324,230,83,82,82,7.1,40,30026,587,514,22.55,55,"1,2,3,4,5,6,7,8",Ammonia,2,3
827,7/16/25 12:24,Puff,HP324,230,83,79,79,7.1,40,30028,584,546,26.31,50,"1,2,3,4,5,6,7,8",Ammonia,2,3
828,7/16/25 12:24,Puff,HP354,240,85,80,80,6.4,40,30026,505,681,21.14,55,"1,2,3,4,5,6,7,8",Ammonia,2,3
829,7/16/25 12:24,Puff,HP354,240,83,79,79,6.4,40,30027,578,607,29.67,55,"1,2,3,4,5,6,7,8",Ammonia,2,3
830,7/16/25 12:24,Puff,HP354,240,83,80,80,6.5,40,30028,542,666,26.05,55,"1,2,3,4,5,6,7,8",Ammonia,2,3
831,7/16/25 12:24,Puff,HP354,240,84,79,79,6.5,40,30033,605,604,25.15,50,"1,2,3,4,5,6,7,8",Ammonia,2,3
832,7/16/25 12:24,Puff,HP354,240,85,80,80,6.6,40,30030,527,599,21.83,52,"1,2,3,4,5,6,7,8",Ammonia,2,3
833,7/16/25 12:24,Puff,HP354,240,83,80,80,6.6,40,30032,569,558,21.44,50,"1,2,3,4,5,6,7,8",Ammonia,2,3
834,7/16/25 12:24,Puff,HP354,240,83,80,80,6.7,40,30032,529,657,23.75,55,"1,2,3,4,5,6,7,8",Ammonia,2,3
835,7/16/25 12:24,Puff,HP354,240,84,75,75,6.8,40,30032,537,716,26.94,51,"1,2,3,4,5,6,7,8",Ammonia,2,3
836,7/16/25 12:24,Puff,HP354,240,84,80,80,6.9,40,30034,540,677,22.51,54,"1,2,3,4,5,6,7,8",Ammonia,2,3
837,7/16/25 12:24,Puff,HP413,250,82,79,79,6.5,40,30032,521,524,27.44,52,"1,2,3,4,5,6,7,8",Ammonia,2,3
838,7/16/25 12:24,Puff,HP413,250,82,78,78,6.5,40,30036,570,715,27.47,54,"1,2,3,4,5,6,7,8",Ammonia,2,3
839,7/16/25 12:24,Puff,HP413,250,83,80,80,6.6,40,30033,617,570,28.68,50,"1,2,3,4,5,6,7,8",Ammonia,2,3
840,7/16/25 12:24,Puff,HP413,250,106,80,80,6.7,40,30033,585,733,24.78,54,"1,2,3,4,5,6,7,8",Ammonia,2,3
841,7/16/25 12:24,Puff,HP413,250,85,79,79,6.8,40,30035,531,734,23.51,54,"1,2,3,4,5,6,7,8",Ammonia,2,3
842,7/16/25 12:24,Puff,HP413,250,81,79,79,6.8,40,30037,600,563,26.24,53,"1,2,3,4,5,6,7,8",Ammonia,2,3
843,7/16/25 12:24,Puff,HP413,250,81,80,80,6.9,40,30038,575,702,22.32,50,"1,2,3,4,5,6,7,8",Ammonia,2,3
844,7/16/25 12:24,Puff,HP413,250,86,76,76,7,40,30037,538,716,20.85,52,"1,2,3,4,5,6,7,8",Ammonia,2,3
845,7/16/25 12:24,Puff,HP413,250,85,80,80,7.1,40,30035,593,643,20.82,54,"1,2,3,4,5,6,7,8",Ammonia,2,3
846,7/16/25 12:24,Puff,HP501,260,82,79,79,6.4,40,30034,575,534,22.51,55,"1,2,3,4,5,6,7,8",Ammonia,2,3
847,7/16/25 12:24,Puff,HP501,260,87,79,79,6.6,40,30038,522,580,21.14,52,"1,2,3,4,5,6,7,8",Ammonia,2,3
848,7/16/25 12:24,Puff,HP501,260,78,70,70,6.7,40,30038,534,738,21.66,54,"1,2,3,4,5,6,7,8",Ammonia,2,3
849,7/16/25 12:24,Puff,HP501,260,87,79,79,6.8,40,30041,557,738,21.81,51,"1,2,3,4,5,6,7,8",Ammonia,2,3
850,7/16/25 12:24,Puff,HP501,260,83,80,80,6.9,40,30041,575,562,22.24,50,"1,2,3,4,5,6,7,8",Ammonia,2,3
851,7/16/25 12:24,Puff,HP501,260,82,78,78,7,40,30044,548,540,24.12,50,"1,2,3,4,5,6,7,8",Ammonia,2,3
852,7/16/25 12:24,Puff,HP501,260,84,80,80,7.2,40,30042,597,624,26.9,50,"1,2,3,4,5,6,7,8",Ammonia,2,3
853,7/16/25 12:24,Puff,HP501,260,83,79,79,7.2,40,30042,531,621,29.96,54,"1,2,3,4,5,6,7,8",Ammonia,2,3
854,7/16/25 12:24,Puff,HP501,260,85,79,79,7.4,40,30042,591,645,27.9,52,"1,2,3,4,5,6,7,8",Ammonia,2,3
855,7/16/25 12:24,Puff,HP503,270,86,80,80,6.9,40,30044,605,636,25.69,51,"1,2,3,4,5,6,7,8",Ammonia,2,3
856,7/16/25 12:24,Puff,HP503,270,85,79,79,7.1,40,30042,604,683,28.33,52,"1,2,3,4,5,6,7,8",Ammonia,2,3
857,7/16/25 12:24,Puff,HP503,270,82,72,72,7.2,40,30043,615,720,29.63,55,"1,2,3,4,5,6,7,8",Ammonia,2,3
858,7/16/25 12:24,Puff,HP503,270,83,79,79,7.4,40,30045,561,689,21.75,53,"1,2,3,4,5,6,7,8",Ammonia,2,3
859,7/16/25 12:25,Puff,HP503,270,80,75,75,7.5,40,30049,547,694,27.18,55,"1,2,3,4,5,6,7,8",Ammonia,2,3
860,7/16/25 12:25,Puff,HP503,270,88,80,80,7.7,40,30048,571,550,27.32,52,"1,2,3,4,5,6,7,8",Ammonia,2,3
861,7/16/25 12:25,Puff,HP503,270,85,80,80,7.8,40,30051,613,740,27.17,51,"1,2,3,4,5,6,7,8",Ammonia,2,3
862,7/16/25 12:25,Puff,HP503,270,83,79,79,7.9,40,30048,523,504,22.44,54,"1,2,3,4,5,6,7,8",Ammonia,2,3
863,7/16/25 12:25,Puff,HP503,270,83,80,80,8,40,30051,596,623,25.75,53,"1,2,3,4,5,6,7,8",Ammonia,2,3
864,7/16/25 12:25,Puff,HP322,280,86,80,80,7.6,120,30051,579,738,24.64,53,"1,2,3,4,5,6,7,8",Ammonia,2,3
865,7/16/25 12:25,Puff,HP322,280,86,80,80,7.8,100,30048,599,667,21.75,50,"1,2,3,4,5,6,7,8",Ammonia,2,3
866,7/16/25 12:25,Puff,HP322,280,81,78,78,8,40,30048,608,561,29.42,51,"1,2,3,4,5,6,7,8",Ammonia,2,3
867,7/16/25 12:25,Puff,HP322,280,80,74,74,8.1,40,30049,509,673,30,50,"1,2,3,4,5,6,7,8",Ammonia,2,3
868,7/16/25 12:25,Puff,HP322,280,83,79,79,8.3,40,30048,537,622,23.01,55,"1,2,3,4,5,6,7,8",Ammonia,2,3
869,7/16/25 12:25,Puff,HP322,280,83,80,80,8.4,40,30050,534,567,23.82,51,"1,2,3,4,5,6,7,8",Ammonia,2,3
870,7/16/25 12:25,Puff,HP322,280,85,79,79,8.6,40,30048,583,704,28.77,55,"1,2,3,4,5,6,7,8",Ammonia,2,3
871,7/16/25 12:25,Puff,HP322,280,82,60,60,8.7,40,30052,571,711,26.85,53,"1,2,3,4,5,6,7,8",Ammonia,2,3
872,7/16/25 12:25,Puff,HP322,280,82,80,80,8.8,40,30051,590,603,20.25,50,"1,2,3,4,5,6,7,8",Ammonia,2,3
873,7/16/25 12:25,Puff,HP324,290,82,78,78,8.2,40,30055,554,684,22.17,54,"1,2,3,4,5,6,7,8",Ammonia,2,3
874,7/16/25 12:25,Puff,HP324,290,86,80,80,8.5,40,30056,532,703,29.51,50,"1,2,3,4,5,6,7,8",Ammonia,2,3
875,7/16/25 12:25,Puff,HP324,290,86,79,79,8.7,40,30057,506,612,25.95,51,"1,2,3,4,5,6,7,8",Ammonia,2,3
876,7/16/25 12:25,Puff,HP324,290,85,79,79,9,40,30063,594,583,29.53,50,"1,2,3,4,5,6,7,8",Ammonia,2,3
877,7/16/25 12:25,Puff,HP324,290,83,78,78,9.3,40,30063,526,505,20.77,50,"1,2,3,4,5,6,7,8",Ammonia,2,3
878,7/16/25 12:25,Puff,HP324,290,83,87,87,9.5,40,30063,617,607,24.94,55,"1,2,3,4,5,6,7,8",Ammonia,2,3
879,7/16/25 12:25,Puff,HP324,290,93,80,80,9.8,40,30063,568,569,27.46,52,"1,2,3,4,5,6,7,8",Ammonia,2,3
880,7/16/25 12:25,Puff,HP324,290,84,80,80,9.9,40,30063,510,575,26.07,54,"1,2,3,4,5,6,7,8",Ammonia,2,3
881,7/16/25 12:25,Puff,HP324,290,55,80,80,10.2,40,30061,578,573,26.79,53,"1,2,3,4,5,6,7,8",Ammonia,2,3
882,7/16/25 12:25,Puff,HP354,300,84,80,80,9.8,40,30064,584,571,25.16,54,"1,2,3,4,5,6,7,8",Ammonia,2,3
883,7/16/25 12:25,Puff,HP354,300,78,80,80,10.4,40,30063,569,630,21.46,55,"1,2,3,4,5,6,7,8",Ammonia,2,3
884,7/16/25 12:25,Puff,HP354,300,83,80,80,10.7,40,30063,619,570,22.87,53,"1,2,3,4,5,6,7,8",Ammonia,2,3
885,7/16/25 12:25,Puff,HP354,300,80,80,80,11.2,40,30061,559,660,21.52,55,"1,2,3,4,5,6,7,8",Ammonia,2,3
886,7/16/25 12:25,Puff,HP354,300,80,71,71,11.6,40,30061,581,614,29.55,50,"1,2,3,4,5,6,7,8",Ammonia,2,3
887,7/16/25 12:25,Puff,HP354,300,87,80,80,12.2,40,30063,569,614,22.22,53,"1,2,3,4,5,6,7,8",Ammonia,2,3
888,7/16/25 12:25,Puff,HP354,300,83,80,80,12.6,40,30059,583,740,26.36,55,"1,2,3,4,5,6,7,8",Ammonia,2,3
889,7/16/25 12:25,Puff,HP354,300,82,80,80,13,40,30065,511,729,20.34,50,"1,2,3,4,5,6,7,8",Ammonia,2,3
890,7/16/25 12:25,Puff,HP354,300,83,79,79,13.3,40,30063,601,647,27.98,50,"1,2,3,4,5,6,7,8",Ammonia,2,3
891,7/16/25 12:25,Puff,HP413,310,83,80,80,12.7,40,30065,559,685,23.26,52,"1,2,3,4,5,6,7,8",Ammonia,2,3
892,7/16/25 12:25,Puff,HP413,310,85,79,79,13.8,40,30064,539,635,20.55,53,"1,2,3,4,5,6,7,8",Ammonia,2,3
893,7/16/25 12:26,Puff,HP413,310,83,80,80,14.7,40,30066,607,592,21.65,51,"1,2,3,4,5,6,7,8",Ammonia,2,3
894,7/16/25 12:26,Puff,HP413,310,80,80,80,15.5,40,30069,563,579,20.48,55,"1,2,3,4,5,6,7,8",Ammonia,2,3
895,7/16/25 12:26,Puff,HP413,310,84,79,79,16.3,40,30069,620,548,26.53,53,"1,2,3,4,5,6,7,8",Ammonia,2,3
896,7/16/25 12:26,Puff,HP413,310,91,80,80,17,40,30069,527,503,26.2,51,"1,2,3,4,5,6,7,8",Ammonia,2,3
897,7/16/25 12:26,Puff,HP413,310,85,80,80,17.6,40,30067,565,706,29.11,50,"1,2,3,4,5,6,7,8",Ammonia,2,3
898,7/16/25 12:26,Puff,HP413,310,82,80,80,18.2,40,30067,523,518,24.77,54,"1,2,3,4,5,6,7,8",Ammonia,2,3
899,7/16/25 12:26,Puff,HP413,310,83,80,80,18.8,40,30067,607,529,23.26,54,"1,2,3,4,5,6,7,8",Ammonia,2,3
900,7/16/25 12:26,Puff,HP501,320,86,80,80,18.7,40,30063,502,644,29.12,54,"1,2,3,4,5,6,7,8",Ammonia,2,3
901,7/16/25 12:26,Puff,HP501,320,83,80,80,19.9,40,30063,528,701,22.85,52,"1,2,3,4,5,6,7,8",Ammonia,2,3
902,7/16/25 12:26,Puff,HP501,320,86,80,80,20.9,40,30063,543,700,23.62,51,"1,2,3,4,5,6,7,8",Ammonia,2,3
903,7/16/25 12:26,Puff,HP501,320,85,80,80,21.9,40,30065,577,563,21.82,51,"1,2,3,4,5,6,7,8",Ammonia,2,3
904,7/16/25 12:26,Puff,HP501,320,80,79,79,22.7,40,30068,557,685,26.55,55,"1,2,3,4,5,6,7,8",Ammonia,2,3
905,7/16/25 12:26,Puff,HP501,320,80,73,73,23.9,40,30068,616,516,23.03,55,"1,2,3,4,5,6,7,8",Ammonia,2,3
906,7/16/25 12:26,Puff,HP501,320,82,80,80,24.6,40,30072,547,713,22.38,51,"1,2,3,4,5,6,7,8",Ammonia,2,3
907,7/16/25 12:26,Puff,HP501,320,82,79,79,25.3,40,30073,551,503,20.56,53,"1,2,3,4,5,6,7,8",Ammonia,2,3
908,7/16/25 12:26,Puff,HP501,320,85,80,80,26,40,30068,590,564,21.02,52,"1,2,3,4,5,6,7,8",Ammonia,2,3
909,7/16/25 12:26,Puff,HP503,330,84,80,80,24.9,40,30069,555,717,25.88,55,"1,2,3,4,5,6,7,8",Ammonia,2,3
910,7/16/25 12:26,Puff,HP503,330,83,79,79,27.2,40,30075,575,717,24.48,54,"1,2,3,4,5,6,7,8",Ammonia,2,3
911,7/16/25 12:26,Puff,HP503,330,85,80,80,29,40,30074,591,613,23.43,50,"1,2,3,4,5,6,7,8",Ammonia,2,3
912,7/16/25 12:26,Puff,HP503,330,81,80,80,30.6,100,30072,609,581,28.42,50,"1,2,3,4,5,6,7,8",Ammonia,2,3
913,7/16/25 12:26,Puff,HP503,330,80,80,80,31.9,100,30069,594,635,21.03,53,"1,2,3,4,5,6,7,8",Ammonia,2,3
914,7/16/25 12:26,Puff,HP503,330,82,80,80,33.3,100,30072,540,610,24.16,54,"1,2,3,4,5,6,7,8",Ammonia,2,3
915,7/16/25 12:26,Puff,HP503,330,84,80,80,34.4,100,30071,616,726,25.5,53,"1,2,3,4,5,6,7,8",Ammonia,2,3
916,7/16/25 12:26,Puff,HP503,330,80,74,74,35.5,100,30071,516,588,20.73,50,"1,2,3,4,5,6,7,8",Ammonia,2,3
917,7/16/25 12:26,Puff,HP503,330,84,80,80,36.4,100,30073,612,650,25.04,51,"1,2,3,4,5,6,7,8",Ammonia,2,3
918,7/16/25 12:26,Puff,HP322,340,83,80,80,35.8,120,30075,528,608,23.81,51,"1,2,3,4,5,6,7,8",Ammonia,2,3
919,7/16/25 12:26,Puff,HP322,340,83,79,79,38.3,100,30077,617,581,25.05,55,"1,2,3,4,5,6,7,8",Ammonia,2,3
920,7/16/25 12:26,Puff,HP322,340,80,80,80,40.2,40,30075,562,636,27.98,55,"1,2,3,4,5,6,7,8",Ammonia,2,3
921,7/16/25 12:26,Puff,HP322,340,81,80,80,41.7,40,30073,592,670,24.26,54,"1,2,3,4,5,6,7,8",Ammonia,2,3
922,7/16/25 12:26,Puff,HP322,340,85,82,82,43.2,40,30072,565,722,26.14,51,"1,2,3,4,5,6,7,8",Ammonia,2,3
923,7/16/25 12:26,Puff,HP322,340,85,79,79,44.2,40,30074,553,706,21.08,55,"1,2,3,4,5,6,7,8",Ammonia,2,3
924,7/16/25 12:26,Puff,HP322,340,80,73,73,45.8,40,30075,581,716,27.56,54,"1,2,3,4,5,6,7,8",Ammonia,2,3
925,7/16/25 12:26,Puff,HP322,340,85,80,80,46.8,40,30075,516,630,25.71,52,"1,2,3,4,5,6,7,8",Ammonia,2,3
926,7/16/25 12:27,Puff,HP322,340,85,80,80,48.8,40,30073,554,717,22.57,55,"1,2,3,4,5,6,7,8",Ammonia,2,3
927,7/16/25 12:27,Puff,HP324,350,86,74,74,45.2,40,30076,618,596,29.78,50,"1,2,3,4,5,6,7,8",Ammonia,2,3
928,7/16/25 12:27,Puff,HP324,350,80,74,74,50,40,30076,615,713,20.44,50,"1,2,3,4,5,6,7,8",Ammonia,2,3
929,7/16/25 12:27,Puff,HP324,350,85,80,80,52.6,40,30075,553,737,20.65,54,"1,2,3,4,5,6,7,8",Ammonia,2,3
930,7/16/25 12:27,Puff,HP324,350,82,80,80,55.2,40,30080,604,702,27.69,53,"1,2,3,4,5,6,7,8",Ammonia,2,3
931,7/16/25 12:27,Puff,HP324,350,87,80,80,57,40,30079,591,515,23.43,53,"1,2,3,4,5,6,7,8",Ammonia,2,3
932,7/16/25 12:27,Puff,HP324,350,87,80,80,58.8,40,30081,541,535,23.75,55,"1,2,3,4,5,6,7,8",Ammonia,2,3
933,7/16/25 12:27,Puff,HP324,350,83,80,80,60.7,40,30081,537,614,23.91,54,"1,2,3,4,5,6,7,8",Ammonia,2,3
934,7/16/25 12:27,Puff,HP324,350,87,80,80,62.3,40,30079,583,668,23.72,51,"1,2,3,4,5,6,7,8",Ammonia,2,3
935,7/16/25 12:27,Puff,HP324,350,85,79,79,63.1,40,30076,553,668,21.4,51,"1,2,3,4,5,6,7,8",Ammonia,2,3
936,7/16/25 12:27,Puff,HP354,360,77,74,74,51,40,30068,521,601,21.73,50,"1,2,3,4,5,6,7,8",Ammonia,2,3
937,7/16/25 12:27,Puff,HP354,360,80,80,80,58.2,40,30061,584,598,29.2,53,"1,2,3,4,5,6,7,8",Ammonia,2,3
938,7/16/25 12:27,Puff,HP354,360,84,79,79,62.9,40,30059,611,500,26.95,53,"1,2,3,4,5,6,7,8",Ammonia,2,3
939,7/16/25 12:27,Puff,HP354,360,80,79,79,65.9,40,30063,523,699,23,53,"1,2,3,4,5,6,7,8",Ammonia,2,3
940,7/16/25 12:27,Puff,HP354,360,80,77,77,68.5,40,30065,510,573,26.13,54,"1,2,3,4,5,6,7,8",Ammonia,2,3
941,7/16/25 12:27,Puff,HP354,360,85,80,80,70.4,40,30067,544,700,26.46,55,"1,2,3,4,5,6,7,8",Ammonia,2,3
942,7/16/25 12:27,Puff,HP413,370,80,71,71,54.3,40,30066,656,798,29.93,53,"1,2,3,4,5,6,7,8",Ammonia,2,3
943,7/16/25 12:27,Puff,HP413,370,83,77,77,64.4,40,30066,509,736,29.55,55,"1,2,3,4,5,6,7,8",Ammonia,2,3
944,7/16/25 12:27,Puff,HP413,370,53,48,48,66.5,40,30065,520,661,29.95,53,"1,2,3,4,5,6,7,8",Ammonia,2,3
945,7/16/25 12:27,Puff,HP413,370,86,79,79,72.2,40,30066,552,702,29.46,54,"1,2,3,4,5,6,7,8",Ammonia,2,3
946,7/16/25 12:27,Puff,HP413,370,83,79,79,76.4,40,30071,665,757,29.25,53,"1,2,3,4,5,6,7,8",Ammonia,2,3
947,7/16/25 12:27,Puff,HP413,370,83,80,80,79.4,40,30071,573,642,26.82,51,"1,2,3,4,5,6,7,8",Ammonia,2,3
948,7/16/25 12:27,Puff,HP413,370,85,79,79,82.3,40,30072,718,648,20.36,52,"1,2,3,4,5,6,7,8",Ammonia,2,3
949,7/16/25 12:27,Puff,HP413,370,80,72,72,84.4,40,30069,532,684,23.88,52,"1,2,3,4,5,6,7,8",Ammonia,2,3
950,7/16/25 12:27,Puff,HP501,380,48,47,47,71.6,40,30068,628,621,27.8,54,"1,2,3,4,5,6,7,8",Ammonia,2,3
951,7/16/25 12:27,Puff,HP501,380,85,80,80,80.6,40,30071,650,637,29.05,55,"1,2,3,4,5,6,7,8",Ammonia,2,3
952,7/16/25 12:28,Puff,HP501,380,83,79,79,84.7,40,30071,629,696,28.8,53,"1,2,3,4,5,6,7,8",Ammonia,2,3
953,7/16/25 12:28,Puff,HP503,390,82,79,79,62.5,40,30068,515,710,21.28,55,"1,2,3,4,5,6,7,8",Ammonia,2,3
954,7/16/25 12:28,Puff,HP503,390,83,80,80,76.2,40,30067,702,675,28.59,54,"1,2,3,4,5,6,7,8",Ammonia,2,3
955,7/16/25 12:28,Puff,HP503,390,81,80,80,84.1,40,30068,645,771,25.2,52,"1,2,3,4,5,6,7,8",Ammonia,2,3
956,7/16/25 12:28,Puff,HP503,390,82,78,78,89.6,40,30068,608,751,23.04,52,"1,2,3,4,5,6,7,8",Ammonia,2,3
957,7/16/25 12:28,Puff,HP503,390,82,80,80,94.7,40,30067,692,787,24.03,52,"1,2,3,4,5,6,7,8",Ammonia,2,3
958,7/16/25 12:28,Puff,HP503,390,81,75,75,98.7,40,30064,669,655,26.51,54,"1,2,3,4,5,6,7,8",Ammonia,2,3
959,7/16/25 12:28,Puff,HP503,390,82,79,79,100.5,40,30063,590,664,22.92,53,"1,2,3,4,5,6,7,8",Ammonia,2,3
960,7/16/25 12:28,Puff,HP503,390,81,76,76,102.5,40,30066,604,775,21.29,52,"1,2,3,4,5,6,7,8",Ammonia,2,3
961,7/16/25 12:28,Puff,HP503,390,80,72,72,105.1,40,30065,717,656,28.45,51,"1,2,3,4,5,6,7,8",Ammonia,2,3
962,7/16/25 12:28,Puff,HP322,400,84,79,79,99.5,100,30061,529,662,26.22,54,"1,2,3,4,5,6,7,8",Ammonia,2,3
963,7/16/25 12:28,Puff,HP322,400,85,80,80,103.1,100,30063,647,678,29.96,51,"1,2,3,4,5,6,7,8",Ammonia,2,3
964,7/16/25 12:28,Puff,HP322,400,0,0,0,0,0,0,604,637,20.12,54,"1,2,3,4,5,6,7,8",Ammonia,0,0