SNO,Date,Time,Phase,Heater_Profile,MQ136_RAW,MQ138_RAW,BME1_Temp,BME1_Hum,BME1_Gas(kOhm),SGP40_VOC,Activated,Concentration,Distance
1,28-07-2025,21:47:37:952529,Pre-Puff,322,119,4095,30.26,61.98,36.55,30840,YES,N/A,0
2,28-07-2025,21:47:39:758526,Pre-Puff,322,119,4095,30.43,61.58,46.06,30850,YES,N/A,0
3,28-07-2025,21:47:41:564528,Pre-Puff,322,141,4095,30.54,61.3,54.44,30855,YES,N/A,0
4,28-07-2025,21:47:46:170523,Pre-Puff,322,113,4095,30.49,61.21,62.27,30855,YES,N/A,0
5,28-07-2025,21:47:47:976528,Pre-Puff,322,80,4095,30.55,61.11,67.23,30854,YES,N/A,0
6,28-07-2025,21:47:49:782525,Pre-Puff,322,119,4095,30.6,61,70.39,30853,YES,N/A,0
7,28-07-2025,21:47:51:588528,Pre-Puff,322,118,4095,30.62,60.94,73.16,30849,YES,N/A,0
8,28-07-2025,21:47:53:394524,Pre-Puff,322,121,4095,30.63,60.9,75.56,30853,YES,N/A,0
9,28-07-2025,21:47:55:200528,Pre-Puff,322,75,4095,30.62,60.85,76.99,30857,YES,N/A,0
10,28-07-2025,21:47:57:006524,Pre-Puff,322,113,4095,30.61,60.84,78.19,30859,YES,N/A,0
11,28-07-2025,21:47:58:812528,Pre-Puff,322,115,4095,30.61,60.92,79.35,30862,YES,N/A,0
12,28-07-2025,21:48:00:618524,Pre-Puff,322,117,4095,30.6,61.04,80.4,30863,YES,N/A,0
13,28-07-2025,21:48:02:424528,Pre-Puff,322,122,4095,30.59,61.08,80.78,30858,YES,N/A,0
14,28-07-2025,21:48:04:230524,Pre-Puff,322,82,4095,30.59,61.08,81.95,30858,YES,N/A,0
15,28-07-2025,21:48:06:036528,Pre-Puff,322,81,4095,30.58,61.06,83.47,30862,YES,N/A,0
16,28-07-2025,21:48:07:842525,Pre-Puff,322,120,4095,30.58,61.05,82.82,30860,YES,N/A,0
17,28-07-2025,21:48:09:648528,Pre-Puff,322,122,4095,30.57,61.05,83.47,30861,YES,N/A,0
18,28-07-2025,21:48:11:454524,Pre-Puff,322,80,4095,30.56,61.03,83.8,30862,YES,N/A,0
19,28-07-2025,21:48:13:260528,Pre-Puff,322,121,4095,30.55,61.03,84.29,30864,YES,N/A,0
20,28-07-2025,21:48:15:066524,Pre-Puff,322,116,4095,30.54,61.07,84.96,30863,YES,N/A,0
21,28-07-2025,21:48:16:872528,Pre-Puff,322,117,4095,30.52,61.09,85.13,30863,YES,N/A,0
22,28-07-2025,21:48:18:678525,Pre-Puff,322,82,4095,30.51,61.13,85.47,30861,YES,N/A,0
23,28-07-2025,21:48:21:885527,Pre-Puff,322,118,4095,30.42,61.31,82.58,30866,YES,N/A,0
24,28-07-2025,21:48:23:691525,Pre-Puff,322,126,4095,30.43,61.29,84.46,30865,YES,N/A,0
25,28-07-2025,21:48:25:497528,Pre-Puff,322,79,4095,30.45,61.25,85.13,30863,YES,N/A,0
26,28-07-2025,21:48:27:303525,Pre-Puff,322,80,4095,30.45,61.24,86.25,30868,YES,N/A,0
27,28-07-2025,21:48:29:110649,Pre-Puff,322,117,4095,30.45,61.24,86.69,30869,YES,N/A,0
28,28-07-2025,21:48:30:916525,Pre-Puff,322,119,4095,30.45,61.24,87.22,30869,YES,N/A,0
29,28-07-2025,21:48:34:122527,Pre-Puff,322,80,4095,30.35,61.54,84.04,30862,YES,N/A,0
30,28-07-2025,21:48:35:928524,Pre-Puff,322,122,4095,30.37,61.52,85.56,30863,YES,N/A,0
31,28-07-2025,21:48:37:734528,Pre-Puff,322,80,4095,30.38,61.51,86.6,30869,YES,N/A,0
32,28-07-2025,21:48:39:540525,Pre-Puff,322,80,4095,30.39,61.52,86.78,30870,YES,N/A,0
33,28-07-2025,21:48:41:346528,Pre-Puff,322,114,4095,30.39,61.52,87.58,30872,YES,N/A,0
34,28-07-2025,21:48:43:152524,Pre-Puff,322,123,4095,30.38,61.52,88.12,30870,YES,N/A,0
35,28-07-2025,21:48:44:958528,Pre-Puff,322,128,4095,30.38,61.54,88.31,30872,YES,N/A,0
36,28-07-2025,21:48:46:764524,Pre-Puff,322,77,4095,30.37,61.57,88.31,30870,YES,N/A,0
37,28-07-2025,21:48:48:570528,Pre-Puff,322,119,4095,30.37,61.6,88.67,30876,YES,N/A,0
38,28-07-2025,21:48:50:376525,Pre-Puff,322,118,4095,30.37,61.63,88.49,30872,YES,N/A,0
39,28-07-2025,21:48:52:182528,Pre-Puff,322,119,4095,30.37,61.65,88.76,30869,YES,N/A,0
40,28-07-2025,21:48:53:988525,Pre-Puff,322,81,4095,30.37,61.66,88.95,30871,YES,N/A,0
41,28-07-2025,21:48:55:794528,Pre-Puff,322,122,4095,30.37,61.65,88.86,30868,YES,N/A,0
42,28-07-2025,21:48:57:600524,Pre-Puff,322,123,4095,30.37,61.66,89.04,30869,YES,N/A,0
43,28-07-2025,21:48:59:406528,Pre-Puff,322,80,4095,30.36,61.68,89.14,30876,YES,N/A,0
44,28-07-2025,21:49:01:212525,Pre-Puff,322,119,4095,30.36,61.69,89.32,30872,YES,N/A,0
45,28-07-2025,21:49:03:018528,Pre-Puff,322,79,4095,30.36,61.7,89.89,30876,YES,N/A,0
46,28-07-2025,21:49:04:824525,Pre-Puff,322,121,4095,30.36,61.7,89.7,30877,YES,N/A,0
47,28-07-2025,21:49:06:630528,Pre-Puff,322,127,4095,30.36,61.69,89.32,30875,YES,N/A,0
48,28-07-2025,21:49:08:436525,Pre-Puff,322,116,4095,30.37,61.68,89.23,30874,YES,N/A,0
49,28-07-2025,21:49:10:242528,Pre-Puff,322,80,4095,30.37,61.68,89.6,30874,YES,N/A,0
50,28-07-2025,21:49:12:048524,Pre-Puff,322,119,4095,30.36,61.72,89.98,30876,YES,N/A,0
51,28-07-2025,21:49:13:854528,Pre-Puff,322,117,4095,30.35,61.79,89.7,30881,YES,N/A,0
52,28-07-2025,21:49:17:060523,Pre-Puff,322,118,4095,30.26,61.95,86.51,30874,YES,N/A,0
53,28-07-2025,21:49:18:866528,Pre-Puff,322,80,4095,30.28,61.95,87.67,30871,YES,N/A,0
54,28-07-2025,21:49:20:672525,Pre-Puff,322,121,4095,30.29,61.92,88.4,30872,YES,N/A,0
55,28-07-2025,21:49:22:478528,Pre-Puff,322,80,4095,30.3,61.9,89.51,30875,YES,N/A,0
56,28-07-2025,21:49:24:284524,Pre-Puff,322,113,4095,30.31,61.88,89.6,30877,YES,N/A,0
57,28-07-2025,21:49:26:090528,Pre-Puff,322,80,4095,30.32,61.87,90.08,30876,YES,N/A,0
58,28-07-2025,21:49:27:896525,Pre-Puff,322,114,4095,30.33,61.87,89.79,30878,YES,N/A,0
59,28-07-2025,21:49:29:702528,Pre-Puff,322,122,4095,30.34,61.84,90.17,30875,YES,N/A,0
60,28-07-2025,21:49:32:908523,Pre-Puff,322,117,4095,30.26,62.19,85.82,30871,YES,N/A,0
61,28-07-2025,21:49:34:714528,Pre-Puff,322,119,4095,30.3,62.27,86.96,30870,YES,N/A,0
62,28-07-2025,21:49:36:520525,Pre-Puff,322,80,4095,30.32,62.32,87.85,30873,YES,N/A,0
63,28-07-2025,21:49:38:326528,Puff,322,122,4095,30.34,62.27,88.31,30868,YES,N/A,0
64,28-07-2025,21:49:40:132525,Puff,322,119,4095,30.36,62.35,88.67,30864,YES,N/A,0
65,28-07-2025,21:49:41:938528,Puff,322,119,4095,30.37,62.39,88.76,30858,YES,N/A,0
66,28-07-2025,21:49:43:744525,Puff,322,116,4095,30.38,62.35,89.14,30856,YES,N/A,0
67,28-07-2025,21:49:45:550528,Puff,322,119,4095,30.39,62.34,89.42,30853,YES,N/A,0
68,28-07-2025,21:49:47:356524,Puff,322,114,4095,30.4,62.37,89.04,30852,YES,N/A,0
69,28-07-2025,21:49:49:162528,Puff,322,121,4095,30.41,62.3,89.04,30849,YES,N/A,0
70,28-07-2025,21:49:50:968524,Puff,322,121,4095,30.42,62.24,89.42,30850,YES,N/A,0
71,28-07-2025,21:49:52:774528,Puff,322,80,4095,30.42,62.15,89.51,30853,YES,N/A,0
72,28-07-2025,21:49:54:580525,Puff,322,118,4095,30.42,62.08,89.6,30857,YES,N/A,0
73,28-07-2025,21:49:56:386528,Puff,322,122,4095,30.42,62.04,90.08,30856,YES,N/A,0
74,28-07-2025,21:49:59:592523,Puff,322,122,4095,30.34,62.14,86.69,30854,YES,N/A,0
75,28-07-2025,21:50:01:398528,Puff,322,79,4095,30.36,62.11,88.12,30848,YES,N/A,0
76,28-07-2025,21:50:03:204525,Puff,322,121,4095,30.39,62.03,88.86,30848,YES,N/A,0
77,28-07-2025,21:50:05:010528,Puff,322,80,4095,30.41,61.97,89.14,30852,YES,N/A,0
78,28-07-2025,21:50:06:816524,Puff,322,115,4095,30.42,61.92,89.42,30850,YES,N/A,0
79,28-07-2025,21:50:08:622528,Puff,322,121,4095,30.43,61.9,90.17,30852,YES,N/A,0
80,28-07-2025,21:50:10:428525,Puff,322,118,4095,30.43,61.91,88.86,30852,YES,N/A,0
81,28-07-2025,21:50:12:235655,Puff,322,103,4095,30.44,61.93,89.89,30844,YES,N/A,0
82,28-07-2025,21:50:14:041524,Puff,322,80,4095,30.44,61.95,89.7,30842,YES,N/A,0
83,28-07-2025,21:50:15:847528,Puff,322,119,4095,30.45,62.03,89.51,30845,YES,N/A,0
84,28-07-2025,21:50:17:653524,Puff,322,118,4095,30.45,62.02,89.23,30843,YES,N/A,0
85,28-07-2025,21:50:19:459528,Puff,322,119,4095,30.46,61.97,89.42,30846,YES,N/A,0
86,28-07-2025,21:50:21:265525,Puff,322,80,4095,30.46,61.89,90.17,30844,YES,N/A,0
87,28-07-2025,21:50:23:071528,Puff,322,122,4095,30.45,61.83,90.36,30849,YES,N/A,0
88,28-07-2025,21:50:26:277523,Puff,322,79,4095,30.35,61.91,87.13,30855,YES,N/A,0
89,28-07-2025,21:50:28:083528,Puff,322,120,4095,30.37,61.91,88.31,30855,YES,N/A,0
90,28-07-2025,21:50:29:889524,Puff,322,119,4095,30.38,61.94,88.95,30863,YES,N/A,0
91,28-07-2025,21:50:31:695528,Puff,322,119,4095,30.39,61.92,89.6,30863,YES,N/A,0
92,28-07-2025,21:50:33:501525,Puff,322,80,4095,30.4,61.89,89.42,30859,YES,N/A,0
93,28-07-2025,21:50:35:307528,Puff,322,119,4095,30.41,61.89,89.98,30857,YES,N/A,0
94,28-07-2025,21:50:37:113525,Puff,322,129,4095,30.41,61.87,90.27,30852,YES,N/A,0
95,28-07-2025,21:50:38:919528,Puff,322,119,4095,30.42,61.84,90.36,30856,YES,N/A,0
96,28-07-2025,21:50:40:725525,Puff,322,118,4095,30.42,61.82,90.27,30854,YES,N/A,0
97,28-07-2025,21:50:43:931527,Puff,322,117,4095,30.33,61.98,87.22,30850,YES,N/A,0
98,28-07-2025,21:50:45:737525,Puff,322,119,4095,30.35,61.96,88.21,30855,YES,N/A,0
99,28-07-2025,21:50:47:543528,Puff,322,80,4095,30.36,61.91,89.14,30858,YES,N/A,0
100,28-07-2025,21:50:49:349524,Puff,322,118,4095,30.37,61.86,89.51,30858,YES,N/A,0
101,28-07-2025,21:50:51:155528,Puff,322,119,4095,30.37,61.84,90.27,30857,YES,N/A,0
102,28-07-2025,21:50:52:961525,Puff,322,119,4095,30.38,61.85,90.36,30853,YES,N/A,0
103,28-07-2025,21:50:54:767528,Puff,322,80,4095,30.38,61.85,90.36,30850,YES,N/A,0
104,28-07-2025,21:50:56:573525,Puff,322,118,4095,30.38,61.88,89.98,30851,YES,N/A,0
105,28-07-2025,21:50:58:379528,Puff,322,123,4095,30.38,61.89,90.75,30853,YES,N/A,0
106,28-07-2025,21:51:00:185525,Puff,322,118,4095,30.38,61.86,90.75,30846,YES,N/A,0
107,28-07-2025,21:51:01:991528,Puff,322,80,4095,30.38,61.86,90.84,30842,YES,N/A,0
108,28-07-2025,21:51:03:797525,Puff,322,80,4095,30.37,61.83,90.65,30845,YES,N/A,0
109,28-07-2025,21:51:05:603528,Puff,322,116,4095,30.37,61.85,90.56,30846,YES,N/A,0
110,28-07-2025,21:51:07:409525,Puff,322,117,4095,30.37,61.87,90.36,30850,YES,N/A,0
111,28-07-2025,21:51:09:215528,Puff,322,120,4095,30.37,61.88,90.75,30850,YES,N/A,0
112,28-07-2025,21:51:11:021524,Puff,322,80,4095,30.36,61.9,91.14,30850,YES,N/A,0
113,28-07-2025,21:51:12:827528,Puff,322,116,4095,30.35,61.9,91.04,30853,YES,N/A,0
114,28-07-2025,21:51:14:633524,Puff,322,117,4095,30.34,61.91,90.94,30853,YES,N/A,0
115,28-07-2025,21:51:16:439528,Puff,322,117,4095,30.33,61.91,90.94,30853,YES,N/A,0
116,28-07-2025,21:51:18:245524,Puff,322,117,4095,30.33,61.96,90.65,30850,YES,N/A,0
117,28-07-2025,21:51:20:051528,Puff,322,78,4095,30.33,61.97,90.94,30849,YES,N/A,0
118,28-07-2025,21:51:21:857525,Puff,322,80,4095,30.32,61.99,90.75,30855,YES,N/A,0
119,28-07-2025,21:51:23:663528,Puff,322,122,4095,30.32,61.99,91.43,30850,YES,N/A,0
120,28-07-2025,21:51:25:469525,Puff,322,119,4095,30.31,61.97,90.94,30855,YES,N/A,0
121,28-07-2025,21:51:27:275528,Puff,322,118,4095,30.3,61.95,91.53,30857,YES,N/A,0
122,28-07-2025,21:51:29:081524,Puff,322,117,4095,30.29,61.96,91.72,30857,YES,N/A,0
123,28-07-2025,21:51:30:887528,Puff,322,118,4095,30.29,61.98,91.62,30861,YES,N/A,0
124,28-07-2025,21:51:32:693525,Puff,322,125,4095,30.29,62,91.14,30855,YES,N/A,0
125,28-07-2025,21:51:34:499528,Puff,322,113,4095,30.29,61.98,91.72,30854,YES,N/A,0
126,28-07-2025,21:51:36:305524,Puff,322,122,4095,30.28,62.01,91.14,30854,YES,N/A,0
127,28-07-2025,21:51:38:111528,Puff,322,118,4095,30.27,62.01,91.92,30860,YES,N/A,0
128,28-07-2025,21:51:39:917524,Puff,322,119,4095,30.26,62.01,91.72,30862,YES,N/A,0
129,28-07-2025,21:51:41:723528,Puff,322,79,4095,30.25,62.05,91.72,30863,YES,N/A,0
130,28-07-2025,21:51:43:529524,Puff,322,80,4095,30.24,62.08,92.02,30856,YES,N/A,0
131,28-07-2025,21:51:45:335528,Puff,322,123,4095,30.23,62.14,92.02,30857,YES,N/A,0
132,28-07-2025,21:51:47:141525,Puff,322,117,4095,30.22,62.18,91.82,30859,YES,N/A,0
133,28-07-2025,21:51:48:947528,Puff,322,118,4095,30.22,62.19,91.72,30854,YES,N/A,0
134,28-07-2025,21:51:50:753524,Puff,322,129,4095,30.22,62.22,91.82,30860,YES,N/A,0
135,28-07-2025,21:51:52:558528,Puff,322,81,4095,30.22,62.24,91.72,30856,YES,N/A,0
136,28-07-2025,21:51:54:364525,Puff,322,118,4095,30.22,62.25,92.02,30855,YES,N/A,0
137,28-07-2025,21:51:56:170528,Puff,322,117,4095,30.22,62.24,91.72,30858,YES,N/A,0
138,28-07-2025,21:51:57:976524,Puff,322,118,4095,30.21,62.2,91.92,30857,YES,N/A,0
139,28-07-2025,21:52:01:182527,Puff,322,120,4095,30.12,62.36,88.49,30861,YES,N/A,0
140,28-07-2025,21:52:02:988525,Puff,322,118,4095,30.15,62.35,90.08,30860,YES,N/A,0
141,28-07-2025,21:52:04:794528,Puff,322,71,4095,30.16,62.31,90.65,30860,YES,N/A,0
142,28-07-2025,21:52:06:600525,Puff,322,79,4095,30.17,62.28,91.14,30863,YES,N/A,0
143,28-07-2025,21:52:08:406528,Puff,322,96,4095,30.17,62.32,91.23,30866,YES,N/A,0
144,28-07-2025,21:52:10:212524,Puff,322,146,4095,30.17,62.33,91.43,30857,YES,N/A,0
145,28-07-2025,21:52:12:018528,Puff,322,119,4095,30.17,62.33,91.43,30856,YES,N/A,0
146,28-07-2025,21:52:13:824525,Puff,322,55,4095,30.17,62.34,92.02,30855,YES,N/A,0
147,28-07-2025,21:52:15:631528,Puff,322,115,4095,30.18,62.32,92.02,30856,YES,N/A,0
148,28-07-2025,21:52:17:436525,Puff,322,117,4095,30.18,62.3,91.62,30855,YES,N/A,0
149,28-07-2025,21:52:19:242528,Puff,322,118,4095,30.18,62.29,91.72,30854,YES,N/A,0
150,28-07-2025,21:52:21:048525,Puff,322,83,4095,30.19,62.28,92.02,30855,YES,N/A,0
151,28-07-2025,21:52:22:854528,Puff,322,80,4095,30.19,62.27,92.22,30855,YES,N/A,0
152,28-07-2025,21:52:24:660525,Puff,322,118,4095,30.2,62.27,92.12,30848,YES,N/A,0
153,28-07-2025,21:52:26:466528,Puff,322,118,4095,30.2,62.26,91.92,30847,YES,N/A,0
154,28-07-2025,21:52:28:272525,Puff,322,117,4095,30.21,62.25,93.91,30854,YES,N/A,0
155,28-07-2025,21:52:30:078528,Puff,322,116,4095,30.21,62.21,91.82,30848,YES,N/A,0
156,28-07-2025,21:52:31:884525,Puff,322,116,4095,30.2,62.19,91.53,30851,YES,N/A,0
157,28-07-2025,21:52:33:690528,Puff,322,117,4095,30.19,62.18,92.02,30856,YES,N/A,0
158,28-07-2025,21:52:35:497554,Puff,322,119,4095,30.18,62.2,93.81,30855,YES,N/A,0
159,28-07-2025,21:52:37:303528,Puff,322,79,4095,30.17,62.19,91.92,30852,YES,N/A,0
160,28-07-2025,21:52:39:109524,Puff,322,117,4095,30.17,62.2,92.02,30854,YES,N/A,0
161,28-07-2025,21:52:40:915528,Puff,322,121,4095,30.16,62.23,93.91,30855,YES,N/A,0
162,28-07-2025,21:52:42:721525,Puff,322,123,4095,30.16,62.25,93.86,30858,YES,N/A,0
163,28-07-2025,21:52:44:527528,Puff,322,117,4095,30.16,62.25,92.22,30862,YES,N/A,0
164,28-07-2025,21:52:46:333525,Puff,322,96,4095,30.15,62.27,93.96,30859,YES,N/A,0
165,28-07-2025,21:52:48:139528,Puff,322,128,4095,30.15,62.27,93.96,30859,YES,N/A,0
166,28-07-2025,21:52:49:945525,Puff,322,117,4095,30.15,62.28,94.17,30855,YES,N/A,0
167,28-07-2025,21:52:51:751528,Puff,322,123,4095,30.15,62.28,92.22,30856,YES,N/A,0
168,28-07-2025,21:52:53:557524,Puff,322,78,4095,30.14,62.29,93.96,30858,YES,N/A,0
169,28-07-2025,21:52:55:364559,Puff,322,106,4095,30.13,62.29,94.17,30860,YES,N/A,0
170,28-07-2025,21:52:57:170524,Puff,322,121,4095,30.12,62.33,92.22,30863,YES,N/A,0
171,28-07-2025,21:52:58:976528,Puff,322,112,4095,30.11,62.34,93.86,30861,YES,N/A,0
172,28-07-2025,21:53:00:782524,Puff,322,123,4095,30.11,62.39,93.81,30858,YES,N/A,0
173,28-07-2025,21:53:02:588528,Puff,322,80,4095,30.1,62.44,94.38,30861,YES,N/A,0
174,28-07-2025,21:53:04:394525,Puff,322,119,4095,30.1,62.46,94.12,30865,YES,N/A,0
175,28-07-2025,21:53:06:200528,Puff,322,118,4095,30.09,62.46,94.22,30860,YES,N/A,0
176,28-07-2025,21:53:08:006524,Puff,322,118,4095,30.08,62.46,94.17,30865,YES,N/A,0
177,28-07-2025,21:53:09:812528,Puff,322,132,4095,30.08,62.48,94.22,30862,YES,N/A,0
178,28-07-2025,21:53:11:618525,Puff,322,123,4095,30.07,62.46,94.27,30867,YES,N/A,0
179,28-07-2025,21:53:13:424528,Puff,322,119,4095,30.06,62.46,94.59,30865,YES,N/A,0
180,28-07-2025,21:53:15:231555,Puff,322,123,4095,30.05,62.47,94.22,30868,YES,N/A,0
181,28-07-2025,21:53:17:039528,Puff,322,79,4095,30.05,62.58,94.64,30868,YES,N/A,0
182,28-07-2025,21:53:18:845525,Puff,322,115,4095,30.06,62.71,92.12,30852,YES,N/A,0
183,28-07-2025,21:53:20:651528,Puff,322,128,4095,30.06,62.7,93.91,30851,YES,N/A,0
184,28-07-2025,21:53:22:457525,Puff,322,116,4095,30.06,62.67,94.07,30853,YES,N/A,0
185,28-07-2025,21:53:24:263528,Puff,322,115,4095,30.07,62.71,94.07,30855,YES,N/A,0
186,28-07-2025,21:53:26:069525,Puff,322,80,4095,30.08,62.75,93.91,30855,YES,N/A,0
187,28-07-2025,21:53:27:875528,Puff,322,113,4095,30.08,62.74,93.91,30849,YES,N/A,0
188,28-07-2025,21:53:29:681525,Puff,322,119,4095,30.09,62.77,92.12,30847,YES,N/A,0
189,28-07-2025,21:53:31:487528,Puff,322,114,4095,30.1,62.77,93.86,30848,YES,N/A,0
190,28-07-2025,21:53:33:293525,Puff,322,85,4095,30.11,62.74,94.12,30851,YES,N/A,0
191,28-07-2025,21:53:35:099528,Puff,322,75,4095,30.12,62.67,94.32,30854,YES,N/A,0
192,28-07-2025,21:53:36:905525,Puff,322,123,4095,30.12,62.61,94.01,30856,YES,N/A,0
193,28-07-2025,21:53:38:711528,Puff,322,114,4095,30.12,62.54,94.38,30854,YES,N/A,0
194,28-07-2025,21:53:40:517525,Puff,322,96,4095,30.12,62.5,94.9,30857,YES,N/A,0
195,28-07-2025,21:53:42:323528,Puff,322,77,4095,30.13,62.49,94.48,30862,YES,N/A,0
196,28-07-2025,21:53:44:129525,Puff,322,121,4095,30.13,62.48,94.22,30860,YES,N/A,0
197,28-07-2025,21:53:45:935528,Puff,322,119,4095,30.13,62.5,94.22,30861,YES,N/A,0
198,28-07-2025,21:53:47:741525,Puff,322,122,4095,30.13,62.51,94.32,30856,YES,N/A,0
199,28-07-2025,21:53:49:547528,Puff,322,79,4095,30.13,62.51,94.59,30863,YES,N/A,0
200,28-07-2025,21:53:51:353525,Puff,322,121,4095,30.13,62.48,94.32,30860,YES,N/A,0
201,28-07-2025,21:53:53:159528,Puff,322,116,4095,30.13,62.45,94.53,30859,YES,N/A,0
202,28-07-2025,21:53:54:965525,Puff,322,117,4095,30.13,62.45,94.38,30860,YES,N/A,0
203,28-07-2025,21:53:56:771528,Puff,322,119,4095,30.12,62.44,94.38,30862,YES,N/A,0
204,28-07-2025,21:53:58:578525,Puff,322,79,4095,30.12,62.45,94.69,30866,YES,N/A,0
205,28-07-2025,21:54:00:384528,Puff,322,78,4095,30.11,62.45,94.38,30864,YES,N/A,0
206,28-07-2025,21:54:02:190525,Puff,322,125,4095,30.11,62.42,94.64,30866,YES,N/A,0
207,28-07-2025,21:54:03:996528,Puff,322,123,4095,30.11,62.41,94.64,30868,YES,N/A,0
208,28-07-2025,21:54:05:802524,Puff,322,123,4095,30.1,62.4,95.22,30868,YES,N/A,0
209,28-07-2025,21:54:07:608528,Puff,322,80,4095,30.09,62.39,94.59,30869,YES,N/A,0
210,28-07-2025,21:54:09:414524,Puff,322,120,4095,30.08,62.38,94.69,30867,YES,N/A,0
211,28-07-2025,21:54:11:220528,Puff,322,119,4095,30.08,62.4,94.59,30870,YES,N/A,0
212,28-07-2025,21:54:13:026525,Puff,322,115,4095,30.07,62.42,94.8,30868,YES,N/A,0
213,28-07-2025,21:54:14:832528,Puff,322,78,4095,30.07,62.44,94.64,30868,YES,N/A,0
214,28-07-2025,21:54:16:638525,Puff,322,117,4095,30.06,62.48,94.95,30865,YES,N/A,0
215,28-07-2025,21:54:18:444528,Puff,322,119,4095,30.06,62.5,94.9,30868,YES,N/A,0
216,28-07-2025,21:54:20:250524,Puff,322,80,4095,30.05,62.56,95.11,30866,YES,N/A,0
217,28-07-2025,21:54:22:056528,Puff,322,89,4095,30.04,62.57,94.74,30867,YES,N/A,0
218,28-07-2025,21:54:23:862524,Puff,322,123,4095,30.04,62.56,95.06,30867,YES,N/A,0
219,28-07-2025,21:54:25:668528,Puff,322,125,4095,30.04,62.53,95.17,30867,YES,N/A,0
220,28-07-2025,21:54:27:474524,Puff,322,77,4095,30.04,62.54,95.11,30864,YES,N/A,0
221,28-07-2025,21:54:29:281528,Puff,322,125,4095,30.04,62.57,95.17,30868,YES,N/A,0
222,28-07-2025,21:54:31:087525,Puff,322,78,4095,30.04,62.55,95.06,30870,YES,N/A,0
223,28-07-2025,21:54:32:893528,Puff,322,113,4095,30.05,62.56,94.69,30871,YES,N/A,0
224,28-07-2025,21:54:34:699524,Puff,322,116,4095,30.06,62.54,95.01,30867,YES,N/A,0
225,28-07-2025,21:54:36:505528,Puff,322,118,4095,30.07,62.52,94.85,30865,YES,N/A,0
226,28-07-2025,21:54:38:311524,Post-Puff,322,79,4095,30.07,62.53,95.17,30868,YES,N/A,0
227,28-07-2025,21:54:40:117528,Post-Puff,322,75,4095,30.07,62.51,95.11,30870,YES,N/A,0
228,28-07-2025,21:54:41:923525,Post-Puff,322,117,4095,30.06,62.48,95.01,30867,YES,N/A,0
229,28-07-2025,21:54:43:729528,Post-Puff,322,115,4095,30.05,62.49,94.95,30867,YES,N/A,0
230,28-07-2025,21:54:45:535525,Post-Puff,322,114,4095,30.05,62.51,95.06,30869,YES,N/A,0
231,28-07-2025,21:54:47:341528,Post-Puff,322,80,4095,30.05,62.53,94.64,30871,YES,N/A,0
232,28-07-2025,21:54:49:148524,Post-Puff,322,120,4095,30.05,62.52,95.22,30866,YES,N/A,0
233,28-07-2025,21:54:50:954528,Post-Puff,322,119,4095,30.05,62.54,94.8,30867,YES,N/A,0
234,28-07-2025,21:54:52:760525,Post-Puff,322,114,4095,30.06,62.54,94.95,30870,YES,N/A,0
235,28-07-2025,21:54:54:566528,Post-Puff,322,119,4095,30.06,62.56,94.85,30868,YES,N/A,0
236,28-07-2025,21:54:56:372525,Post-Puff,322,117,4095,30.06,62.56,95.01,30870,YES,N/A,0
237,28-07-2025,21:54:58:178528,Post-Puff,322,115,4095,30.05,62.54,94.85,30875,YES,N/A,0
238,28-07-2025,21:54:59:984525,Post-Puff,322,86,4095,30.05,62.53,95.17,30871,YES,N/A,0
239,28-07-2025,21:55:01:790528,Post-Puff,322,113,4095,30.04,62.53,95.11,30866,YES,N/A,0
240,28-07-2025,21:55:03:596525,Post-Puff,322,78,4095,30.04,62.55,94.9,30868,YES,N/A,0
241,28-07-2025,21:55:05:402528,Post-Puff,322,119,4095,30.05,62.58,95.01,30866,YES,N/A,0
242,28-07-2025,21:55:07:208525,Post-Puff,322,117,4095,30.05,62.58,94.85,30865,YES,N/A,0
243,28-07-2025,21:55:09:015528,Post-Puff,322,141,4095,30.05,62.58,95.11,30868,YES,N/A,0
244,28-07-2025,21:55:10:821524,Post-Puff,322,79,4095,30.04,62.6,95.11,30866,YES,N/A,0
245,28-07-2025,21:55:12:627528,Post-Puff,322,127,4095,30.04,62.59,95.38,30865,YES,N/A,0
246,28-07-2025,21:55:14:433525,Post-Puff,322,112,4095,30.04,62.6,94.85,30865,YES,N/A,0
247,28-07-2025,21:55:16:239528,Post-Puff,322,114,4095,30.04,62.6,95.17,30860,YES,N/A,0
248,28-07-2025,21:55:18:045525,Post-Puff,322,118,4095,30.05,62.58,95.38,30863,YES,N/A,0
249,28-07-2025,21:55:19:851528,Post-Puff,322,80,4095,30.06,62.6,95.43,30868,YES,N/A,0
250,28-07-2025,21:55:21:657525,Post-Puff,322,112,4095,30.06,62.59,94.9,30863,YES,N/A,0
251,28-07-2025,21:55:23:463528,Post-Puff,322,119,4095,30.06,62.6,95.22,30861,YES,N/A,0
252,28-07-2025,21:55:25:269525,Post-Puff,322,113,4095,30.07,62.59,94.85,30863,YES,N/A,0
253,28-07-2025,21:55:27:075528,Post-Puff,322,80,4095,30.07,62.57,95.01,30865,YES,N/A,0
254,28-07-2025,21:55:28:882525,Post-Puff,322,119,4095,30.08,62.54,94.69,30862,YES,N/A,0
255,28-07-2025,21:55:30:688528,Post-Puff,322,116,4095,30.09,62.51,94.74,30862,YES,N/A,0
256,28-07-2025,21:55:32:494525,Post-Puff,322,133,4095,30.1,62.52,94.9,30864,YES,N/A,0
257,28-07-2025,21:55:34:300528,Post-Puff,322,120,4095,30.1,62.45,94.85,30860,YES,N/A,0
258,28-07-2025,21:55:36:107524,Post-Puff,322,80,4095,30.1,62.41,95.22,30866,YES,N/A,0
259,28-07-2025,21:55:37:913528,Post-Puff,322,119,4095,30.1,62.38,95.01,30863,YES,N/A,0
260,28-07-2025,21:55:39:719524,Post-Puff,322,120,4095,30.09,62.36,95.01,30866,YES,N/A,0
261,28-07-2025,21:55:41:525528,Post-Puff,322,121,4095,30.09,62.33,95.11,30867,YES,N/A,0
262,28-07-2025,21:55:43:331525,Post-Puff,322,77,4095,30.08,62.34,95.33,30868,YES,N/A,0
263,28-07-2025,21:55:45:137528,Post-Puff,322,127,4095,30.08,62.33,94.9,30869,YES,N/A,0
264,28-07-2025,21:55:46:943525,Post-Puff,322,119,4095,30.07,62.34,95.06,30867,YES,N/A,0
265,28-07-2025,21:55:48:749528,Post-Puff,322,117,4095,30.07,62.34,95.27,30868,YES,N/A,0
266,28-07-2025,21:55:50:555525,Post-Puff,322,118,4095,30.06,62.35,95.01,30869,YES,N/A,0
267,28-07-2025,21:55:52:361528,Post-Puff,322,78,4095,30.05,62.37,95.54,30872,YES,N/A,0
268,28-07-2025,21:55:54:167524,Post-Puff,322,119,4095,30.03,62.35,95.27,30872,YES,N/A,0
269,28-07-2025,21:55:55:973528,Post-Puff,322,121,4095,30.03,62.34,95.54,30875,YES,N/A,0
270,28-07-2025,21:55:57:779525,Post-Puff,322,119,4095,30.02,62.35,95.11,30877,YES,N/A,0
271,28-07-2025,21:55:59:585528,Post-Puff,322,112,4095,30.01,62.33,95.86,30878,YES,N/A,0
272,28-07-2025,21:56:01:391525,Post-Puff,322,116,4095,30.01,62.35,95.75,30881,YES,N/A,0
273,28-07-2025,21:56:03:197528,Post-Puff,322,118,4095,30.01,62.4,95.59,30874,YES,N/A,0
274,28-07-2025,21:56:05:003525,Post-Puff,322,115,4095,30.01,62.44,95.86,30875,YES,N/A,0
275,28-07-2025,21:56:06:809528,Post-Puff,322,78,4095,30.01,62.45,96.19,30877,YES,N/A,0
276,28-07-2025,21:56:10:014525,Post-Puff,322,119,4095,29.93,62.62,90.65,30875,YES,N/A,0
277,28-07-2025,21:56:11:820529,Post-Puff,322,111,4095,29.95,62.59,92.02,30881,YES,N/A,0
278,28-07-2025,21:56:13:627533,Post-Puff,322,123,4095,29.96,62.55,94.07,30879,YES,N/A,0
279,28-07-2025,21:56:15:433529,Post-Puff,322,115,4095,29.97,62.52,94.48,30881,YES,N/A,0
280,28-07-2025,21:56:17:239526,Post-Puff,322,118,4095,29.98,62.52,95.22,30880,YES,N/A,0
281,28-07-2025,21:56:19:045529,Post-Puff,322,115,4095,29.99,62.5,95.17,30882,YES,N/A,0
282,28-07-2025,21:56:20:851526,Post-Puff,322,80,4095,30,62.47,95.27,30880,YES,N/A,0
283,28-07-2025,21:56:22:657529,Post-Puff,322,119,4095,30.01,62.43,95.22,30881,YES,N/A,0
284,28-07-2025,21:56:24:463526,Post-Puff,322,114,4095,30.01,62.42,95.92,30875,YES,N/A,0
285,28-07-2025,21:56:26:269529,Post-Puff,322,115,4095,30.02,62.41,95.54,30884,YES,N/A,0
286,28-07-2025,21:56:28:075526,Post-Puff,322,119,4095,30.02,62.4,95.75,30881,YES,N/A,0
287,28-07-2025,21:56:29:881529,Post-Puff,322,79,4095,30.02,62.37,95.43,30883,YES,N/A,0
288,28-07-2025,21:56:31:687526,Post-Puff,322,116,4095,30.03,62.35,95.59,30882,YES,N/A,0
289,28-07-2025,21:56:33:494537,Post-Puff,322,119,4095,30.03,62.36,95.59,30876,YES,N/A,0
290,28-07-2025,21:56:35:300526,Post-Puff,322,119,4095,30.02,62.38,95.97,30883,YES,N/A,0
291,28-07-2025,21:56:37:106529,Post-Puff,322,78,4095,30.02,62.41,95.27,30882,YES,N/A,0
292,28-07-2025,21:56:38:912526,Post-Puff,322,113,4095,30.02,62.39,95.33,30884,YES,N/A,0
293,28-07-2025,21:56:40:718529,Post-Puff,322,122,4095,30.02,62.39,95.75,30885,YES,N/A,0
294,28-07-2025,21:56:42:524526,Post-Puff,322,124,4095,30.02,62.39,95.97,30887,YES,N/A,0
295,28-07-2025,21:56:44:330529,Post-Puff,322,117,4095,30.03,62.38,95.81,30889,YES,N/A,0
296,28-07-2025,21:56:46:136526,Post-Puff,322,78,4095,30.03,62.38,95.54,30883,YES,N/A,0
297,28-07-2025,21:56:47:942529,Post-Puff,322,117,4095,30.04,62.38,95.75,30881,YES,N/A,0
298,28-07-2025,21:56:49:748526,Post-Puff,322,115,4095,30.05,62.39,96.4,30884,YES,N/A,0
299,28-07-2025,21:56:51:554529,Post-Puff,322,127,4095,30.06,62.38,95.92,30882,YES,N/A,0
300,28-07-2025,21:56:53:361532,Post-Puff,322,80,4095,30.07,62.35,95.75,30881,YES,N/A,0
301,28-07-2025,21:56:55:167529,Post-Puff,322,118,4095,30.08,62.36,95.54,30878,YES,N/A,0
302,28-07-2025,21:56:56:973526,Post-Puff,322,118,4095,30.09,62.38,95.81,30881,YES,N/A,0
303,28-07-2025,21:56:58:779529,Post-Puff,322,115,4095,30.1,62.38,95.54,30877,YES,N/A,0
304,28-07-2025,21:57:00:585526,Post-Puff,322,121,4095,30.1,62.37,95.65,30873,YES,N/A,0
305,28-07-2025,21:57:02:391529,Post-Puff,322,80,4095,30.1,62.33,95.49,30878,YES,N/A,0
306,28-07-2025,21:57:04:197526,Post-Puff,322,114,4095,30.1,62.34,95.49,30879,YES,N/A,0
307,28-07-2025,21:57:06:003529,Post-Puff,322,126,4095,30.11,62.33,95.38,30876,YES,N/A,0
308,28-07-2025,21:57:07:809526,Post-Puff,322,117,4095,30.11,62.32,95.43,30874,YES,N/A,0
309,28-07-2025,21:57:09:615529,Post-Puff,322,122,4095,30.11,62.31,95.43,30878,YES,N/A,0
310,28-07-2025,21:57:11:421526,Post-Puff,322,123,4095,30.11,62.3,95.81,30876,YES,N/A,0
311,28-07-2025,21:57:13:228535,Post-Puff,322,119,4095,30.11,62.33,95.17,30875,YES,N/A,0
312,28-07-2025,21:57:15:034526,Post-Puff,322,117,4095,30.11,62.38,95.17,30876,YES,N/A,0
313,28-07-2025,21:57:16:840529,Post-Puff,322,128,4095,30.11,62.37,95.54,30881,YES,N/A,0
314,28-07-2025,21:57:18:646526,Post-Puff,322,80,4095,30.11,62.36,95.65,30879,YES,N/A,0
315,28-07-2025,21:57:20:452529,Post-Puff,322,122,4095,30.1,62.34,95.11,30878,YES,N/A,0
316,28-07-2025,21:57:22:258526,Post-Puff,322,115,4095,30.09,62.32,95.49,30881,YES,N/A,0
317,28-07-2025,21:57:24:064529,Post-Puff,322,119,4095,30.09,62.29,95.86,30880,YES,N/A,0
318,28-07-2025,21:57:25:870526,Post-Puff,322,77,4095,30.09,62.31,95.38,30877,YES,N/A,0
319,28-07-2025,21:57:27:676529,Post-Puff,322,112,4095,30.09,62.35,95.59,30872,YES,N/A,0
320,28-07-2025,21:57:29:482526,Post-Puff,322,126,4095,30.09,62.39,95.43,30869,YES,N/A,0
321,28-07-2025,21:57:31:288529,Post-Puff,322,121,4095,30.09,62.39,95.54,30869,YES,N/A,0
322,28-07-2025,21:57:33:095568,Post-Puff,322,122,4095,30.09,62.41,95.59,30873,YES,N/A,0
323,28-07-2025,21:57:34:901529,Post-Puff,322,119,4095,30.09,62.37,95.54,30877,YES,N/A,0
324,28-07-2025,21:57:36:707526,Post-Puff,322,117,4095,30.1,62.35,95.38,30869,YES,N/A,0
325,28-07-2025,21:57:38:513529,Post-Puff,322,120,4095,30.1,62.34,95.81,30871,YES,N/A,0
326,28-07-2025,21:57:40:319526,Post-Puff,322,115,4095,30.11,62.33,95.43,30877,YES,N/A,0
327,28-07-2025,21:57:42:125529,Post-Puff,322,80,4095,30.12,62.32,95.54,30871,YES,N/A,0
328,28-07-2025,21:57:43:931526,Post-Puff,322,123,4095,30.12,62.3,95.54,30874,YES,N/A,0
329,28-07-2025,21:57:45:737529,Post-Puff,322,119,4095,30.12,62.29,95.33,30870,YES,N/A,0
330,28-07-2025,21:57:47:543526,Post-Puff,322,118,4095,30.13,62.26,95.27,30875,YES,N/A,0
331,28-07-2025,21:57:49:349529,Post-Puff,322,119,4095,30.13,62.26,95.54,30875,YES,N/A,0
332,28-07-2025,21:57:51:155526,Post-Puff,322,80,4095,30.14,62.26,95.43,30874,YES,N/A,0
333,28-07-2025,21:57:52:962553,Post-Puff,322,120,4095,30.14,62.25,95.27,30870,YES,N/A,0
334,28-07-2025,21:57:54:768526,Post-Puff,322,123,4095,30.15,62.23,95.54,30873,YES,N/A,0
335,28-07-2025,21:57:56:574529,Post-Puff,322,98,4095,30.16,62.23,95.49,30871,YES,N/A,0
336,28-07-2025,21:57:58:380526,Post-Puff,322,122,4095,30.17,62.17,95.49,30874,YES,N/A,0
337,28-07-2025,21:58:00:186529,Post-Puff,322,118,4095,30.18,62.14,95.43,30871,YES,N/A,0
338,28-07-2025,21:58:01:992526,Post-Puff,322,117,4095,30.2,62.08,95.33,30873,YES,N/A,0
339,28-07-2025,21:58:03:798529,Post-Puff,322,119,4095,30.21,62.08,95.54,30870,YES,N/A,0
340,28-07-2025,21:58:05:604526,Post-Puff,322,122,4095,30.22,62.05,95.49,30869,YES,N/A,0
341,28-07-2025,21:58:07:410529,Post-Puff,322,134,4095,30.23,62.06,95.27,30869,YES,N/A,0
342,28-07-2025,21:58:10:616525,Post-Puff,322,126,4095,30.16,62.17,89.98,30867,YES,N/A,0
343,28-07-2025,21:58:12:422529,Post-Puff,322,122,4095,30.19,62.11,91.43,30866,YES,N/A,0
344,28-07-2025,21:58:14:228526,Post-Puff,322,122,4095,30.22,62.04,92.22,30861,YES,N/A,0
345,28-07-2025,21:58:16:034529,Post-Puff,322,129,4095,30.25,62,94.22,30863,YES,N/A,0
346,28-07-2025,21:58:17:840526,Post-Puff,322,122,4095,30.27,61.95,94.43,30854,YES,N/A,0
347,28-07-2025,21:58:19:646529,Post-Puff,322,79,4095,30.28,61.91,94.38,30855,YES,N/A,0
348,28-07-2025,21:58:21:452526,Post-Puff,322,117,4095,30.29,61.89,94.53,30860,YES,N/A,0
349,28-07-2025,21:58:23:258529,Post-Puff,322,144,4095,30.3,61.88,94.53,30864,YES,N/A,0
350,28-07-2025,21:58:25:064526,Post-Puff,322,122,4095,30.3,61.81,94.85,30866,YES,N/A,0
351,28-07-2025,21:58:26:870529,Post-Puff,322,80,4095,30.3,61.77,94.9,30868,YES,N/A,0
352,28-07-2025,21:58:28:676526,Post-Puff,322,78,4095,30.3,61.75,94.8,30870,YES,N/A,0
353,28-07-2025,21:58:30:482529,Post-Puff,322,120,4095,30.3,61.73,95.22,30866,YES,N/A,0
354,28-07-2025,21:58:32:288526,Post-Puff,322,128,4095,30.3,61.7,95.27,30871,YES,N/A,0
355,28-07-2025,21:58:34:094529,Post-Puff,322,133,4095,30.3,61.68,95.59,30870,YES,N/A,0
356,28-07-2025,21:58:37:300525,Post-Puff,322,119,4095,30.22,61.82,89.79,30868,YES,N/A,0
357,28-07-2025,21:58:39:106529,Post-Puff,322,123,4095,30.24,61.82,91.43,30872,YES,N/A,0
358,28-07-2025,21:58:40:912526,Post-Puff,322,80,4095,30.26,61.83,91.62,30869,YES,N/A,0
359,28-07-2025,21:58:42:718529,Post-Puff,322,125,4095,30.27,61.86,93.86,30868,YES,N/A,0
360,28-07-2025,21:58:44:524526,Post-Puff,322,116,4095,30.28,61.82,94.07,30870,YES,N/A,0
361,28-07-2025,21:58:47:730528,Post-Puff,322,118,4095,30.19,61.88,89.51,30871,YES,N/A,0
362,28-07-2025,21:58:49:536526,Post-Puff,322,112,4095,30.2,61.85,90.94,30875,YES,N/A,0
363,28-07-2025,21:58:51:343529,Post-Puff,322,116,4095,30.22,61.82,92.22,30875,YES,N/A,0
364,28-07-2025,21:58:53:149526,Post-Puff,322,80,4095,30.23,61.8,94.12,30873,YES,N/A,0
365,28-07-2025,21:58:56:355528,Post-Puff,322,121,4095,30.16,61.9,89.23,30872,YES,N/A,0
366,28-07-2025,21:58:58:162526,Post-Puff,322,79,4095,30.19,61.91,90.84,30872,YES,N/A,0
367,28-07-2025,21:58:59:968529,Post-Puff,322,121,4095,30.21,61.85,91.43,30876,YES,N/A,0
368,28-07-2025,21:59:03:174524,Post-Puff,322,119,4095,30.15,61.91,88.95,30873,YES,N/A,0
369,28-07-2025,21:59:04:980529,Post-Puff,322,118,4095,30.18,61.92,90.56,30872,YES,N/A,0
370,28-07-2025,21:59:06:786526,Post-Puff,322,126,4095,30.21,61.93,91.43,30865,YES,N/A,0
371,28-07-2025,21:59:08:592529,Post-Puff,322,116,4095,30.23,61.93,92.02,30869,YES,N/A,0
372,28-07-2025,21:59:10:398526,Post-Puff,322,80,4095,30.24,61.9,94.12,30868,YES,N/A,0
373,28-07-2025,21:59:12:204529,Post-Puff,322,124,4095,30.25,61.89,94.27,30867,YES,N/A,0
374,28-07-2025,21:59:14:010526,Post-Puff,322,121,4095,30.26,61.88,93.91,30862,YES,N/A,0
375,28-07-2025,21:59:15:816529,Post-Puff,322,121,4095,30.27,61.9,94.69,30860,YES,N/A,0
376,28-07-2025,21:59:19:022525,Post-Puff,322,117,4095,30.2,62,89.7,30859,YES,N/A,0
377,28-07-2025,21:59:20:829529,Post-Puff,322,115,4095,30.23,61.93,91.23,30861,YES,N/A,0
378,28-07-2025,21:59:22:635526,Post-Puff,322,80,4095,30.25,61.83,91.92,30868,YES,N/A,0
379,28-07-2025,21:59:25:840527,Post-Puff,322,122,4095,30.17,61.93,88.76,30873,YES,N/A,0
380,28-07-2025,21:59:27:646525,Post-Puff,322,78,4095,30.2,61.92,90.75,30873,YES,N/A,0
381,28-07-2025,21:59:29:452528,Post-Puff,322,80,4095,30.21,61.86,91.72,30876,YES,N/A,0
382,28-07-2025,21:59:31:258525,Post-Puff,322,124,4095,30.22,61.84,91.92,30882,YES,N/A,0
383,28-07-2025,21:59:33:064528,Post-Puff,322,117,4095,30.22,61.82,94.01,30883,YES,N/A,0
384,28-07-2025,21:59:34:870525,Post-Puff,322,123,4095,30.21,61.81,94.43,30877,YES,N/A,0
385,28-07-2025,21:59:36:676528,Post-Puff,322,80,4095,30.21,61.79,94.59,30876,YES,N/A,0
386,28-07-2025,21:59:38:482525,Post-Puff,322,115,4095,30.21,61.79,95.22,30879,YES,N/A,0
387,28-07-2025,21:59:40:288528,Post-Puff,322,123,4095,30.21,61.76,94.9,30880,YES,N/A,0
388,28-07-2025,21:59:42:093525,Post-Puff,322,114,4095,30.22,61.75,95.27,30884,YES,N/A,0
389,28-07-2025,21:59:43:899528,Post-Puff,322,79,4095,30.22,61.73,95.01,30883,YES,N/A,0
390,28-07-2025,21:59:45:705525,Post-Puff,322,121,4095,30.22,61.69,95.22,30883,YES,N/A,0
391,28-07-2025,21:59:47:511528,Post-Puff,322,122,4095,30.22,61.65,95.49,30885,YES,N/A,0
392,28-07-2025,21:59:49:317524,Post-Puff,322,80,4095,30.23,61.62,95.17,30886,YES,N/A,0
393,28-07-2025,21:59:51:123528,Post-Puff,322,79,4095,30.23,61.61,95.59,30888,YES,N/A,0
394,28-07-2025,21:59:52:929525,Post-Puff,322,78,4095,30.23,61.61,95.59,30888,YES,N/A,0
395,28-07-2025,21:59:54:735528,Post-Puff,322,119,4095,30.23,61.63,95.59,30888,YES,N/A,0
396,28-07-2025,21:59:56:542524,Post-Puff,322,118,4095,30.23,61.65,95.43,30887,YES,N/A,0
397,28-07-2025,21:59:58:348528,Post-Puff,322,112,4095,30.23,61.62,96.08,30884,YES,N/A,0
398,28-07-2025,22:00:00:155525,Post-Puff,322,80,4095,30.23,61.6,95.86,30886,YES,N/A,0
399,28-07-2025,22:00:01:961528,Post-Puff,322,126,4095,30.23,61.58,95.86,30890,YES,N/A,0
400,28-07-2025,22:00:03:767525,Post-Puff,322,124,4095,30.23,61.59,95.81,30890,YES,N/A,0
401,28-07-2025,22:00:05:573528,Post-Puff,322,119,4095,30.24,61.58,96.19,30890,YES,N/A,0
402,28-07-2025,22:00:07:379525,Post-Puff,322,117,4095,30.23,61.57,95.75,30894,YES,N/A,0
403,28-07-2025,22:00:09:185528,Post-Puff,322,81,4095,30.23,61.55,95.86,30897,YES,N/A,0
404,28-07-2025,22:00:10:991525,Post-Puff,322,113,4095,30.24,61.55,95.86,30897,YES,N/A,0
405,28-07-2025,22:00:12:797528,Post-Puff,322,119,4095,30.24,61.57,95.81,30895,YES,N/A,0
406,28-07-2025,22:00:14:603525,Post-Puff,322,118,4095,30.25,61.58,95.81,30892,YES,N/A,0
407,28-07-2025,22:00:16:409528,Post-Puff,322,122,4095,30.25,61.55,95.75,30889,YES,N/A,0
408,28-07-2025,22:00:18:215525,Post-Puff,322,118,4095,30.25,61.56,96.08,30896,YES,N/A,0
409,28-07-2025,22:00:20:022528,Post-Puff,322,118,4095,30.25,61.57,95.86,30899,YES,N/A,0
410,28-07-2025,22:00:21:828525,Post-Puff,322,119,4095,30.25,61.55,95.86,30897,YES,N/A,0
411,28-07-2025,22:00:23:634528,Post-Puff,322,119,4095,30.25,61.54,95.86,30895,YES,N/A,0
412,28-07-2025,22:00:25:441525,Post-Puff,322,117,4095,30.24,61.54,95.92,30896,YES,N/A,0
413,28-07-2025,22:00:27:247528,Post-Puff,322,119,4095,30.24,61.55,95.86,30893,YES,N/A,0
414,28-07-2025,22:00:29:053525,Post-Puff,322,122,4095,30.23,61.59,95.86,30897,YES,N/A,0
415,28-07-2025,22:00:30:859528,Post-Puff,322,125,4095,30.23,61.63,95.81,30898,YES,N/A,0
416,28-07-2025,22:00:32:665525,Post-Puff,322,78,4095,30.23,61.67,96.4,30898,YES,N/A,0
417,28-07-2025,22:00:34:471528,Post-Puff,322,122,4095,30.23,61.68,95.81,30894,YES,N/A,0
418,28-07-2025,22:00:36:277525,Post-Puff,322,118,4095,30.24,61.66,96.08,30891,YES,N/A,0
419,28-07-2025,22:00:38:083528,Post-Puff,322,124,4095,30.25,61.66,96.08,30887,YES,N/A,0
420,28-07-2025,22:00:39:889525,Post-Puff,322,122,4095,30.26,61.65,96.19,30884,YES,N/A,0
421,28-07-2025,22:00:41:696528,Post-Puff,322,80,4095,30.27,61.61,95.97,30880,YES,N/A,0
422,28-07-2025,22:00:43:502525,Post-Puff,322,125,4095,30.28,61.57,96.24,30885,YES,N/A,0
423,28-07-2025,22:00:45:308528,Post-Puff,322,135,4095,30.28,61.55,95.65,30888,YES,N/A,0
424,28-07-2025,22:00:47:114525,Post-Puff,322,119,4095,30.28,61.55,95.75,30887,YES,N/A,0
425,28-07-2025,22:00:48:920528,Post-Puff,322,78,4095,30.28,61.57,95.86,30888,YES,N/A,0
426,28-07-2025,22:00:50:726525,Post-Puff,322,125,4095,30.29,61.54,95.7,30885,YES,N/A,0
427,28-07-2025,22:00:52:532528,Post-Puff,322,123,4095,30.29,61.51,96.24,30885,YES,N/A,0
428,28-07-2025,22:00:55:738523,Post-Puff,322,115,4095,30.22,61.64,90.84,30883,YES,N/A,0
429,28-07-2025,22:00:57:544528,Post-Puff,322,126,4095,30.24,61.61,91.92,30890,YES,N/A,0
430,28-07-2025,22:00:59:351524,Post-Puff,322,121,4095,30.26,61.58,94.43,30884,YES,N/A,0
431,28-07-2025,22:01:01:157528,Post-Puff,322,123,4095,30.27,61.55,94.64,30888,YES,N/A,0
432,28-07-2025,22:01:02:963524,Post-Puff,322,80,4095,30.27,61.49,94.8,30884,YES,N/A,0
433,28-07-2025,22:01:04:769528,Post-Puff,322,121,4095,30.28,61.51,95.43,30887,YES,N/A,0
434,28-07-2025,22:01:06:575525,Post-Puff,322,119,4095,30.28,61.51,95.11,30885,YES,N/A,0
435,28-07-2025,22:01:08:381528,Post-Puff,322,122,4095,30.29,61.51,95.17,30879,YES,N/A,0
436,28-07-2025,22:01:10:187524,Post-Puff,322,79,4095,30.29,61.51,95.43,30874,YES,N/A,0
437,28-07-2025,22:01:11:993528,Post-Puff,322,116,4095,30.3,61.49,95.38,30877,YES,N/A,0
438,28-07-2025,22:01:13:799525,Post-Puff,322,123,4095,30.3,61.46,95.54,30877,YES,N/A,0
439,28-07-2025,22:01:15:605528,Post-Puff,322,118,4095,30.3,61.45,95.7,30884,YES,N/A,0
440,28-07-2025,22:01:17:411525,Post-Puff,322,118,4095,30.3,61.41,95.54,30881,YES,N/A,0
441,28-07-2025,22:01:19:218534,Post-Puff,322,77,4095,30.3,61.41,95.65,30880,YES,N/A,0
442,28-07-2025,22:01:21:024525,Post-Puff,322,116,4095,30.29,61.52,94.85,30885,YES,N/A,0
443,28-07-2025,22:01:22:830528,Post-Puff,322,123,4095,30.29,61.73,95.33,30879,YES,N/A,0
444,28-07-2025,22:01:24:636525,Post-Puff,322,119,4095,30.29,61.77,94.9,30871,YES,N/A,0
445,28-07-2025,22:01:26:442528,Post-Puff,322,80,4095,30.29,61.7,95.27,30873,YES,N/A,0
446,28-07-2025,22:01:28:248524,Post-Puff,322,119,4095,30.28,61.64,95.27,30875,YES,N/A,0
447,28-07-2025,22:01:30:054528,Post-Puff,322,133,4095,30.28,61.6,95.92,30875,YES,N/A,0
448,28-07-2025,22:01:31:860525,Post-Puff,322,112,4095,30.28,61.59,95.22,30873,YES,N/A,0
449,28-07-2025,22:01:33:666528,Post-Puff,322,119,4095,30.28,61.57,95.92,30871,YES,N/A,0
450,28-07-2025,22:01:35:472524,Post-Puff,322,80,4095,30.28,61.59,95.22,30875,YES,N/A,0
451,28-07-2025,22:01:37:278528,Post-Puff,322,131,4095,30.28,61.65,95.22,30876,YES,N/A,0
452,28-07-2025,22:01:39:084525,Post-Puff,322,121,4095,30.28,61.68,95.59,30872,YES,N/A,0
453,28-07-2025,22:01:40:890528,Post-Puff,322,141,4095,30.28,61.75,95.49,30868,YES,N/A,0
454,28-07-2025,22:01:42:696525,Post-Puff,322,77,4095,30.28,61.8,95.17,30862,YES,N/A,0
455,28-07-2025,22:01:44:502528,Post-Puff,322,124,4095,30.28,61.76,95.7,30863,YES,N/A,0
456,28-07-2025,22:01:46:308525,Post-Puff,322,121,4095,30.27,61.7,95.49,30867,YES,N/A,0
457,28-07-2025,22:01:48:114528,Post-Puff,322,119,4095,30.27,61.67,95.49,30868,YES,N/A,0
458,28-07-2025,22:01:49:920525,Post-Puff,322,127,4095,30.27,61.66,95.33,30870,YES,N/A,0
459,28-07-2025,22:01:51:726528,Post-Puff,322,79,4095,30.27,61.72,95.43,30866,YES,N/A,0
460,28-07-2025,22:01:53:532525,Post-Puff,322,118,4095,30.27,61.74,95.22,30857,YES,N/A,0
461,28-07-2025,22:01:55:338528,Post-Puff,322,123,4095,30.28,61.72,94.9,30852,YES,N/A,0
462,28-07-2025,22:01:58:544523,Post-Puff,322,118,4095,30.21,61.8,90.65,30849,YES,N/A,0
463,28-07-2025,22:02:00:350528,Post-Puff,322,122,4095,30.24,61.8,91.43,30851,YES,N/A,0
464,28-07-2025,22:02:02:156525,Post-Puff,322,122,4095,30.26,61.77,92.22,30854,YES,N/A,0
465,28-07-2025,22:02:03:962528,Post-Puff,322,78,4095,30.27,61.76,94.48,30856,YES,N/A,0
466,28-07-2025,22:02:05:768525,Post-Puff,322,117,4095,30.27,61.72,94.59,30858,YES,N/A,0
467,28-07-2025,22:02:07:574528,Post-Puff,322,122,4095,30.28,61.67,94.85,30855,YES,N/A,0
468,28-07-2025,22:02:09:380525,Post-Puff,322,118,4095,30.27,61.66,95.06,30855,YES,N/A,0
469,28-07-2025,22:02:11:186528,Post-Puff,322,118,4095,30.26,61.71,95.11,30853,YES,N/A,0
470,28-07-2025,22:02:12:992524,Post-Puff,322,77,4095,30.25,61.75,94.85,30858,YES,N/A,0
471,28-07-2025,22:02:14:798528,Post-Puff,322,117,4095,30.23,61.76,95.17,30860,YES,N/A,0
472,28-07-2025,22:02:16:604525,Post-Puff,322,119,4095,30.21,61.75,95.97,30853,YES,N/A,0
473,28-07-2025,22:02:18:410528,Post-Puff,322,112,4095,30.2,61.8,95.43,30853,YES,N/A,0
474,28-07-2025,22:02:20:216524,Post-Puff,322,80,4095,30.19,61.84,95.43,30854,YES,N/A,0
475,28-07-2025,22:02:22:022528,Post-Puff,322,127,4095,30.17,61.9,95.43,30853,YES,N/A,0
476,28-07-2025,22:02:23:828524,Post-Puff,322,123,4095,30.16,61.98,95.43,30857,YES,N/A,0
477,28-07-2025,22:02:25:634528,Post-Puff,322,118,4095,30.16,62.06,95.33,30852,YES,N/A,0
478,28-07-2025,22:02:27:440525,Post-Puff,322,119,4095,30.15,62.08,95.43,30851,YES,N/A,0
479,28-07-2025,22:02:29:246528,Post-Puff,322,78,4095,30.15,62.12,95.11,30850,YES,N/A,0
480,28-07-2025,22:02:31:052525,Post-Puff,322,117,4095,30.14,62.15,95.43,30850,YES,N/A,0
481,28-07-2025,22:02:32:858528,Post-Puff,322,119,4095,30.14,62.13,95.65,30847,YES,N/A,0
482,28-07-2025,22:02:36:063525,Post-Puff,322,120,4095,30.06,62.25,90.27,30850,YES,N/A,0
483,28-07-2025,22:02:37:870529,Post-Puff,322,79,4095,30.08,62.24,91.92,30849,YES,N/A,0
484,28-07-2025,22:02:39:676526,Post-Puff,322,128,4095,30.1,62.2,93.86,30845,YES,N/A,0
485,28-07-2025,22:02:41:482529,Post-Puff,322,79,4095,30.12,62.18,94.64,30847,YES,N/A,0
486,28-07-2025,22:02:43:288526,Post-Puff,322,118,4095,30.14,62.16,94.8,30843,YES,N/A,0
487,28-07-2025,22:02:45:094529,Post-Puff,322,123,4095,30.15,62.15,94.74,30841,YES,N/A,0
488,28-07-2025,22:02:46:900526,Post-Puff,322,122,4095,30.16,62.17,94.59,30842,YES,N/A,0
489,28-07-2025,22:02:48:706529,Post-Puff,322,78,4095,30.17,62.17,95.06,30840,YES,N/A,0
490,28-07-2025,22:02:50:512526,Post-Puff,322,80,4095,30.17,62.2,95.43,30842,YES,N/A,0
491,28-07-2025,22:02:52:318529,Post-Puff,322,125,4095,30.18,62.18,95.06,30837,YES,N/A,0
492,28-07-2025,22:02:54:124526,Post-Puff,322,116,4095,30.18,62.17,95.01,30835,YES,N/A,0
493,28-07-2025,22:02:55:930529,Post-Puff,322,119,4095,30.18,62.14,95.06,30829,YES,N/A,0
494,28-07-2025,22:02:59:137525,Post-Puff,322,121,4095,30.1,62.24,89.89,30823,YES,N/A,0
495,28-07-2025,22:03:00:943529,Post-Puff,322,115,4095,30.13,62.21,91.33,30827,YES,N/A,0
496,28-07-2025,22:03:02:749526,Post-Puff,322,121,4095,30.16,62.15,91.92,30828,YES,N/A,0
497,28-07-2025,22:03:04:555529,Post-Puff,322,148,4095,30.19,62.13,93.96,30827,YES,N/A,0
498,28-07-2025,22:03:06:361526,Post-Puff,322,122,4095,30.21,62.11,94.17,30816,YES,N/A,0
499,28-07-2025,22:03:08:168529,Post-Puff,322,80,4095,30.22,62.07,94.07,30809,YES,N/A,0
500,28-07-2025,22:03:09:974526,Post-Puff,322,80,4095,30.23,62.04,94.27,30804,YES,N/A,0
501,28-07-2025,22:03:11:780529,Post-Puff,322,115,4095,30.24,62.04,94.12,30806,YES,N/A,0
502,28-07-2025,22:03:13:586526,Post-Puff,322,119,4095,30.25,62.07,94.38,30800,YES,N/A,0
503,28-07-2025,22:03:15:392529,Post-Puff,322,117,4095,30.26,62.1,93.96,30800,YES,N/A,0
504,28-07-2025,22:03:17:198526,Post-Puff,322,115,4095,30.27,62.12,94.48,30797,YES,N/A,0
505,28-07-2025,22:03:19:004529,Post-Puff,322,80,4095,30.29,62.08,94.22,30794,YES,N/A,0
506,28-07-2025,22:03:20:810526,Post-Puff,322,118,4095,30.3,62.08,93.91,30790,YES,N/A,0
507,28-07-2025,22:03:22:616529,Post-Puff,322,145,4095,30.31,62.05,94.01,30784,YES,N/A,0
508,28-07-2025,22:03:24:422526,Post-Puff,322,117,4095,30.32,61.99,93.91,30787,YES,N/A,0
509,28-07-2025,22:03:26:228529,Post-Puff,322,80,4095,30.33,61.95,94.32,30789,YES,N/A,0
510,28-07-2025,22:03:28:034526,Post-Puff,322,78,4095,30.35,61.88,94.07,30790,YES,N/A,0
511,28-07-2025,22:03:29:840529,Post-Puff,322,119,4095,30.36,61.81,94.43,30786,YES,N/A,0
512,28-07-2025,22:03:31:646526,Post-Puff,322,125,4095,30.37,61.74,94.32,30787,YES,N/A,0
513,28-07-2025,22:03:33:452529,Post-Puff,322,119,4095,30.38,61.69,94.43,30791,YES,N/A,0
514,28-07-2025,22:03:35:258526,Post-Puff,322,80,4095,30.39,61.66,94.53,30787,YES,N/A,0
515,28-07-2025,22:03:37:065529,Post-Puff,322,73,4095,30.4,61.65,94.12,30782,YES,N/A,0
516,28-07-2025,22:03:38:871526,Post-Puff,322,122,4095,30.4,61.66,93.91,30780,YES,N/A,0
517,28-07-2025,22:03:40:677529,Post-Puff,322,112,4095,30.4,61.67,94.17,30785,YES,N/A,0
518,28-07-2025,22:03:42:483526,Post-Puff,322,118,4095,30.41,61.63,94.12,30785,YES,N/A,0
519,28-07-2025,22:03:44:289529,Post-Puff,322,123,4095,30.41,61.6,94.59,30784,YES,N/A,0
520,28-07-2025,22:03:46:095526,Post-Puff,322,121,4095,30.41,61.58,94.17,30785,YES,N/A,0
521,28-07-2025,22:03:47:901529,Post-Puff,322,80,4095,30.42,61.57,92.32,30791,YES,N/A,0
522,28-07-2025,22:03:49:707526,Post-Puff,322,116,4095,30.42,61.55,94.12,30787,YES,N/A,0
523,28-07-2025,22:03:51:513529,Post-Puff,322,79,4095,30.43,61.58,93.96,30785,YES,N/A,0
524,28-07-2025,22:03:53:319526,Post-Puff,322,135,4095,30.43,61.55,94.32,30783,YES,N/A,0
525,28-07-2025,22:03:55:125529,Post-Puff,322,126,4095,30.44,61.53,94.22,30787,YES,N/A,0
526,28-07-2025,22:03:56:931526,Post-Puff,322,119,4095,30.44,61.52,94.12,30783,YES,N/A,0
527,28-07-2025,22:03:58:737529,Post-Puff,322,80,4095,30.45,61.5,94.32,30783,YES,N/A,0
528,28-07-2025,22:04:00:543526,Post-Puff,322,121,4095,30.45,61.46,93.86,30782,YES,N/A,0
529,28-07-2025,22:04:02:349529,Post-Puff,322,119,4095,30.45,61.44,94.32,30779,YES,N/A,0
530,28-07-2025,22:04:04:155526,Post-Puff,322,80,4095,30.44,61.43,92.12,30778,YES,N/A,0
531,28-07-2025,22:04:05:961529,Post-Puff,322,130,4095,30.44,61.45,94.22,30778,YES,N/A,0
532,28-07-2025,22:04:07:767526,Post-Puff,322,80,4095,30.45,61.46,92.02,30777,YES,N/A,0
533,28-07-2025,22:04:09:573529,Post-Puff,322,119,4095,30.45,61.48,92.02,30775,YES,N/A,0
534,28-07-2025,22:04:11:379526,Post-Puff,322,117,4095,30.44,61.44,94.43,30782,YES,N/A,0
535,28-07-2025,22:04:13:185529,Post-Puff,322,127,4095,30.42,61.43,93.96,30789,YES,N/A,0
536,28-07-2025,22:04:14:991526,Post-Puff,322,79,4095,30.41,61.46,94.59,30788,YES,N/A,0
537,28-07-2025,22:04:16:797529,Post-Puff,322,128,4095,30.4,61.47,93.81,30784,YES,N/A,0
538,28-07-2025,22:04:18:602526,Post-Puff,322,114,4095,30.4,61.5,94.12,30784,YES,N/A,0
539,28-07-2025,22:04:20:408529,Post-Puff,322,123,4095,30.39,61.51,93.91,30782,YES,N/A,0
540,28-07-2025,22:04:22:214526,Post-Puff,322,116,4095,30.39,61.51,93.86,30785,YES,N/A,0
541,28-07-2025,22:04:24:020529,Post-Puff,322,79,4095,30.4,61.51,94.38,30781,YES,N/A,0
542,28-07-2025,22:04:25:826526,Post-Puff,322,122,4095,30.4,61.51,94.07,30778,YES,N/A,0
543,28-07-2025,22:04:27:632529,Post-Puff,322,122,4095,30.41,61.51,94.22,30775,YES,N/A,0
544,28-07-2025,22:04:29:438526,Post-Puff,322,121,4095,30.42,61.52,92.22,30779,YES,N/A,0
545,28-07-2025,22:04:31:244529,Post-Puff,322,80,4095,30.42,61.53,92.12,30776,YES,N/A,0
546,28-07-2025,22:04:33:050526,Post-Puff,322,119,4095,30.41,61.53,94.32,30776,YES,N/A,0
547,28-07-2025,22:04:34:856529,Post-Puff,322,122,4095,30.41,61.53,94.38,30778,YES,N/A,0
548,28-07-2025,22:04:36:662526,Post-Puff,322,121,4095,30.4,61.54,92.02,30773,YES,N/A,0
549,28-07-2025,22:04:38:471531,Pre-Puff,338,116,4095,30.4,61.55,82.82,30771,YES,N/A,0
550,28-07-2025,22:04:40:277526,Pre-Puff,338,80,4095,30.4,61.58,91.62,30771,YES,N/A,0
551,28-07-2025,22:04:42:083529,Pre-Puff,338,125,4095,30.4,61.61,97.17,30769,YES,N/A,0
552,28-07-2025,22:04:43:889526,Pre-Puff,338,119,4095,30.4,61.6,99.9,30769,YES,N/A,0
553,28-07-2025,22:04:45:695529,Pre-Puff,338,119,4095,30.41,61.62,101.39,30766,YES,N/A,0
554,28-07-2025,22:04:47:501526,Pre-Puff,338,81,4095,30.41,61.63,103.16,30761,YES,N/A,0
555,28-07-2025,22:04:49:307529,Pre-Puff,338,125,4095,30.41,61.61,104.81,30766,YES,N/A,0
556,28-07-2025,22:04:51:113526,Pre-Puff,338,119,4095,30.41,61.58,106.05,30769,YES,N/A,0
557,28-07-2025,22:04:52:919529,Pre-Puff,338,122,4095,30.4,61.57,106.64,30770,YES,N/A,0
558,28-07-2025,22:04:54:725526,Pre-Puff,338,118,4095,30.4,61.59,107.72,30767,YES,N/A,0
559,28-07-2025,22:04:56:531529,Pre-Puff,338,78,4095,30.4,61.61,108.34,30770,YES,N/A,0
560,28-07-2025,22:04:58:337526,Pre-Puff,338,115,4095,30.4,61.64,108.54,30763,YES,N/A,0
561,28-07-2025,22:05:00:143529,Pre-Puff,338,122,4095,30.41,61.62,109.45,30761,YES,N/A,0
562,28-07-2025,22:05:01:949526,Pre-Puff,338,121,4095,30.42,61.66,109.24,30755,YES,N/A,0
563,28-07-2025,22:05:03:755529,Pre-Puff,338,79,4095,30.42,61.79,109.59,30755,YES,N/A,0
564,28-07-2025,22:05:05:561526,Pre-Puff,338,119,4095,30.43,61.81,110.37,30755,YES,N/A,0
565,28-07-2025,22:05:07:367529,Pre-Puff,338,79,4095,30.43,61.78,110.94,30755,YES,N/A,0
566,28-07-2025,22:05:09:173526,Pre-Puff,338,117,4095,30.43,61.77,111.09,30762,YES,N/A,0
567,28-07-2025,22:05:10:979529,Pre-Puff,338,127,4095,30.43,61.77,111.81,30760,YES,N/A,0
568,28-07-2025,22:05:12:785526,Pre-Puff,338,80,4095,30.43,61.73,111.81,30756,YES,N/A,0
569,28-07-2025,22:05:14:591529,Pre-Puff,338,119,4095,30.44,61.67,112.26,30760,YES,N/A,0
570,28-07-2025,22:05:16:398526,Pre-Puff,338,123,4095,30.43,61.6,112.4,30767,YES,N/A,0
571,28-07-2025,22:05:18:204529,Pre-Puff,338,122,4095,30.43,61.56,113.6,30768,YES,N/A,0
572,28-07-2025,22:05:20:010526,Pre-Puff,338,80,4095,30.43,61.52,113.52,30770,YES,N/A,0
573,28-07-2025,22:05:21:816529,Pre-Puff,338,123,4095,30.43,61.52,114.06,30771,YES,N/A,0
574,28-07-2025,22:05:23:622526,Pre-Puff,338,122,4095,30.42,61.52,113.98,30770,YES,N/A,0
575,28-07-2025,22:05:25:428529,Pre-Puff,338,128,4095,30.42,61.52,114.06,30771,YES,N/A,0
576,28-07-2025,22:05:27:234526,Pre-Puff,338,115,4095,30.42,61.52,114.29,30765,YES,N/A,0
577,28-07-2025,22:05:29:040529,Pre-Puff,338,75,4095,30.42,61.56,114.13,30771,YES,N/A,0
578,28-07-2025,22:05:30:846526,Pre-Puff,338,77,4095,30.43,61.62,114.06,30766,YES,N/A,0
579,28-07-2025,22:05:32:652529,Pre-Puff,338,119,4095,30.44,61.65,114.21,30761,YES,N/A,0
580,28-07-2025,22:05:34:458526,Pre-Puff,338,115,4095,30.44,61.66,114.82,30765,YES,N/A,0
581,28-07-2025,22:05:36:265529,Pre-Puff,338,80,4095,30.44,61.63,115.52,30767,YES,N/A,0
582,28-07-2025,22:05:38:071526,Pre-Puff,338,125,4095,30.43,61.55,114.82,30769,YES,N/A,0
583,28-07-2025,22:05:39:877529,Pre-Puff,338,119,4095,30.43,61.5,115.37,30770,YES,N/A,0
584,28-07-2025,22:05:41:683526,Pre-Puff,338,119,4095,30.42,61.47,115.37,30770,YES,N/A,0
585,28-07-2025,22:05:43:489529,Pre-Puff,338,82,4095,30.42,61.45,115.84,30771,YES,N/A,0
586,28-07-2025,22:05:45:295526,Pre-Puff,338,79,4095,30.42,61.49,115.84,30773,YES,N/A,0
587,28-07-2025,22:05:47:101529,Pre-Puff,338,122,4095,30.42,61.5,115.84,30776,YES,N/A,0
588,28-07-2025,22:05:48:907526,Pre-Puff,338,118,4095,30.42,61.5,116.07,30778,YES,N/A,0
589,28-07-2025,22:05:50:713529,Pre-Puff,338,123,4095,30.42,61.54,116.23,30776,YES,N/A,0
590,28-07-2025,22:05:52:519526,Pre-Puff,338,125,4095,30.43,61.6,115.44,30770,YES,N/A,0
591,28-07-2025,22:05:54:325529,Pre-Puff,338,117,4095,30.44,61.65,115.6,30767,YES,N/A,0
592,28-07-2025,22:05:56:132526,Pre-Puff,338,115,4095,30.44,61.65,115.99,30763,YES,N/A,0
593,28-07-2025,22:05:57:938529,Pre-Puff,338,120,4095,30.45,61.59,115.84,30763,YES,N/A,0
594,28-07-2025,22:05:59:744526,Pre-Puff,338,122,4095,30.45,61.58,116.71,30762,YES,N/A,0
595,28-07-2025,22:06:01:550529,Pre-Puff,338,80,4095,30.46,61.52,115.52,30760,YES,N/A,0
596,28-07-2025,22:06:03:356526,Pre-Puff,338,115,4095,30.47,61.49,116.23,30762,YES,N/A,0
597,28-07-2025,22:06:05:162529,Pre-Puff,338,145,4095,30.47,61.48,116.71,30764,YES,N/A,0
598,28-07-2025,22:06:06:968526,Pre-Puff,338,121,4095,30.48,61.47,117.03,30763,YES,N/A,0
599,28-07-2025,22:06:08:774529,Pre-Puff,338,75,4095,30.5,61.45,116.15,30753,YES,N/A,0
600,28-07-2025,22:06:10:580526,Pre-Puff,338,123,4095,30.51,61.47,115.84,30754,YES,N/A,0
601,28-07-2025,22:06:12:386529,Pre-Puff,338,122,4095,30.53,61.41,116.15,30757,YES,N/A,0
602,28-07-2025,22:06:14:192526,Pre-Puff,338,117,4095,30.55,61.33,116.95,30754,YES,N/A,0
603,28-07-2025,22:06:15:998529,Pre-Puff,338,119,4095,30.56,61.29,115.92,30755,YES,N/A,0
604,28-07-2025,22:06:17:804526,Pre-Puff,338,80,4095,30.58,61.26,115.92,30759,YES,N/A,0
605,28-07-2025,22:06:19:610529,Pre-Puff,338,115,4095,30.59,61.29,115.99,30757,YES,N/A,0
606,28-07-2025,22:06:21:416526,Pre-Puff,338,118,4095,30.6,61.32,116.71,30757,YES,N/A,0
607,28-07-2025,22:06:23:222529,Pre-Puff,338,117,4095,30.61,61.32,115.84,30755,YES,N/A,0
608,28-07-2025,22:06:25:028526,Pre-Puff,338,75,4095,30.61,61.38,115.37,30757,YES,N/A,0
609,28-07-2025,22:06:26:834529,Pre-Puff,338,124,4095,30.62,61.45,115.76,30751,YES,N/A,0
610,28-07-2025,22:06:28:640526,Pre-Puff,338,124,4095,30.63,61.44,116.31,30752,YES,N/A,0
611,28-07-2025,22:06:30:446529,Pre-Puff,338,116,4095,30.63,61.33,115.99,30756,YES,N/A,0
612,28-07-2025,22:06:32:252526,Pre-Puff,338,121,4095,30.64,61.27,115.6,30757,YES,N/A,0
613,28-07-2025,22:06:34:058529,Pre-Puff,338,80,4095,30.64,61.23,116.95,30759,YES,N/A,0
614,28-07-2025,22:06:35:865526,Pre-Puff,338,117,4095,30.64,61.15,115.92,30762,YES,N/A,0
615,28-07-2025,22:06:37:671529,Pre-Puff,338,120,4095,30.64,61.08,116.07,30762,YES,N/A,0
616,28-07-2025,22:06:39:477526,Puff,338,124,4095,30.64,61.02,117.03,30761,YES,N/A,0
617,28-07-2025,22:06:41:283529,Puff,338,80,4095,30.64,60.98,116.87,30769,YES,N/A,0
618,28-07-2025,22:06:43:089526,Puff,338,133,4095,30.64,60.97,117.03,30765,YES,N/A,0
619,28-07-2025,22:06:44:895529,Puff,338,122,4095,30.64,60.97,116.63,30769,YES,N/A,0
620,28-07-2025,22:06:46:701526,Puff,338,126,4095,30.64,60.97,116.71,30771,YES,N/A,0
621,28-07-2025,22:06:48:507529,Puff,338,112,4095,30.64,60.96,118,30771,YES,N/A,0
622,28-07-2025,22:06:50:313526,Puff,338,80,4095,30.64,60.96,117.19,30773,YES,N/A,0
623,28-07-2025,22:06:52:119529,Puff,338,117,4095,30.64,60.96,116.55,30779,YES,N/A,0
624,28-07-2025,22:06:53:925526,Puff,338,120,4095,30.63,60.94,117.27,30776,YES,N/A,0
625,28-07-2025,22:06:55:732529,Puff,338,118,4095,30.63,60.91,118,30776,YES,N/A,0
626,28-07-2025,22:06:57:539526,Puff,338,79,4095,30.63,60.91,116.39,30774,YES,N/A,0
627,28-07-2025,22:06:59:345529,Puff,338,117,4095,30.62,60.93,118.16,30774,YES,N/A,0
628,28-07-2025,22:07:01:151526,Puff,338,122,4095,30.62,60.97,117.84,30772,YES,N/A,0
629,28-07-2025,22:07:02:957529,Puff,338,117,4095,30.61,60.94,117.51,30774,YES,N/A,0
630,28-07-2025,22:07:04:763526,Puff,338,117,4095,30.6,60.93,117.35,30782,YES,N/A,0
631,28-07-2025,22:07:06:569529,Puff,338,80,4095,30.6,60.93,117.35,30783,YES,N/A,0
632,28-07-2025,22:07:08:375526,Puff,338,117,4095,30.59,60.89,118.24,30781,YES,N/A,0
633,28-07-2025,22:07:10:181529,Puff,338,128,4095,30.59,60.87,117.43,30785,YES,N/A,0
634,28-07-2025,22:07:11:987526,Puff,338,119,4095,30.59,60.87,118.33,30783,YES,N/A,0
635,28-07-2025,22:07:13:793529,Puff,338,79,4095,30.59,60.91,117.19,30786,YES,N/A,0
636,28-07-2025,22:07:15:600643,Puff,338,119,4095,30.58,60.92,117.27,30781,YES,N/A,0
637,28-07-2025,22:07:17:406529,Puff,338,115,4095,30.58,60.92,117.59,30784,YES,N/A,0
638,28-07-2025,22:07:19:212526,Puff,338,126,4095,30.58,60.91,117.67,30775,YES,N/A,0
639,28-07-2025,22:07:21:018529,Puff,338,118,4095,30.58,60.93,118.82,30776,YES,N/A,0
640,28-07-2025,22:07:22:824526,Puff,338,80,4095,30.58,60.88,117.35,30776,YES,N/A,0
641,28-07-2025,22:07:24:630529,Puff,338,118,4095,30.58,60.88,117.84,30779,YES,N/A,0
642,28-07-2025,22:07:26:436526,Puff,338,123,4095,30.58,60.88,118.49,30776,YES,N/A,0
643,28-07-2025,22:07:28:242529,Puff,338,117,4095,30.58,60.9,117.92,30773,YES,N/A,0
644,28-07-2025,22:07:30:048526,Puff,338,80,4095,30.59,60.91,117.43,30770,YES,N/A,0
645,28-07-2025,22:07:31:854529,Puff,338,125,4095,30.59,60.9,117.84,30775,YES,N/A,0
646,28-07-2025,22:07:33:660526,Puff,338,118,4095,30.6,60.93,117.27,30770,YES,N/A,0
647,28-07-2025,22:07:35:467629,Puff,338,117,4095,30.61,60.92,117.19,30771,YES,N/A,0
648,28-07-2025,22:07:37:273526,Puff,338,119,4095,30.62,60.89,117.11,30767,YES,N/A,0
649,28-07-2025,22:07:39:079529,Puff,338,78,4095,30.62,60.86,118.08,30772,YES,N/A,0
650,28-07-2025,22:07:40:885526,Puff,338,114,4095,30.63,60.83,117.27,30774,YES,N/A,0
651,28-07-2025,22:07:42:691529,Puff,338,80,4095,30.63,60.87,117.03,30775,YES,N/A,0
652,28-07-2025,22:07:44:497526,Puff,338,65,4095,30.64,60.87,117.03,30755,YES,N/A,0
653,28-07-2025,22:07:46:303529,Puff,338,79,4095,30.65,60.84,118.82,30748,YES,N/A,0
654,28-07-2025,22:07:48:109526,Puff,338,123,4095,30.67,60.8,117.03,30750,YES,N/A,0
655,28-07-2025,22:07:49:915529,Puff,338,128,4095,30.68,60.75,117.92,30755,YES,N/A,0
656,28-07-2025,22:07:51:721526,Puff,338,118,4095,30.69,60.75,116.23,30751,YES,N/A,0
657,28-07-2025,22:07:53:527529,Puff,338,80,4095,30.7,60.86,117.67,30756,YES,N/A,0
658,28-07-2025,22:07:55:334526,Puff,338,80,4095,30.71,60.82,117.67,30759,YES,N/A,0
659,28-07-2025,22:07:58:540528,Puff,338,122,4095,30.64,60.96,113.15,30759,YES,N/A,0
660,28-07-2025,22:08:00:346526,Puff,338,80,4095,30.68,61.1,113.83,30759,YES,N/A,0
661,28-07-2025,22:08:02:152529,Puff,338,122,4095,30.71,61.16,113.98,30757,YES,N/A,0
662,28-07-2025,22:08:03:958526,Puff,338,123,4095,30.73,61.14,115.37,30752,YES,N/A,0
663,28-07-2025,22:08:05:764529,Puff,338,80,4095,30.75,61.07,114.98,30752,YES,N/A,0
664,28-07-2025,22:08:07:570526,Puff,338,80,4095,30.77,60.96,115.99,30751,YES,N/A,0
665,28-07-2025,22:08:09:376529,Puff,338,119,4095,30.78,60.84,117.43,30754,YES,N/A,0
666,28-07-2025,22:08:11:182526,Puff,338,125,4095,30.78,60.73,118.16,30761,YES,N/A,0
667,28-07-2025,22:08:12:988529,Puff,338,123,4095,30.79,60.64,117.19,30764,YES,N/A,0
668,28-07-2025,22:08:14:794526,Puff,338,119,4095,30.79,60.6,117.19,30766,YES,N/A,0
669,28-07-2025,22:08:16:600529,Puff,338,80,4095,30.79,60.56,117.84,30768,YES,N/A,0
670,28-07-2025,22:08:18:406526,Puff,338,121,4095,30.8,60.56,116.07,30763,YES,N/A,0
671,28-07-2025,22:08:21:612528,Puff,338,118,4095,30.72,60.7,111.38,30759,YES,N/A,0
672,28-07-2025,22:08:23:418526,Puff,338,78,4095,30.74,60.79,115.29,30762,YES,N/A,0
673,28-07-2025,22:08:25:224529,Puff,338,80,4095,30.77,60.81,116.15,30761,YES,N/A,0
674,28-07-2025,22:08:27:030526,Puff,338,124,4095,30.79,60.77,115.84,30761,YES,N/A,0
675,28-07-2025,22:08:28:836529,Puff,338,80,4095,30.8,60.66,116.87,30765,YES,N/A,0
676,28-07-2025,22:08:30:642526,Puff,338,81,4095,30.8,60.62,115.76,30765,YES,N/A,0
677,28-07-2025,22:08:32:448529,Puff,338,128,4095,30.81,60.59,118.74,30761,YES,N/A,0
678,28-07-2025,22:08:34:254526,Puff,338,119,4095,30.81,60.51,118,30762,YES,N/A,0
679,28-07-2025,22:08:36:061529,Puff,338,80,4095,30.81,60.47,118.08,30762,YES,N/A,0
680,28-07-2025,22:08:37:867526,Puff,338,124,4095,30.81,60.42,118.08,30763,YES,N/A,0
681,28-07-2025,22:08:39:673529,Puff,338,119,4095,30.82,60.41,117.35,30765,YES,N/A,0
682,28-07-2025,22:08:41:479526,Puff,338,124,4095,30.82,60.4,116.47,30772,YES,N/A,0
683,28-07-2025,22:08:43:285529,Puff,338,123,4095,30.82,60.4,117.27,30778,YES,N/A,0
684,28-07-2025,22:08:45:091526,Puff,338,80,4095,30.81,60.42,116.87,30776,YES,N/A,0
685,28-07-2025,22:08:46:897529,Puff,338,125,4095,30.8,60.41,117.03,30780,YES,N/A,0
686,28-07-2025,22:08:48:703526,Puff,338,120,4095,30.79,60.38,117.27,30782,YES,N/A,0
687,28-07-2025,22:08:50:509529,Puff,338,124,4095,30.78,60.42,117.11,30784,YES,N/A,0
688,28-07-2025,22:08:52:315526,Puff,338,80,4095,30.78,60.45,116.55,30785,YES,N/A,0
689,28-07-2025,22:08:54:121529,Puff,338,125,4095,30.77,60.46,117.27,30787,YES,N/A,0
690,28-07-2025,22:08:55:927526,Puff,338,123,4095,30.76,60.45,117.43,30789,YES,N/A,0
691,28-07-2025,22:08:57:733529,Puff,338,130,4095,30.76,60.42,119.32,30785,YES,N/A,0
692,28-07-2025,22:08:59:540526,Puff,338,122,4095,30.75,60.44,117.67,30784,YES,N/A,0
693,28-07-2025,22:09:01:347529,Puff,338,70,4095,30.74,60.46,119.82,30785,YES,N/A,0
694,28-07-2025,22:09:03:153526,Puff,338,80,4095,30.72,60.5,117.67,30788,YES,N/A,0
695,28-07-2025,22:09:04:959529,Puff,338,80,4095,30.7,60.53,117.43,30790,YES,N/A,0
696,28-07-2025,22:09:06:765526,Puff,338,139,4095,30.68,60.63,118.99,30791,YES,N/A,0
697,28-07-2025,22:09:11:371528,Puff,338,121,4095,30.51,60.99,110.37,30791,YES,N/A,0
698,28-07-2025,22:09:13:177526,Puff,338,121,4095,30.55,60.96,114.13,30794,YES,N/A,0
699,28-07-2025,22:09:14:983529,Puff,338,80,4095,30.58,60.94,115.52,30790,YES,N/A,0
700,28-07-2025,22:09:18:188523,Puff,338,122,4095,30.51,61.04,112.03,30785,YES,N/A,0
701,28-07-2025,22:09:19:994528,Puff,338,125,4095,30.53,61.05,115.37,30796,YES,N/A,0
702,28-07-2025,22:09:21:800525,Puff,338,120,4095,30.54,61.02,115.6,30797,YES,N/A,0
703,28-07-2025,22:09:26:407527,Puff,338,121,4095,30.39,61.32,108.75,30797,YES,N/A,0
704,28-07-2025,22:09:29:613523,Puff,338,122,4095,30.36,61.39,110.15,30804,YES,N/A,0
705,28-07-2025,22:09:32:818528,Puff,338,79,4095,30.32,61.45,110.01,30806,YES,N/A,0
706,28-07-2025,22:09:36:024525,Puff,338,114,4095,30.3,61.54,110.01,30806,YES,N/A,0
707,28-07-2025,22:09:37:830529,Puff,338,112,4095,30.35,61.54,113.3,30803,YES,N/A,0
708,28-07-2025,22:09:41:036525,Puff,338,74,4095,30.31,61.59,110.94,30799,YES,N/A,0
709,28-07-2025,22:09:42:842529,Puff,338,80,4095,30.35,61.57,113.98,30803,YES,N/A,0
710,28-07-2025,22:09:44:648526,Puff,338,124,4095,30.38,61.5,115.68,30798,YES,N/A,0
711,28-07-2025,22:09:46:454529,Puff,338,121,4095,30.4,61.5,116.71,30809,YES,N/A,0
712,28-07-2025,22:09:49:660524,Puff,338,122,4095,30.32,61.59,112.55,30793,YES,N/A,0
713,28-07-2025,22:09:51:466529,Puff,338,80,4095,30.36,61.56,114.9,30784,YES,N/A,0
714,28-07-2025,22:09:53:272526,Puff,338,121,4095,30.38,61.52,116.31,30784,YES,N/A,0
715,28-07-2025,22:09:55:078529,Puff,338,78,4095,30.4,61.47,117.51,30792,YES,N/A,0
716,28-07-2025,22:09:56:884526,Puff,338,128,4095,30.41,61.46,117.43,30791,YES,N/A,0
717,28-07-2025,22:09:58:690529,Puff,338,117,4095,30.42,61.46,117.92,30801,YES,N/A,0
718,28-07-2025,22:10:00:496526,Puff,338,119,4095,30.42,61.36,119.15,30803,YES,N/A,0
719,28-07-2025,22:10:02:302529,Puff,338,126,4095,30.41,61.33,118.08,30807,YES,N/A,0
720,28-07-2025,22:10:04:108526,Puff,338,79,4095,30.41,61.35,118.49,30811,YES,N/A,0
721,28-07-2025,22:10:05:914529,Puff,338,117,4095,30.41,61.37,118.57,30812,YES,N/A,0
722,28-07-2025,22:10:07:720526,Puff,338,115,4095,30.4,61.36,118.82,30808,YES,N/A,0
723,28-07-2025,22:10:09:526529,Puff,338,79,4095,30.39,61.34,119.49,30808,YES,N/A,0
724,28-07-2025,22:10:12:732525,Puff,338,119,4095,30.3,61.48,115.06,30811,YES,N/A,0
725,28-07-2025,22:10:14:539529,Puff,338,121,4095,30.32,61.47,117.03,30811,YES,N/A,0
726,28-07-2025,22:10:17:745525,Puff,338,119,4095,30.25,61.56,113.37,30813,YES,N/A,0
727,28-07-2025,22:10:19:551529,Puff,338,63,4095,30.28,61.51,116.47,30819,YES,N/A,0
728,28-07-2025,22:10:21:357526,Puff,338,80,4095,30.3,61.48,117.51,30826,YES,N/A,0
729,28-07-2025,22:10:24:563528,Puff,338,117,4095,30.23,61.66,113.9,30821,YES,N/A,0
730,28-07-2025,22:10:26:369526,Puff,338,119,4095,30.26,61.64,116.47,30821,YES,N/A,0
731,28-07-2025,22:10:28:175529,Puff,338,119,4095,30.28,61.57,118.16,30822,YES,N/A,0
732,28-07-2025,22:10:29:981526,Puff,338,79,4095,30.29,61.53,119.32,30824,YES,N/A,0
733,28-07-2025,22:10:31:787529,Puff,338,139,4095,30.28,61.51,119.07,30821,YES,N/A,0
734,28-07-2025,22:10:33:593526,Puff,338,77,4095,30.28,61.51,119.57,30822,YES,N/A,0
735,28-07-2025,22:10:36:798527,Puff,338,115,4095,30.19,61.72,114.82,30824,YES,N/A,0
736,28-07-2025,22:10:40:004523,Puff,338,120,4095,30.14,61.84,113.6,30823,YES,N/A,0
737,28-07-2025,22:10:43:209528,Puff,338,78,4095,30.1,61.9,113.15,30823,YES,N/A,0
738,28-07-2025,22:10:46:416524,Puff,338,120,4095,30.08,61.96,112.55,30826,YES,N/A,0
739,28-07-2025,22:10:48:222529,Puff,338,79,4095,30.13,61.92,115.84,30831,YES,N/A,0
740,28-07-2025,22:10:50:029526,Puff,338,80,4095,30.16,61.87,117.51,30833,YES,N/A,0
741,28-07-2025,22:10:51:835529,Puff,338,55,4095,30.18,61.88,118.16,30833,YES,N/A,0
742,28-07-2025,22:10:55:041525,Puff,338,115,4095,30.1,61.99,114.21,30829,YES,N/A,0
743,28-07-2025,22:10:56:847529,Puff,338,79,4095,30.13,61.93,117.75,30835,YES,N/A,0
744,28-07-2025,22:10:58:653526,Puff,338,118,4095,30.15,61.86,118.74,30843,YES,N/A,0
745,28-07-2025,22:11:01:859528,Puff,338,111,4095,30.08,61.94,115.29,30840,YES,N/A,0
746,28-07-2025,22:11:03:665526,Puff,338,125,4095,30.12,61.92,117.35,30834,YES,N/A,0
747,28-07-2025,22:11:05:471529,Puff,338,122,4095,30.14,61.91,118.33,30833,YES,N/A,0
748,28-07-2025,22:11:07:277526,Puff,338,121,4095,30.16,61.87,118.82,30836,YES,N/A,0
749,28-07-2025,22:11:09:084529,Puff,338,122,4095,30.17,61.84,119.91,30838,YES,N/A,0
750,28-07-2025,22:11:13:690525,Puff,338,123,4095,30.02,62.06,112.55,30835,YES,N/A,0
751,28-07-2025,22:11:15:496529,Puff,338,123,4095,30.07,62.01,116.31,30836,YES,N/A,0
752,28-07-2025,22:11:18:702525,Puff,338,79,4095,30.04,62.05,113.68,30836,YES,N/A,0
753,28-07-2025,22:11:20:508529,Puff,338,112,4095,30.09,62.02,116.71,30840,YES,N/A,0
754,28-07-2025,22:11:22:314526,Puff,338,117,4095,30.12,61.96,118.16,30836,YES,N/A,0
755,28-07-2025,22:11:24:120529,Puff,338,78,4095,30.14,61.93,119.4,30842,YES,N/A,0
756,28-07-2025,22:11:25:926526,Puff,338,121,4095,30.15,61.87,118.9,30842,YES,N/A,0
757,28-07-2025,22:11:27:732529,Puff,338,123,4095,30.15,61.87,119.65,30843,YES,N/A,0
758,28-07-2025,22:11:30:938525,Puff,338,122,4095,30.07,62.01,115.44,30841,YES,N/A,0
759,28-07-2025,22:11:35:542527,Puff,338,151,4095,29.97,62.36,110.65,30836,YES,N/A,0
760,28-07-2025,22:11:47:149523,Post-Puff,338,125,4095,29.83,62.83,104.23,30823,YES,N/A,0
761,28-07-2025,22:11:48:955528,Post-Puff,338,96,4095,29.96,62.68,110.23,30832,YES,N/A,0
762,28-07-2025,22:11:54:961523,Post-Puff,338,125,4095,29.9,62.68,105.72,30828,YES,N/A,0
763,28-07-2025,22:11:56:767528,Post-Puff,338,119,4095,29.99,62.61,110.87,30829,YES,N/A,0
