SNO,Timestamp,Phase,Heater_Profile,Heater_Temparature,MQ136,MQ138_A,MQ138_B,BME688_D,BME688_C,TGS2602,SPEC,Alpha_PID,Temp,Hum,ActiveSensorsArray,VOC_Activated,Concentration,Distance(ft)
1,7/16/25 11:44,Pre-Puff,HP501,40,111,33,0,938,586,0.9823,538,643,21.49,52,"1,2,3,4,5,6,7,8",None,0,0
2,7/16/25 11:44,Pre-Puff,HP501,50,44,48,0,671,1102,0.9846,559,688,23.21,52,"1,2,3,4,5,6,7,8",None,0,0
3,7/16/25 11:44,Pre-Puff,HP501,60,42,50,62,961,697,1.0092,556,527,24.91,54,"1,2,3,4,5,6,7,8",None,0,0
4,7/16/25 11:44,Pre-Puff,HP501,70,67,35,48,622,585,0.9934,604,625,24.46,53,"1,2,3,4,5,6,7,8",None,0,0
5,7/16/25 11:44,Pre-Puff,HP501,80,44,49,63,774,1118,0.9852,544,609,20.08,50,"1,2,3,4,5,6,7,8",None,0,0
6,7/16/25 11:44,Pre-Puff,HP501,90,56,48,62,943,606,1.006,538,580,22.77,51,"1,2,3,4,5,6,7,8",None,0,0
7,7/16/25 11:44,Pre-Puff,HP501,100,51,49,62,1119,925,0.9871,527,706,25.44,55,"1,2,3,4,5,6,7,8",None,0,0
8,7/16/25 11:44,Pre-Puff,HP501,110,97,50,60,971,1122,0.9739,537,681,24.98,53,"1,2,3,4,5,6,7,8",None,0,0
9,7/16/25 11:44,Pre-Puff,HP501,120,102,50,64,878,609,0.9947,548,599,20.32,52,"1,2,3,4,5,6,7,8",None,0,0
10,7/16/25 11:44,Pre-Puff,HP501,130,68,49,61,1013,831,1.0426,588,596,26.09,54,"1,2,3,4,5,6,7,8",None,0,0
11,7/16/25 11:44,Pre-Puff,HP501,140,75,50,63,681,1074,1.0381,587,623,22.52,52,"1,2,3,4,5,6,7,8",None,0,0
12,7/16/25 11:44,Pre-Puff,HP501,150,111,51,64,699,916,0.9666,597,716,25.56,52,"1,2,3,4,5,6,7,8",None,0,0
13,7/16/25 11:44,Pre-Puff,HP501,160,111,50,63,833,738,1.0348,617,599,23.38,52,"1,2,3,4,5,6,7,8",None,0,0
14,7/16/25 11:44,Pre-Puff,HP501,170,89,51,62,988,617,0.9633,518,592,23.11,54,"1,2,3,4,5,6,7,8",None,0,0
15,7/16/25 11:44,Pre-Puff,HP501,180,92,52,64,1037,905,1.0375,514,596,29.37,50,"1,2,3,4,5,6,7,8",None,0,0
16,7/16/25 11:44,Pre-Puff,HP501,190,54,53,64,1134,815,0.9674,583,642,27.12,50,"1,2,3,4,5,6,7,8",None,0,0
17,7/16/25 11:44,Pre-Puff,HP501,200,80,45,55,802,683,1.0384,571,608,25.41,50,"1,2,3,4,5,6,7,8",None,0,0
18,7/16/25 11:44,Pre-Puff,HP501,210,90,52,64,617,865,0.9656,570,711,26.78,55,"1,2,3,4,5,6,7,8",None,0,0
19,7/16/25 11:44,Pre-Puff,HP501,220,81,50,61,699,796,1.0333,585,596,23.55,52,"1,2,3,4,5,6,7,8",None,0,0
20,7/16/25 11:44,Pre-Puff,HP501,230,81,53,64,658,662,1.0324,513,715,28.65,50,"1,2,3,4,5,6,7,8",None,0,0
21,7/16/25 11:44,Pre-Puff,HP501,240,115,51,64,968,1055,0.9702,599,672,29.51,53,"1,2,3,4,5,6,7,8",None,0,0
22,7/16/25 11:44,Pre-Puff,HP501,250,62,51,63,676,821,1.0002,607,590,23.96,55,"1,2,3,4,5,6,7,8",None,0,0
23,7/16/25 11:44,Pre-Puff,HP501,260,63,55,64,888,995,1.0174,552,662,26.19,53,"1,2,3,4,5,6,7,8",None,0,0
24,7/16/25 11:45,Pre-Puff,HP501,270,66,52,63,588,659,1.0081,519,516,25.83,51,"1,2,3,4,5,6,7,8",None,0,0
25,7/16/25 11:45,Pre-Puff,HP501,280,86,54,64,755,733,1.028,555,575,20.08,52,"1,2,3,4,5,6,7,8",None,0,0
26,7/16/25 11:45,Pre-Puff,HP501,290,79,53,64,726,803,1.0291,507,516,25.1,54,"1,2,3,4,5,6,7,8",None,0,0
27,7/16/25 11:45,Pre-Puff,HP501,300,53,52,64,686,873,0.9606,553,505,28.13,51,"1,2,3,4,5,6,7,8",None,0,0
28,7/16/25 11:45,Pre-Puff,HP501,310,53,53,64,775,808,1.0143,548,633,24.63,55,"1,2,3,4,5,6,7,8",None,0,0
29,7/16/25 11:45,Pre-Puff,HP501,320,69,53,64,1066,971,0.9613,595,654,27.9,52,"1,2,3,4,5,6,7,8",None,0,0
30,7/16/25 11:45,Pre-Puff,HP501,330,101,53,65,879,773,0.9646,547,555,21.79,50,"1,2,3,4,5,6,7,8",None,0,0
31,7/16/25 11:45,Pre-Puff,HP501,340,76,54,64,1042,648,1.031,566,706,25.26,55,"1,2,3,4,5,6,7,8",None,0,0
32,7/16/25 11:45,Pre-Puff,HP501,350,114,55,64,884,1125,1.0039,606,634,27.97,55,"1,2,3,4,5,6,7,8",None,0,0
33,7/16/25 11:45,Pre-Puff,HP501,360,96,54,64,606,836,0.97,505,707,24.24,55,"1,2,3,4,5,6,7,8",None,0,0
34,7/16/25 11:45,Pre-Puff,HP501,370,63,53,64,631,899,1.0283,500,592,27.62,53,"1,2,3,4,5,6,7,8",None,0,0
35,7/16/25 11:45,Pre-Puff,HP501,380,56,54,66,1039,1003,1.0084,508,550,26.84,55,"1,2,3,4,5,6,7,8",None,0,0
36,7/16/25 11:45,Pre-Puff,HP501,390,67,51,64,784,888,0.9944,502,619,26.87,55,"1,2,3,4,5,6,7,8",None,0,0
37,7/16/25 11:45,Pre-Puff,HP501,400,74,53,64,845,1022,1.0452,596,582,21.3,55,"1,2,3,4,5,6,7,8",None,0,0
38,7/16/25 11:45,Pre-Puff,HP501,410,95,54,64,611,914,1,605,667,21.36,50,"1,2,3,4,5,6,7,8",None,0,0
39,7/16/25 11:45,Pre-Puff,HP501,420,66,54,64,861,747,0.9918,578,560,21.39,50,"1,2,3,4,5,6,7,8",None,0,0
40,7/16/25 11:45,Pre-Puff,HP501,430,113,54,65,1046,652,0.9988,512,522,21.22,53,"1,2,3,4,5,6,7,8",None,0,0
41,7/16/25 11:45,Pre-Puff,HP501,440,41,52,65,642,820,0.9678,532,597,28.18,54,"1,2,3,4,5,6,7,8",None,0,0
42,7/16/25 11:45,Pre-Puff,HP501,440,40,55,64,595,953,0.9675,532,639,21.71,55,"1,2,3,4,5,6,7,8",None,0,0
43,7/16/25 11:45,Pre-Puff,HP501,440,74,55,65,629,680,0.9753,590,564,20.81,50,"1,2,3,4,5,6,7,8",None,0,0
44,7/16/25 11:45,Pre-Puff,HP501,440,49,64,65,1110,588,1.0436,526,568,23.69,50,"1,2,3,4,5,6,7,8",None,0,0
45,7/16/25 11:45,Pre-Puff,HP501,440,87,54,64,677,1069,0.9891,512,622,20.09,55,"1,2,3,4,5,6,7,8",None,0,0
46,7/16/25 11:45,Pre-Puff,HP501,440,62,53,64,1097,1119,0.9723,534,524,28.49,55,"1,2,3,4,5,6,7,8",None,0,0
47,7/16/25 11:45,Pre-Puff,HP501,440,62,54,66,905,726,1.0373,516,707,20.74,50,"1,2,3,4,5,6,7,8",None,0,0
48,7/16/25 11:46,Pre-Puff,HP501,440,43,54,65,831,801,1.0168,530,583,29.14,53,"1,2,3,4,5,6,7,8",None,0,0
49,7/16/25 11:46,Pre-Puff,HP501,440,46,57,64,787,725,1.0371,556,572,23.67,51,"1,2,3,4,5,6,7,8",None,0,0
50,7/16/25 11:46,Pre-Puff,HP501,440,47,54,64,675,757,0.9769,527,662,27.15,55,"1,2,3,4,5,6,7,8",None,0,0
51,7/16/25 11:46,Pre-Puff,HP501,440,99,55,64,1009,779,0.9781,592,600,21.03,55,"1,2,3,4,5,6,7,8",None,0,0
52,7/16/25 11:46,Pre-Puff,HP501,440,49,58,66,813,996,0.9964,578,621,29.74,50,"1,2,3,4,5,6,7,8",None,0,0
53,7/16/25 11:46,Pre-Puff,HP501,440,104,55,65,749,719,0.9948,543,731,29.94,52,"1,2,3,4,5,6,7,8",None,0,0
54,7/16/25 11:46,Pre-Puff,HP501,440,87,56,66,668,1033,1.0426,526,643,21.56,54,"1,2,3,4,5,6,7,8",None,0,0
55,7/16/25 11:46,Pre-Puff,HP501,440,79,55,65,809,1010,1.0005,545,547,22.22,50,"1,2,3,4,5,6,7,8",None,0,0
56,7/16/25 11:46,Pre-Puff,HP501,440,70,58,64,791,806,1.0387,579,724,20.29,52,"1,2,3,4,5,6,7,8",None,0,0
57,7/16/25 11:46,Pre-Puff,HP501,440,92,53,65,636,669,1.0138,527,663,22.77,53,"1,2,3,4,5,6,7,8",None,0,0
58,7/16/25 11:46,Pre-Puff,HP501,440,50,55,65,711,715,0.9893,606,518,25.2,55,"1,2,3,4,5,6,7,8",None,0,0
59,7/16/25 11:46,Pre-Puff,HP501,440,76,57,64,603,870,1.0417,530,540,21.16,55,"1,2,3,4,5,6,7,8",None,0,0
60,7/16/25 11:46,Pre-Puff,HP501,440,104,54,64,1042,955,0.9674,618,653,29.44,52,"1,2,3,4,5,6,7,8",None,0,0
61,7/16/25 11:46,Pre-Puff,HP501,440,82,57,67,1097,775,1.0471,587,677,25.95,55,"1,2,3,4,5,6,7,8",None,0,0
62,7/16/25 11:46,Pre-Puff,HP501,440,63,59,64,702,855,0.978,535,650,26.01,52,"1,2,3,4,5,6,7,8",None,0,0
63,7/16/25 11:46,Pre-Puff,HP501,440,52,57,65,749,875,1.0378,569,583,25.05,51,"1,2,3,4,5,6,7,8",None,0,0
64,7/16/25 11:46,Pre-Puff,HP501,440,98,55,65,1070,909,1.0106,536,611,27.99,54,"1,2,3,4,5,6,7,8",None,0,0
65,7/16/25 11:46,Pre-Puff,HP501,440,64,55,65,1003,696,1.0452,591,734,25.99,51,"1,2,3,4,5,6,7,8",None,0,0
66,7/16/25 11:46,Pre-Puff,HP501,440,88,59,66,782,889,1.0484,514,602,23.79,54,"1,2,3,4,5,6,7,8",None,0,0
67,7/16/25 11:46,Pre-Puff,HP501,440,107,56,66,924,1089,1.0416,543,712,22.67,55,"1,2,3,4,5,6,7,8",None,0,0
68,7/16/25 11:46,Pre-Puff,HP501,440,110,57,65,1141,674,1.0366,550,684,25.92,53,"1,2,3,4,5,6,7,8",None,0,0
69,7/16/25 11:46,Pre-Puff,HP501,440,63,58,67,1098,883,1.0421,560,540,26.02,55,"1,2,3,4,5,6,7,8",None,0,0
70,7/16/25 11:46,Pre-Puff,HP501,440,103,59,66,614,1025,1.0272,582,637,27.72,52,"1,2,3,4,5,6,7,8",None,0,0
71,7/16/25 11:46,Pre-Puff,HP501,440,46,58,66,864,825,1.0177,536,737,21.89,52,"1,2,3,4,5,6,7,8",None,0,0
72,7/16/25 11:47,Pre-Puff,HP501,440,96,47,49,603,880,1.0446,556,680,20.95,50,"1,2,3,4,5,6,7,8",None,0,0
73,7/16/25 11:47,Pre-Puff,HP501,440,56,59,71,727,681,0.9899,547,715,26.85,51,"1,2,3,4,5,6,7,8",None,0,0
74,7/16/25 11:47,Pre-Puff,HP501,440,103,60,69,754,808,0.9604,604,513,24.04,51,"1,2,3,4,5,6,7,8",None,0,0
75,7/16/25 11:47,Pre-Puff,HP501,440,98,58,70,742,978,1.0317,547,546,23.33,52,"1,2,3,4,5,6,7,8",None,0,0
76,7/16/25 11:47,Pre-Puff,HP501,440,67,63,68,929,1073,0.9866,568,605,27.32,54,"1,2,3,4,5,6,7,8",None,0,0
77,7/16/25 11:47,Pre-Puff,HP501,440,78,61,70,854,1080,0.9727,509,703,24.15,51,"1,2,3,4,5,6,7,8",None,0,0
78,7/16/25 11:47,Pre-Puff,HP501,440,74,59,67,585,804,0.978,570,712,27.44,50,"1,2,3,4,5,6,7,8",None,0,0
79,7/16/25 11:47,Pre-Puff,HP501,440,84,61,68,742,923,0.9622,614,529,29.93,54,"1,2,3,4,5,6,7,8",None,0,0
80,7/16/25 11:47,Pre-Puff,HP501,440,95,59,69,755,672,1.0499,535,637,25.54,53,"1,2,3,4,5,6,7,8",None,0,0
81,7/16/25 11:47,Pre-Puff,HP501,440,101,61,68,693,588,0.9848,605,560,27.78,53,"1,2,3,4,5,6,7,8",None,0,0
82,7/16/25 11:47,Pre-Puff,HP501,440,103,61,71,858,660,1.0282,589,702,26.17,53,"1,2,3,4,5,6,7,8",None,0,0
83,7/16/25 11:47,Pre-Puff,HP501,440,49,58,67,622,640,1.0053,560,738,21.84,53,"1,2,3,4,5,6,7,8",None,0,0
84,7/16/25 11:47,Pre-Puff,HP501,440,74,62,68,1040,602,0.9798,504,676,26.5,53,"1,2,3,4,5,6,7,8",None,0,0
85,7/16/25 11:47,Pre-Puff,HP501,440,40,59,68,609,918,0.9791,592,630,20.13,53,"1,2,3,4,5,6,7,8",None,0,0
86,7/16/25 11:47,Pre-Puff,HP501,440,98,58,67,663,848,0.9943,616,596,29.44,51,"1,2,3,4,5,6,7,8",None,0,0
87,7/16/25 11:47,Pre-Puff,HP501,440,44,59,71,622,749,1.0137,535,540,25.05,50,"1,2,3,4,5,6,7,8",None,0,0
88,7/16/25 11:47,Pre-Puff,HP501,440,71,62,68,973,650,1.0155,570,667,24.71,50,"1,2,3,4,5,6,7,8",None,0,0
89,7/16/25 11:47,Pre-Puff,HP501,440,108,60,70,1076,714,1.0374,583,571,27.41,54,"1,2,3,4,5,6,7,8",None,0,0
90,7/16/25 11:47,Pre-Puff,HP501,440,61,62,67,591,678,0.9868,552,660,22.45,53,"1,2,3,4,5,6,7,8",None,0,0
91,7/16/25 11:47,Pre-Puff,HP501,440,75,60,67,681,1048,1.0142,514,542,21.42,54,"1,2,3,4,5,6,7,8",None,0,0
92,7/16/25 11:47,Pre-Puff,HP501,440,84,57,68,812,1088,0.989,529,697,27.17,54,"1,2,3,4,5,6,7,8",None,0,0
93,7/16/25 11:47,Pre-Puff,HP501,440,54,60,69,916,1147,1.0125,516,653,22.95,53,"1,2,3,4,5,6,7,8",None,0,0
94,7/16/25 11:47,Pre-Puff,HP501,440,92,59,69,900,691,0.9738,620,667,28.07,50,"1,2,3,4,5,6,7,8",None,0,0
95,7/16/25 11:48,Pre-Puff,HP503,40,53,59,70,928,991,1.0298,573,541,28.2,51,"1,2,3,4,5,6,7,8",None,0,0
96,7/16/25 11:48,Pre-Puff,HP503,50,104,62,68,873,656,1.0011,520,730,27.14,51,"1,2,3,4,5,6,7,8",None,0,0
97,7/16/25 11:48,Pre-Puff,HP503,60,93,62,72,786,676,0.9921,582,575,27.27,52,"1,2,3,4,5,6,7,8",None,0,0
98,7/16/25 11:48,Pre-Puff,HP503,70,111,61,72,789,1067,0.9803,566,629,29.07,50,"1,2,3,4,5,6,7,8",None,0,0
99,7/16/25 11:48,Pre-Puff,HP503,80,87,64,68,704,1039,0.9811,583,730,28.28,52,"1,2,3,4,5,6,7,8",None,0,0
100,7/16/25 11:48,Pre-Puff,HP503,90,43,60,70,672,1143,1.0048,544,537,29.21,55,"1,2,3,4,5,6,7,8",None,0,0
101,7/16/25 11:48,Pre-Puff,HP503,100,51,62,67,946,649,0.9614,578,700,21.31,52,"1,2,3,4,5,6,7,8",None,0,0
102,7/16/25 11:48,Pre-Puff,HP503,110,64,61,67,887,1130,0.9715,602,658,29.8,51,"1,2,3,4,5,6,7,8",None,0,0
103,7/16/25 11:48,Pre-Puff,HP503,120,72,62,69,1088,1071,1.0055,555,725,21.29,55,"1,2,3,4,5,6,7,8",None,0,0
104,7/16/25 11:48,Pre-Puff,HP503,130,59,60,69,945,852,0.9802,589,725,23.7,55,"1,2,3,4,5,6,7,8",None,0,0
105,7/16/25 11:48,Pre-Puff,HP503,140,79,59,69,1016,1002,0.9739,526,531,21.66,54,"1,2,3,4,5,6,7,8",None,0,0
106,7/16/25 11:48,Pre-Puff,HP503,150,60,62,68,688,967,0.9757,610,635,25.01,53,"1,2,3,4,5,6,7,8",None,0,0
107,7/16/25 11:48,Pre-Puff,HP503,160,86,61,70,620,791,1.0033,505,547,25.2,52,"1,2,3,4,5,6,7,8",None,0,0
108,7/16/25 11:48,Pre-Puff,HP503,170,54,61,71,1065,743,0.9799,573,705,20.3,53,"1,2,3,4,5,6,7,8",None,0,0
109,7/16/25 11:48,Pre-Puff,HP503,180,92,61,70,923,1075,1.0127,584,724,28.76,53,"1,2,3,4,5,6,7,8",None,0,0
110,7/16/25 11:48,Pre-Puff,HP503,190,55,61,69,712,932,1.0426,503,568,21.46,55,"1,2,3,4,5,6,7,8",None,0,0
111,7/16/25 11:48,Pre-Puff,HP503,200,71,49,59,1142,977,1.0397,587,514,22.55,55,"1,2,3,4,5,6,7,8",None,0,0
112,7/16/25 11:48,Pre-Puff,HP503,210,55,62,70,999,1013,1.0025,584,546,26.31,50,"1,2,3,4,5,6,7,8",None,0,0
113,7/16/25 11:48,Pre-Puff,HP503,220,73,59,69,784,598,0.9774,505,681,21.14,55,"1,2,3,4,5,6,7,8",None,0,0
114,7/16/25 11:48,Pre-Puff,HP503,230,62,64,71,779,632,1.0328,578,607,29.67,55,"1,2,3,4,5,6,7,8",None,0,0
115,7/16/25 11:48,Pre-Puff,HP503,240,57,62,69,671,810,1.0239,542,666,26.05,55,"1,2,3,4,5,6,7,8",None,0,0
116,7/16/25 11:48,Pre-Puff,HP503,250,49,62,70,859,951,0.9864,605,604,25.15,50,"1,2,3,4,5,6,7,8",None,0,0
117,7/16/25 11:48,Pre-Puff,HP503,260,104,59,70,804,881,0.9919,527,599,21.83,52,"1,2,3,4,5,6,7,8",None,0,0
118,7/16/25 11:48,Pre-Puff,HP503,270,63,61,71,1076,826,0.9666,569,558,21.44,50,"1,2,3,4,5,6,7,8",None,0,0
119,7/16/25 11:49,Pre-Puff,HP503,280,113,61,70,932,947,1.0229,529,657,23.75,55,"1,2,3,4,5,6,7,8",None,0,0
120,7/16/25 11:49,Pre-Puff,HP503,290,88,61,69,741,594,1.0126,537,716,26.94,51,"1,2,3,4,5,6,7,8",None,0,0
121,7/16/25 11:49,Pre-Puff,HP503,300,86,62,70,684,1030,1.0076,540,677,22.51,54,"1,2,3,4,5,6,7,8",None,0,0
122,7/16/25 11:49,Pre-Puff,HP503,310,80,62,70,1017,933,1.0483,521,524,27.44,52,"1,2,3,4,5,6,7,8",None,0,0
123,7/16/25 11:49,Pre-Puff,HP503,320,101,61,71,637,716,1.0125,570,715,27.47,54,"1,2,3,4,5,6,7,8",None,0,0
124,7/16/25 11:49,Pre-Puff,HP503,330,109,62,70,1113,1073,0.9685,617,570,28.68,50,"1,2,3,4,5,6,7,8",None,0,0
125,7/16/25 11:49,Pre-Puff,HP503,340,82,62,69,886,967,0.9843,585,733,24.78,54,"1,2,3,4,5,6,7,8",None,0,0
126,7/16/25 11:49,Pre-Puff,HP503,350,100,62,69,1080,622,0.9727,531,734,23.51,54,"1,2,3,4,5,6,7,8",None,0,0
127,7/16/25 11:49,Pre-Puff,HP503,360,75,62,70,986,829,1.0351,600,563,26.24,53,"1,2,3,4,5,6,7,8",None,0,0
128,7/16/25 11:49,Pre-Puff,HP503,370,82,63,71,804,1028,0.9771,575,702,22.32,50,"1,2,3,4,5,6,7,8",None,0,0
129,7/16/25 11:49,Pre-Puff,HP503,380,46,63,71,781,1010,0.9662,538,716,20.85,52,"1,2,3,4,5,6,7,8",None,0,0
130,7/16/25 11:49,Pre-Puff,HP503,390,116,62,69,1025,1087,1.002,593,643,20.82,54,"1,2,3,4,5,6,7,8",None,0,0
131,7/16/25 11:49,Pre-Puff,HP503,400,40,60,71,623,749,0.9742,575,534,22.51,55,"1,2,3,4,5,6,7,8",None,0,0
132,7/16/25 11:49,Pre-Puff,HP503,410,101,63,70,636,748,1.0245,522,580,21.14,52,"1,2,3,4,5,6,7,8",None,0,0
133,7/16/25 11:49,Pre-Puff,HP503,420,113,64,69,920,1104,1.0224,534,738,21.66,54,"1,2,3,4,5,6,7,8",None,0,0
134,7/16/25 11:49,Pre-Puff,HP503,430,49,61,70,1010,968,1.0064,557,738,21.81,51,"1,2,3,4,5,6,7,8",None,0,0
135,7/16/25 11:49,Pre-Puff,HP503,440,111,64,69,608,1117,1.0047,575,562,22.24,50,"1,2,3,4,5,6,7,8",None,0,0
136,7/16/25 11:49,Pre-Puff,HP503,440,80,48,59,587,798,1.0112,548,540,24.12,50,"1,2,3,4,5,6,7,8",None,0,0
137,7/16/25 11:49,Pre-Puff,HP503,440,61,62,70,711,718,0.9758,597,624,26.9,50,"1,2,3,4,5,6,7,8",None,0,0
138,7/16/25 11:49,Pre-Puff,HP503,440,97,62,72,1018,1104,1.0379,531,621,29.96,54,"1,2,3,4,5,6,7,8",None,0,0
139,7/16/25 11:49,Pre-Puff,HP503,440,94,62,51,973,842,0.9781,591,645,27.9,52,"1,2,3,4,5,6,7,8",None,0,0
140,7/16/25 11:49,Pre-Puff,HP503,440,103,63,71,854,733,1.0072,605,636,25.69,51,"1,2,3,4,5,6,7,8",None,0,0
141,7/16/25 11:49,Pre-Puff,HP503,440,58,63,70,775,981,1.0203,604,683,28.33,52,"1,2,3,4,5,6,7,8",None,0,0
142,7/16/25 11:49,Pre-Puff,HP503,440,59,64,70,997,833,1.0424,615,720,29.63,55,"1,2,3,4,5,6,7,8",None,0,0
143,7/16/25 11:50,Pre-Puff,HP503,440,113,63,73,909,1148,1.0042,561,689,21.75,53,"1,2,3,4,5,6,7,8",None,0,0
144,7/16/25 11:50,Pre-Puff,HP503,440,103,64,72,747,837,1.0002,547,694,27.18,55,"1,2,3,4,5,6,7,8",None,0,0
145,7/16/25 11:50,Pre-Puff,HP503,440,56,64,69,854,678,1.0237,571,550,27.32,52,"1,2,3,4,5,6,7,8",None,0,0
146,7/16/25 11:50,Pre-Puff,HP503,440,59,62,72,945,784,0.9992,613,740,27.17,51,"1,2,3,4,5,6,7,8",None,0,0
147,7/16/25 11:50,Pre-Puff,HP503,440,75,63,75,1075,1119,0.9742,523,504,22.44,54,"1,2,3,4,5,6,7,8",None,0,0
148,7/16/25 11:50,Pre-Puff,HP503,440,100,63,70,963,637,0.9631,596,623,25.75,53,"1,2,3,4,5,6,7,8",None,0,0
149,7/16/25 11:50,Pre-Puff,HP503,440,115,49,59,588,676,0.9886,579,738,24.64,53,"1,2,3,4,5,6,7,8",None,0,0
150,7/16/25 11:50,Pre-Puff,HP503,440,105,64,71,1074,1096,0.9989,599,667,21.75,50,"1,2,3,4,5,6,7,8",None,0,0
151,7/16/25 11:50,Pre-Puff,HP503,440,80,64,71,954,615,0.997,608,561,29.42,51,"1,2,3,4,5,6,7,8",None,0,0
152,7/16/25 11:50,Pre-Puff,HP503,440,48,62,71,996,835,1.0342,509,673,30,50,"1,2,3,4,5,6,7,8",None,0,0
153,7/16/25 11:50,Pre-Puff,HP503,440,88,62,71,636,905,1.0378,537,622,23.01,55,"1,2,3,4,5,6,7,8",None,0,0
154,7/16/25 11:50,Pre-Puff,HP503,440,63,64,70,1087,644,0.9964,534,567,23.82,51,"1,2,3,4,5,6,7,8",None,0,0
155,7/16/25 11:50,Pre-Puff,HP503,440,74,62,71,1124,696,0.9748,583,704,28.77,55,"1,2,3,4,5,6,7,8",None,0,0
156,7/16/25 11:50,Pre-Puff,HP503,440,59,64,70,781,825,1.0038,571,711,26.85,53,"1,2,3,4,5,6,7,8",None,0,0
157,7/16/25 11:50,Pre-Puff,HP503,440,66,62,72,706,997,1.0203,590,603,20.25,50,"1,2,3,4,5,6,7,8",None,0,0
158,7/16/25 11:50,Pre-Puff,HP503,440,98,63,70,960,844,1.0092,554,684,22.17,54,"1,2,3,4,5,6,7,8",None,0,0
159,7/16/25 11:50,Pre-Puff,HP503,440,67,63,71,1034,1033,0.9833,532,703,29.51,50,"1,2,3,4,5,6,7,8",None,0,0
160,7/16/25 11:50,Pre-Puff,HP503,440,68,63,71,766,888,0.987,506,612,25.95,51,"1,2,3,4,5,6,7,8",None,0,0
161,7/16/25 11:50,Pre-Puff,HP503,440,46,62,70,745,763,1.046,594,583,29.53,50,"1,2,3,4,5,6,7,8",None,0,0
162,7/16/25 11:50,Pre-Puff,HP503,440,49,64,71,1032,897,1.0037,526,505,20.77,50,"1,2,3,4,5,6,7,8",None,0,0
163,7/16/25 11:50,Pre-Puff,HP503,440,102,62,73,1121,1021,1.0298,617,607,24.94,55,"1,2,3,4,5,6,7,8",None,0,0
164,7/16/25 11:50,Pre-Puff,HP503,440,91,61,69,1126,751,0.9948,568,569,27.46,52,"1,2,3,4,5,6,7,8",None,0,0
165,7/16/25 11:50,Pre-Puff,HP503,440,70,62,74,658,883,1.0182,510,575,26.07,54,"1,2,3,4,5,6,7,8",None,0,0
166,7/16/25 11:50,Pre-Puff,HP503,440,81,64,75,766,1011,0.9883,578,573,26.79,53,"1,2,3,4,5,6,7,8",None,0,0
167,7/16/25 11:51,Pre-Puff,HP503,440,68,62,74,654,881,1.0124,584,571,25.16,54,"1,2,3,4,5,6,7,8",None,0,0
168,7/16/25 11:51,Pre-Puff,HP503,440,88,63,91,827,710,0.9999,569,630,21.46,55,"1,2,3,4,5,6,7,8",None,0,0
169,7/16/25 11:51,Pre-Puff,HP503,440,84,63,73,1085,957,1.0063,619,570,22.87,53,"1,2,3,4,5,6,7,8",None,0,0
170,7/16/25 11:51,Pre-Puff,HP503,440,76,48,71,1117,1103,0.9755,559,660,21.52,55,"1,2,3,4,5,6,7,8",None,0,0
171,7/16/25 11:51,Pre-Puff,HP503,440,70,63,74,1072,797,0.9641,581,614,29.55,50,"1,2,3,4,5,6,7,8",None,0,0
172,7/16/25 11:51,Pre-Puff,HP503,440,47,57,74,585,591,0.9927,569,614,22.22,53,"1,2,3,4,5,6,7,8",None,0,0
173,7/16/25 11:51,Pre-Puff,HP503,440,91,64,70,923,909,0.9961,583,740,26.36,55,"1,2,3,4,5,6,7,8",None,0,0
174,7/16/25 11:51,Pre-Puff,HP503,440,58,64,71,1133,968,0.9674,511,729,20.34,50,"1,2,3,4,5,6,7,8",None,0,0
175,7/16/25 11:51,Pre-Puff,HP503,440,78,64,73,897,721,0.9801,601,647,27.98,50,"1,2,3,4,5,6,7,8",None,0,0
176,7/16/25 11:51,Pre-Puff,HP503,440,74,63,71,971,736,1.0277,559,685,23.26,52,"1,2,3,4,5,6,7,8",None,0,0
177,7/16/25 11:51,Pre-Puff,HP503,440,81,63,75,869,616,0.9737,539,635,20.55,53,"1,2,3,4,5,6,7,8",None,0,0
178,7/16/25 11:51,Pre-Puff,HP503,440,90,64,71,985,850,0.9881,607,592,21.65,51,"1,2,3,4,5,6,7,8",None,0,0
179,7/16/25 11:51,Pre-Puff,HP503,440,62,64,71,659,876,1.0118,563,579,20.48,55,"1,2,3,4,5,6,7,8",None,0,0
180,7/16/25 11:51,Pre-Puff,HP503,440,60,63,74,600,983,1.001,620,548,26.53,53,"1,2,3,4,5,6,7,8",None,0,0
181,7/16/25 11:51,Pre-Puff,HP503,440,56,64,73,699,819,1.0275,527,503,26.2,51,"1,2,3,4,5,6,7,8",None,0,0
182,7/16/25 11:51,Pre-Puff,HP503,440,72,63,73,904,891,1.0391,565,706,29.11,50,"1,2,3,4,5,6,7,8",None,0,0
183,7/16/25 11:51,Pre-Puff,HP503,440,105,64,73,612,937,1.0097,523,518,24.77,54,"1,2,3,4,5,6,7,8",None,0,0
184,7/16/25 11:51,Pre-Puff,HP503,440,86,63,74,723,1004,1.0129,607,529,23.26,54,"1,2,3,4,5,6,7,8",None,0,0
185,7/16/25 11:51,Pre-Puff,HP503,440,77,64,74,893,1028,0.9888,502,644,29.12,54,"1,2,3,4,5,6,7,8",None,0,0
186,7/16/25 11:51,Pre-Puff,HP503,440,77,63,71,752,809,1.0291,528,701,22.85,52,"1,2,3,4,5,6,7,8",None,0,0
187,7/16/25 11:51,Pre-Puff,HP503,440,42,64,74,935,692,1.0263,543,700,23.62,51,"1,2,3,4,5,6,7,8",None,0,0
188,7/16/25 11:51,Pre-Puff,HP503,440,116,64,71,1002,754,1.0367,577,563,21.82,51,"1,2,3,4,5,6,7,8",None,0,0
189,7/16/25 11:51,Pre-Puff,HP503,440,46,64,71,1100,783,1.0149,557,685,26.55,55,"1,2,3,4,5,6,7,8",None,0,0
190,7/16/25 11:51,Pre-Puff,HP503,440,42,64,71,974,1009,1.049,616,516,23.03,55,"1,2,3,4,5,6,7,8",None,0,0
191,7/16/25 11:52,Pre-Puff,HP503,440,56,64,73,619,735,1.0217,547,713,22.38,51,"1,2,3,4,5,6,7,8",None,0,0
192,7/16/25 11:52,Pre-Puff,HP503,440,46,64,74,895,1042,0.9921,551,503,20.56,53,"1,2,3,4,5,6,7,8",None,0,0
193,7/16/25 11:52,Pre-Puff,HP503,440,111,63,73,738,901,0.9611,590,564,21.02,52,"1,2,3,4,5,6,7,8",None,0,0
194,7/16/25 11:52,Pre-Puff,HP503,440,91,64,70,1134,741,1.0223,555,717,25.88,55,"1,2,3,4,5,6,7,8",None,0,0
195,7/16/25 11:52,Pre-Puff,HP503,440,58,64,71,849,947,1.0139,575,717,24.48,54,"1,2,3,4,5,6,7,8",None,0,0
196,7/16/25 11:52,Pre-Puff,HP503,440,73,63,70,679,909,1.0119,591,613,23.43,50,"1,2,3,4,5,6,7,8",None,0,0
197,7/16/25 11:52,Pre-Puff,HP503,440,60,63,71,611,759,1.0471,609,581,28.42,50,"1,2,3,4,5,6,7,8",None,0,0
198,7/16/25 11:52,Pre-Puff,HP503,440,109,64,74,1143,791,1.0008,594,635,21.03,53,"1,2,3,4,5,6,7,8",None,0,0
199,7/16/25 11:52,Pre-Puff,HP503,440,76,64,74,899,1078,0.9688,540,610,24.16,54,"1,2,3,4,5,6,7,8",None,0,0
200,7/16/25 11:52,Pre-Puff,HP503,440,103,64,73,908,627,0.9801,616,726,25.5,53,"1,2,3,4,5,6,7,8",None,0,0
201,7/16/25 11:52,Pre-Puff,HP503,440,103,63,75,933,895,1.0132,516,588,20.73,50,"1,2,3,4,5,6,7,8",None,0,0
202,7/16/25 11:52,Pre-Puff,HP503,440,46,64,74,960,791,0.9997,612,650,25.04,51,"1,2,3,4,5,6,7,8",None,0,0
203,7/16/25 11:52,Pre-Puff,HP503,440,77,64,74,716,584,1.032,528,608,23.81,51,"1,2,3,4,5,6,7,8",None,0,0
204,7/16/25 11:52,Pre-Puff,HP503,440,110,64,76,597,981,1.0201,617,581,25.05,55,"1,2,3,4,5,6,7,8",None,0,0
205,7/16/25 11:52,Pre-Puff,HP503,440,95,64,73,663,742,0.9752,562,636,27.98,55,"1,2,3,4,5,6,7,8",None,0,0
206,7/16/25 11:52,Pre-Puff,HP503,440,89,64,71,889,1070,1.0209,592,670,24.26,54,"1,2,3,4,5,6,7,8",None,0,0
207,7/16/25 11:52,Pre-Puff,HP503,440,85,64,71,1030,975,1.0027,565,722,26.14,51,"1,2,3,4,5,6,7,8",None,0,0
208,7/16/25 11:52,Pre-Puff,HP503,440,40,64,74,1002,929,0.9662,553,706,21.08,55,"1,2,3,4,5,6,7,8",None,0,0
209,7/16/25 11:52,Pre-Puff,HP503,440,82,64,71,1077,1057,1.0075,581,716,27.56,54,"1,2,3,4,5,6,7,8",None,0,0
210,7/16/25 11:52,Pre-Puff,HP503,440,70,63,75,677,627,1.0137,516,630,25.71,52,"1,2,3,4,5,6,7,8",None,0,0
211,7/16/25 11:52,Pre-Puff,HP503,440,77,64,71,907,1141,1.0325,554,717,22.57,55,"1,2,3,4,5,6,7,8",None,0,0
212,7/16/25 11:52,Pre-Puff,HP503,440,64,63,74,945,987,0.9715,618,596,29.78,50,"1,2,3,4,5,6,7,8",None,0,0
213,7/16/25 11:52,Pre-Puff,HP503,440,103,63,73,645,901,1.0353,615,713,20.44,50,"1,2,3,4,5,6,7,8",None,0,0
214,7/16/25 11:53,Pre-Puff,HP503,440,83,64,74,1064,716,1.0389,553,737,20.65,54,"1,2,3,4,5,6,7,8",None,0,0
215,7/16/25 11:53,Pre-Puff,HP503,440,105,64,73,1008,842,1.043,604,702,27.69,53,"1,2,3,4,5,6,7,8",None,0,0
216,7/16/25 11:53,Pre-Puff,HP503,440,70,64,75,1010,1149,1.0151,591,515,23.43,53,"1,2,3,4,5,6,7,8",None,0,0
217,7/16/25 11:53,Pre-Puff,HP503,440,50,48,59,972,1127,1.0365,541,535,23.75,55,"1,2,3,4,5,6,7,8",None,0,0
218,7/16/25 11:53,Pre-Puff,HP503,440,73,64,74,958,707,1.0331,537,614,23.91,54,"1,2,3,4,5,6,7,8",None,0,0
219,7/16/25 11:53,Pre-Puff,HP503,440,89,64,72,877,593,0.9827,583,668,23.72,51,"1,2,3,4,5,6,7,8",None,0,0
220,7/16/25 11:53,Pre-Puff,HP503,440,40,64,71,786,882,0.9854,553,668,21.4,51,"1,2,3,4,5,6,7,8",None,0,0
221,7/16/25 11:53,Pre-Puff,HP503,440,58,64,75,881,1092,1.0035,521,601,21.73,50,"1,2,3,4,5,6,7,8",None,0,0
222,7/16/25 11:53,Pre-Puff,HP503,440,88,64,71,770,1033,1.0035,584,598,29.2,53,"1,2,3,4,5,6,7,8",None,0,0
223,7/16/25 11:53,Pre-Puff,HP503,440,89,52,52,745,746,1.0165,611,500,26.95,53,"1,2,3,4,5,6,7,8",None,0,0
224,7/16/25 11:53,Pre-Puff,HP503,440,111,64,74,1145,643,0.9956,523,699,23,53,"1,2,3,4,5,6,7,8",None,0,0
225,7/16/25 11:53,Pre-Puff,HP503,440,75,64,71,770,655,0.9857,510,573,26.13,54,"1,2,3,4,5,6,7,8",None,0,0
226,7/16/25 12:15,Puff,HP501,40,83,124,107,1252,1205,0.9873,544,700,26.46,55,"1,2,3,4,5,6,7,8",Toluene,5,12
227,7/16/25 12:15,Puff,HP501,50,85,127,107,1075,1405,0.9897,656,798,29.93,53,"1,2,3,4,5,6,7,8",Toluene,5,12
228,7/16/25 12:15,Puff,HP501,60,109,135,127,1363,1168,0.9866,509,736,29.55,55,"1,2,3,4,5,6,7,8",Toluene,5,12
229,7/16/25 12:15,Puff,HP501,70,103,110,128,768,1358,0.9679,520,661,29.95,53,"1,2,3,4,5,6,7,8",Toluene,5,12
230,7/16/25 12:15,Puff,HP501,80,116,127,119,1110,1346,0.9669,552,702,29.46,54,"1,2,3,4,5,6,7,8",Toluene,5,12
231,7/16/25 12:15,Puff,HP501,90,57,126,102,1423,778,0.9845,665,757,29.25,53,"1,2,3,4,5,6,7,8",Toluene,5,12
232,7/16/25 12:15,Puff,HP501,100,51,107,112,1273,860,0.9992,573,642,26.82,51,"1,2,3,4,5,6,7,8",Toluene,5,12
233,7/16/25 12:15,Puff,HP501,110,53,136,129,727,1342,0.9694,718,648,20.36,52,"1,2,3,4,5,6,7,8",Toluene,5,12
234,7/16/25 12:15,Puff,HP501,120,41,125,127,1425,1234,0.9738,532,684,23.88,52,"1,2,3,4,5,6,7,8",Toluene,5,12
235,7/16/25 12:15,Puff,HP501,130,66,128,133,1305,1374,0.9891,628,621,27.8,54,"1,2,3,4,5,6,7,8",Toluene,5,12
236,7/16/25 12:15,Puff,HP501,140,114,120,129,1346,1235,0.9917,650,637,29.05,55,"1,2,3,4,5,6,7,8",Toluene,5,12
237,7/16/25 12:15,Puff,HP501,150,114,108,113,719,1078,0.9866,629,696,28.8,53,"1,2,3,4,5,6,7,8",Toluene,5,12
238,7/16/25 12:16,Puff,HP501,160,75,106,128,1211,1200,0.9763,515,710,21.28,55,"1,2,3,4,5,6,7,8",Toluene,5,12
239,7/16/25 12:16,Puff,HP501,170,101,127,125,1159,1318,0.9876,702,675,28.59,54,"1,2,3,4,5,6,7,8",Toluene,5,12
240,7/16/25 12:16,Puff,HP501,180,71,130,135,1341,890,0.9734,645,771,25.2,52,"1,2,3,4,5,6,7,8",Toluene,5,12
241,7/16/25 12:16,Puff,HP501,190,46,135,118,712,976,0.9671,608,751,23.04,52,"1,2,3,4,5,6,7,8",Toluene,5,12
242,7/16/25 12:16,Puff,HP501,200,77,128,115,730,872,0.9924,692,787,24.03,52,"1,2,3,4,5,6,7,8",Toluene,5,12
243,7/16/25 12:16,Puff,HP501,210,60,125,107,1307,1126,0.9934,669,655,26.51,54,"1,2,3,4,5,6,7,8",Toluene,5,12
244,7/16/25 12:16,Puff,HP501,220,69,132,110,989,939,0.991,590,664,22.92,53,"1,2,3,4,5,6,7,8",Toluene,5,12
245,7/16/25 12:16,Puff,HP501,230,51,120,134,1198,1228,0.9991,604,775,21.29,52,"1,2,3,4,5,6,7,8",Toluene,5,12
246,7/16/25 12:16,Puff,HP501,240,51,103,117,900,773,0.9803,717,656,28.45,51,"1,2,3,4,5,6,7,8",Toluene,5,12
247,7/16/25 12:16,Puff,HP501,250,85,120,120,1421,899,0.9811,529,662,26.22,54,"1,2,3,4,5,6,7,8",Toluene,5,12
248,7/16/25 12:16,Puff,HP501,260,73,134,119,1080,1115,0.9842,647,678,29.96,51,"1,2,3,4,5,6,7,8",Toluene,5,12
249,7/16/25 12:16,Puff,HP501,270,89,118,135,754,1427,0.9966,604,637,20.12,54,"1,2,3,4,5,6,7,8",Toluene,5,12
250,7/16/25 12:16,Puff,HP501,280,96,123,124,969,1227,0.9938,527,637,23.45,55,"1,2,3,4,5,6,7,8",Toluene,5,12
251,7/16/25 12:16,Puff,HP501,290,113,130,116,939,718,0.9929,596,708,27.96,55,"1,2,3,4,5,6,7,8",Toluene,5,12
252,7/16/25 12:16,Puff,HP501,300,108,124,127,921,1108,0.9674,500,736,26.11,55,"1,2,3,4,5,6,7,8",Toluene,5,12
253,7/16/25 12:16,Puff,HP501,310,83,127,122,1316,1280,0.9891,602,653,24.67,55,"1,2,3,4,5,6,7,8",Toluene,5,12
254,7/16/25 12:16,Puff,HP501,320,63,107,109,896,1018,0.9844,714,742,25.3,52,"1,2,3,4,5,6,7,8",Toluene,5,12
255,7/16/25 12:16,Puff,HP501,330,70,105,109,1052,1332,0.9797,587,666,27.13,50,"1,2,3,4,5,6,7,8",Toluene,5,12
256,7/16/25 12:16,Puff,HP501,340,68,129,108,1199,1171,0.9748,672,722,27.77,53,"1,2,3,4,5,6,7,8",Toluene,5,12
257,7/16/25 12:16,Puff,HP501,350,68,107,126,1185,1451,0.9693,550,758,25.15,50,"1,2,3,4,5,6,7,8",Toluene,5,12
258,7/16/25 12:16,Puff,HP501,360,67,131,106,798,1312,0.9882,632,748,23.19,50,"1,2,3,4,5,6,7,8",Toluene,5,10
259,7/16/25 12:16,Puff,HP501,370,114,111,106,1402,1447,0.9866,553,651,20.91,50,"1,2,3,4,5,6,7,8",Toluene,5,10
260,7/16/25 12:16,Puff,HP501,380,96,106,116,1212,1038,0.9906,653,788,22.51,54,"1,2,3,4,5,6,7,8",Toluene,5,10
261,7/16/25 12:16,Puff,HP501,390,92,105,110,1254,722,0.9737,516,785,26.54,50,"1,2,3,4,5,6,7,8",Toluene,5,10
262,7/16/25 12:17,Puff,HP501,400,79,105,114,924,941,0.9692,616,737,29.84,52,"1,2,3,4,5,6,7,8",Toluene,5,10
263,7/16/25 12:17,Puff,HP501,410,40,123,114,1514,1138,0.9859,700,713,26.91,55,"1,2,3,4,5,6,7,8",Toluene,5,10
264,7/16/25 12:17,Puff,HP501,420,111,126,120,1012,1026,0.9733,657,707,23.96,52,"1,2,3,4,5,6,7,8",Toluene,5,10
265,7/16/25 12:17,Puff,HP501,430,51,125,126,1437,992,0.9889,667,677,22.78,50,"1,2,3,4,5,6,7,8",Toluene,5,10
266,7/16/25 12:17,Puff,HP501,440,111,123,121,1536,718,0.998,567,681,21.26,50,"1,2,3,4,5,6,7,8",Toluene,5,10
267,7/16/25 12:17,Puff,HP501,440,64,105,102,920,959,0.9749,645,798,25.69,54,"1,2,3,4,5,6,7,8",Toluene,5,10
268,7/16/25 12:17,Puff,HP501,440,59,129,118,1315,935,0.9889,574,776,23.92,53,"1,2,3,4,5,6,7,8",Toluene,5,10
269,7/16/25 12:17,Puff,HP501,440,82,130,111,1346,1418,0.9743,536,780,21.57,55,"1,2,3,4,5,6,7,8",Toluene,5,10
270,7/16/25 12:17,Puff,HP501,440,48,110,122,897,1148,0.9845,617,703,26.32,52,"1,2,3,4,5,6,7,8",Toluene,5,10
271,7/16/25 12:17,Puff,HP501,440,58,123,109,819,1389,0.9798,684,783,28.28,54,"1,2,3,4,5,6,7,8",Toluene,5,10
272,7/16/25 12:17,Puff,HP501,440,40,116,121,919,835,0.9752,642,686,28.05,51,"1,2,3,4,5,6,7,8",Toluene,5,10
273,7/16/25 12:17,Puff,HP501,440,49,129,125,1224,761,0.986,586,660,28.97,51,"1,2,3,4,5,6,7,8",Toluene,5,10
274,7/16/25 12:17,Puff,HP501,440,94,132,120,1083,831,0.9697,649,688,26.88,53,"1,2,3,4,5,6,7,8",Toluene,5,10
275,7/16/25 12:17,Puff,HP501,440,103,109,113,842,1120,0.9688,667,762,27.95,53,"1,2,3,4,5,6,7,8",Toluene,5,10
276,7/16/25 12:17,Puff,HP501,440,86,118,118,1393,1240,0.9876,538,650,20.6,54,"1,2,3,4,5,6,7,8",Toluene,5,10
277,7/16/25 12:17,Puff,HP501,440,75,133,126,1141,1095,0.9799,569,770,21.37,52,"1,2,3,4,5,6,7,8",Toluene,5,10
278,7/16/25 12:17,Puff,HP501,440,41,136,125,1493,889,0.9738,702,647,26.35,55,"1,2,3,4,5,6,7,8",Toluene,5,10
279,7/16/25 12:17,Puff,HP501,440,62,113,110,969,970,0.9954,612,646,25.2,51,"1,2,3,4,5,6,7,8",Toluene,5,10
280,7/16/25 12:17,Puff,HP501,440,75,119,115,1110,1135,0.9816,647,666,26.76,51,"1,2,3,4,5,6,7,8",Toluene,5,10
281,7/16/25 12:17,Puff,HP501,440,108,112,134,1002,1097,0.9765,641,637,20.33,51,"1,2,3,4,5,6,7,8",Toluene,5,10
282,7/16/25 12:17,Puff,HP501,440,101,134,133,759,905,0.994,546,797,28.03,51,"1,2,3,4,5,6,7,8",Toluene,5,10
283,7/16/25 12:17,Puff,HP501,440,87,111,115,932,1331,0.9843,679,669,28.78,54,"1,2,3,4,5,6,7,8",Toluene,5,10
284,7/16/25 12:17,Puff,HP501,440,71,109,127,928,1430,0.9855,681,630,20.99,50,"1,2,3,4,5,6,7,8",Toluene,5,10
285,7/16/25 12:18,Puff,HP501,440,112,123,116,984,839,0.9716,587,707,26.87,53,"1,2,3,4,5,6,7,8",Toluene,5,10
286,7/16/25 12:18,Puff,HP501,440,113,102,125,1246,1347,0.9814,650,716,20.72,55,"1,2,3,4,5,6,7,8",Toluene,5,10
287,7/16/25 12:18,Puff,HP501,440,40,126,130,1218,732,0.9978,669,621,22.77,54,"1,2,3,4,5,6,7,8",Toluene,5,10
288,7/16/25 12:18,Puff,HP501,440,82,133,123,1137,1026,0.9824,554,754,24.92,53,"1,2,3,4,5,6,7,8",Toluene,5,10
289,7/16/25 12:18,Puff,HP501,440,81,113,116,1250,950,0.9698,665,694,20.12,55,"1,2,3,4,5,6,7,8",Toluene,5,10
290,7/16/25 12:18,Puff,HP501,440,93,109,133,1034,1223,0.9768,578,793,23.39,55,"1,2,3,4,5,6,7,8",Toluene,5,10
291,7/16/25 12:18,Puff,HP501,440,62,120,110,1399,1325,0.9733,572,657,24.83,53,"1,2,3,4,5,6,7,8",Toluene,5,3
292,7/16/25 12:18,Puff,HP501,440,65,133,125,1003,794,0.9775,676,649,24.87,54,"1,2,3,4,5,6,7,8",Toluene,5,3
293,7/16/25 12:18,Puff,HP501,440,70,104,126,1376,853,0.9717,535,779,21.7,52,"1,2,3,4,5,6,7,8",Toluene,5,3
294,7/16/25 12:18,Puff,HP501,440,48,132,131,732,1063,0.9682,587,693,30,52,"1,2,3,4,5,6,7,8",Toluene,5,3
295,7/16/25 12:18,Puff,HP501,440,89,126,113,950,1042,0.9769,553,795,23.36,54,"1,2,3,4,5,6,7,8",Toluene,5,3
296,7/16/25 12:18,Puff,HP501,440,51,114,129,1010,883,0.9728,683,675,23.44,55,"1,2,3,4,5,6,7,8",Toluene,5,3
297,7/16/25 12:18,Puff,HP501,440,98,126,133,953,1357,0.9744,612,773,28.61,50,"1,2,3,4,5,6,7,8",Toluene,5,3
298,7/16/25 12:18,Puff,HP501,440,80,117,135,823,849,0.9965,573,674,25.33,50,"1,2,3,4,5,6,7,8",Toluene,5,3
299,7/16/25 12:18,Puff,HP501,440,45,104,126,970,990,0.989,653,773,24.37,53,"1,2,3,4,5,6,7,8",Toluene,5,3
300,7/16/25 12:18,Puff,HP501,440,53,132,133,778,1308,0.9991,633,790,24.87,51,"1,2,3,4,5,6,7,8",Toluene,5,3
301,7/16/25 12:18,Puff,HP501,440,53,113,126,1172,875,0.9775,550,746,26.03,54,"1,2,3,4,5,6,7,8",Toluene,5,3
302,7/16/25 12:18,Puff,HP501,440,90,122,124,997,1273,0.9686,530,769,27.32,50,"1,2,3,4,5,6,7,8",Toluene,5,3
303,7/16/25 12:18,Puff,HP501,440,104,136,132,1159,930,0.9781,673,656,21.07,51,"1,2,3,4,5,6,7,8",Toluene,5,3
304,7/16/25 12:18,Puff,HP501,440,40,133,124,947,1280,0.9856,700,673,22.85,53,"1,2,3,4,5,6,7,8",Toluene,5,3
305,7/16/25 12:18,Puff,HP501,440,66,136,115,1374,1076,0.9951,656,672,22.14,53,"1,2,3,4,5,6,7,8",Toluene,5,3
306,7/16/25 12:18,Puff,HP501,440,69,127,120,895,917,0.9678,562,730,27.86,55,"1,2,3,4,5,6,7,8",Toluene,5,3
307,7/16/25 12:18,Puff,HP501,440,85,104,133,1325,1050,0.9737,577,643,22.76,50,"1,2,3,4,5,6,7,8",Toluene,5,3
308,7/16/25 12:18,Puff,HP501,440,42,120,116,1051,1422,0.9831,650,652,25.12,55,"1,2,3,4,5,6,7,8",Toluene,5,3
309,7/16/25 12:19,Puff,HP501,440,62,127,116,1202,985,0.9705,616,723,23.74,53,"1,2,3,4,5,6,7,8",Toluene,5,3
310,7/16/25 12:19,Puff,HP501,440,93,135,110,828,1413,0.982,669,712,20.48,53,"1,2,3,4,5,6,7,8",Toluene,5,3
311,7/16/25 12:19,Puff,HP501,440,41,123,125,1083,867,0.9722,505,668,25.04,55,"1,2,3,4,5,6,7,8",Toluene,5,3
312,7/16/25 12:19,Puff,HP501,440,109,110,123,1518,867,0.9797,645,700,28.07,50,"1,2,3,4,5,6,7,8",Toluene,5,3
313,7/16/25 12:19,Puff,HP501,440,40,133,111,1484,1427,0.9691,549,680,20.7,53,"1,2,3,4,5,6,7,8",Toluene,5,3
314,7/16/25 12:19,Puff,HP501,440,95,113,106,1234,1172,0.9982,509,791,29.51,55,"1,2,3,4,5,6,7,8",Toluene,5,3
315,7/16/25 12:19,Puff,HP501,440,53,136,114,1350,1445,0.9769,502,649,20.68,51,"1,2,3,4,5,6,7,8",Toluene,5,3
316,7/16/25 12:19,Puff,HP501,440,114,110,131,1545,1394,0.9707,535,689,28.46,54,"1,2,3,4,5,6,7,8",Toluene,5,3
317,7/16/25 12:19,Puff,HP501,440,56,108,104,1514,744,0.9996,505,702,27.65,55,"1,2,3,4,5,6,7,8",Toluene,5,3
318,7/16/25 12:19,Puff,HP501,440,104,136,135,831,880,0.9858,705,782,21.82,54,"1,2,3,4,5,6,7,8",Toluene,5,3
319,7/16/25 12:19,Puff,HP501,440,69,117,118,1454,737,0.9874,546,635,25.3,52,"1,2,3,4,5,6,7,8",Toluene,5,3
320,7/16/25 12:19,Puff,HP501,440,58,111,111,1516,1422,0.9895,553,678,22.36,53,"1,2,3,4,5,6,7,8",Toluene,5,3
321,7/16/25 12:19,Puff,HP501,440,51,114,113,906,980,0.9844,628,651,21.05,50,"1,2,3,4,5,6,7,8",Toluene,5,3
322,7/16/25 12:19,Puff,HP501,440,78,109,105,731,1422,0.9902,534,738,27.72,53,"1,2,3,4,5,6,7,8",Toluene,5,3
323,7/16/25 12:19,Puff,HP501,440,75,131,132,1043,1002,0.9917,609,695,29.31,52,"1,2,3,4,5,6,7,8",Toluene,5,3
324,7/16/25 12:19,Puff,HP501,440,66,104,107,835,940,0.9774,638,775,20.86,55,"1,2,3,4,5,6,7,8",Toluene,5,3
325,7/16/25 12:19,Puff,HP501,440,81,111,112,1252,1066,0.982,523,654,26.54,55,"1,2,3,4,5,6,7,8",Toluene,5,3
326,7/16/25 12:19,Puff,HP501,440,91,114,119,990,1443,0.9892,672,716,23.73,50,"1,2,3,4,5,6,7,8",Toluene,5,3
327,7/16/25 12:19,Puff,HP501,440,87,124,107,1330,1387,0.9808,518,755,24.96,55,"1,2,3,4,5,6,7,8",Toluene,5,3
328,7/16/25 12:19,Puff,HP501,440,110,124,135,1240,1401,0.9723,522,655,23.23,55,"1,2,3,4,5,6,7,8",Toluene,5,3
329,7/16/25 12:19,Puff,HP501,440,65,131,119,1194,1211,0.9812,645,761,28.76,52,"1,2,3,4,5,6,7,8",Toluene,5,3
330,7/16/25 12:19,Puff,HP501,440,58,118,105,835,889,0.9852,673,661,21.09,50,"1,2,3,4,5,6,7,8",Toluene,5,3
331,7/16/25 12:19,Puff,HP501,440,49,130,121,874,1392,0.9859,509,722,29.5,50,"1,2,3,4,5,6,7,8",Toluene,5,3
332,7/16/25 12:19,Puff,HP501,440,100,114,135,1210,825,0.9859,707,775,22.14,50,"1,2,3,4,5,6,7,8",Toluene,5,3
333,7/16/25 12:20,Puff,HP501,440,112,128,110,809,1192,0.9754,714,661,28.01,53,"1,2,3,4,5,6,7,8",Toluene,5,3
334,7/16/25 12:20,Puff,HP501,440,97,129,102,800,1373,0.9895,629,640,25.77,54,"1,2,3,4,5,6,7,8",Toluene,5,3
335,7/16/25 12:20,Puff,HP501,440,68,104,110,1175,802,0.9708,711,760,29.24,51,"1,2,3,4,5,6,7,8",Toluene,5,3
336,7/16/25 12:20,Puff,HP501,440,77,133,121,979,1003,0.9793,591,621,21.42,52,"1,2,3,4,5,6,7,8",Toluene,5,3
337,7/16/25 12:20,Puff,HP501,440,59,136,132,1001,1155,0.9816,632,672,29.88,54,"1,2,3,4,5,6,7,8",Toluene,5,3
338,7/16/25 12:20,Puff,HP501,440,45,113,119,932,798,0.98,635,696,25.98,53,"1,2,3,4,5,6,7,8",Toluene,5,3
339,7/16/25 12:46,Puff,HP503,40,52,111,109,764,1314,0.9958,662,643,27.1,53,"1,2,3,4,5,6,7,8",Toluene,5,15
340,7/16/25 12:46,Puff,HP503,50,46,119,121,1009,861,0.9677,509,715,27.38,52,"1,2,3,4,5,6,7,8",Toluene,5,15
341,7/16/25 12:46,Puff,HP503,60,71,135,135,1483,835,0.994,658,796,25.29,54,"1,2,3,4,5,6,7,8",Toluene,5,15
342,7/16/25 12:47,Puff,HP503,70,91,118,125,1387,812,0.9893,687,767,21.86,51,"1,2,3,4,5,6,7,8",Toluene,5,15
343,7/16/25 12:47,Puff,HP503,80,77,117,121,815,1389,0.9975,647,744,28.85,51,"1,2,3,4,5,6,7,8",Toluene,5,15
344,7/16/25 12:47,Puff,HP503,90,42,123,108,934,1120,0.9898,627,669,20.45,51,"1,2,3,4,5,6,7,8",Toluene,5,15
345,7/16/25 12:47,Puff,HP503,100,107,132,114,1202,1169,0.9702,556,756,21.41,54,"1,2,3,4,5,6,7,8",Toluene,5,15
346,7/16/25 12:47,Puff,HP503,110,46,124,112,1015,914,0.9942,672,708,21.93,52,"1,2,3,4,5,6,7,8",Toluene,5,15
347,7/16/25 12:47,Puff,HP503,120,95,104,128,1067,1219,0.9817,527,717,27.81,53,"1,2,3,4,5,6,7,8",Toluene,5,15
348,7/16/25 12:47,Puff,HP503,130,68,123,113,758,1154,0.9827,662,789,25.68,54,"1,2,3,4,5,6,7,8",Toluene,5,15
349,7/16/25 12:47,Puff,HP503,140,97,129,129,1068,978,0.9717,716,742,21.15,50,"1,2,3,4,5,6,7,8",Toluene,5,15
350,7/16/25 12:47,Puff,HP503,150,47,109,107,1055,1405,0.9784,540,644,26.98,54,"1,2,3,4,5,6,7,8",Toluene,5,15
351,7/16/25 12:47,Puff,HP503,160,114,106,130,1279,853,0.9931,559,659,27.45,52,"1,2,3,4,5,6,7,8",Toluene,5,15
352,7/16/25 12:47,Puff,HP503,170,53,107,113,1457,1025,0.9753,648,771,27.23,51,"1,2,3,4,5,6,7,8",Toluene,5,15
353,7/16/25 12:47,Puff,HP503,180,76,126,130,784,1003,0.9683,580,760,24.62,50,"1,2,3,4,5,6,7,8",Toluene,5,15
354,7/16/25 12:47,Puff,HP503,190,96,119,130,1106,795,0.9796,713,786,27.9,50,"1,2,3,4,5,6,7,8",Toluene,5,15
355,7/16/25 12:47,Puff,HP503,200,67,111,107,1117,812,0.9969,695,687,22.3,51,"1,2,3,4,5,6,7,8",Toluene,5,15
356,7/16/25 12:47,Puff,HP503,210,79,102,125,998,851,0.9938,671,622,27.03,53,"1,2,3,4,5,6,7,8",Toluene,5,15
357,7/16/25 12:47,Puff,HP503,220,114,110,136,1013,1082,0.9864,691,760,23.2,53,"1,2,3,4,5,6,7,8",Toluene,5,15
358,7/16/25 12:47,Puff,HP503,230,57,130,122,1382,1304,0.976,542,685,26.92,55,"1,2,3,4,5,6,7,8",Toluene,5,15
359,7/16/25 12:47,Puff,HP503,240,110,117,122,1403,1234,0.9741,613,736,27.74,54,"1,2,3,4,5,6,7,8",Toluene,5,15
360,7/16/25 12:47,Puff,HP503,250,46,106,113,887,940,0.9709,678,783,25.49,53,"1,2,3,4,5,6,7,8",Toluene,5,15
361,7/16/25 12:47,Puff,HP503,260,90,105,111,1278,1444,0.9811,697,668,24.1,53,"1,2,3,4,5,6,7,8",Toluene,5,15
362,7/16/25 12:47,Puff,HP503,270,87,111,135,1368,755,0.9718,709,718,22.1,50,"1,2,3,4,5,6,7,8",Toluene,5,15
363,7/16/25 12:47,Puff,HP503,280,97,102,123,738,1353,0.9802,584,666,22.24,54,"1,2,3,4,5,6,7,8",Toluene,5,15
364,7/16/25 12:47,Puff,HP503,290,74,119,109,1469,959,0.9841,715,737,28.99,50,"1,2,3,4,5,6,7,8",Toluene,5,15
365,7/16/25 12:47,Puff,HP503,300,99,126,126,1481,1090,0.9901,665,761,25.6,52,"1,2,3,4,5,6,7,8",Toluene,5,15
366,7/16/25 12:48,Puff,HP503,310,89,115,110,1083,976,0.9751,656,754,29.18,53,"1,2,3,4,5,6,7,8",Toluene,5,15
367,7/16/25 12:48,Puff,HP503,320,81,135,119,919,1233,0.9857,636,735,20.64,53,"1,2,3,4,5,6,7,8",Toluene,5,15
368,7/16/25 12:48,Puff,HP503,330,80,123,103,1321,1089,0.9805,692,746,28.33,50,"1,2,3,4,5,6,7,8",Toluene,5,15
369,7/16/25 12:48,Puff,HP503,340,52,107,103,1014,1287,0.9844,516,639,20.51,53,"1,2,3,4,5,6,7,8",Toluene,5,10
370,7/16/25 12:48,Puff,HP503,350,81,118,121,761,1157,0.9953,673,749,26.96,54,"1,2,3,4,5,6,7,8",Toluene,5,10
371,7/16/25 12:48,Puff,HP503,360,45,116,103,1122,831,0.9715,501,693,20.01,55,"1,2,3,4,5,6,7,8",Toluene,5,10
372,7/16/25 12:48,Puff,HP503,370,68,105,117,936,1236,0.9736,581,778,22.95,54,"1,2,3,4,5,6,7,8",Toluene,5,10
373,7/16/25 12:48,Puff,HP503,380,64,132,110,1009,953,0.9765,658,695,26.04,53,"1,2,3,4,5,6,7,8",Toluene,5,10
374,7/16/25 12:48,Puff,HP503,390,49,123,122,1028,1082,0.9855,545,645,23.97,54,"1,2,3,4,5,6,7,8",Toluene,5,10
375,7/16/25 12:48,Puff,HP503,400,86,134,129,856,820,0.976,679,737,20.13,54,"1,2,3,4,5,6,7,8",Toluene,5,10
376,7/16/25 12:48,Puff,HP503,410,97,119,119,905,1263,0.9924,570,703,25.02,50,"1,2,3,4,5,6,7,8",Toluene,5,10
377,7/16/25 12:48,Puff,HP503,420,59,102,118,1456,1407,0.9766,644,738,25.4,50,"1,2,3,4,5,6,7,8",Toluene,5,10
378,7/16/25 12:48,Puff,HP503,430,82,115,132,1152,1253,0.9703,522,745,22.19,52,"1,2,3,4,5,6,7,8",Toluene,5,10
379,7/16/25 12:48,Puff,HP503,440,68,117,102,1020,910,0.9917,588,760,23.45,52,"1,2,3,4,5,6,7,8",Toluene,5,10
380,7/16/25 12:48,Puff,HP503,440,54,128,129,1387,1406,0.9943,593,667,24.75,52,"1,2,3,4,5,6,7,8",Toluene,5,10
381,7/16/25 12:48,Puff,HP503,440,69,108,133,798,1392,0.9868,672,630,20.1,55,"1,2,3,4,5,6,7,8",Toluene,5,10
382,7/16/25 12:48,Puff,HP503,440,62,114,113,1476,1048,0.9714,635,703,23.96,51,"1,2,3,4,5,6,7,8",Toluene,5,10
383,7/16/25 12:48,Puff,HP503,440,57,116,105,1146,955,0.9969,684,687,21.13,55,"1,2,3,4,5,6,7,8",Toluene,5,10
384,7/16/25 12:48,Puff,HP503,440,113,127,120,1382,983,0.975,500,644,21.82,50,"1,2,3,4,5,6,7,8",Toluene,5,10
385,7/16/25 12:48,Puff,HP503,440,53,113,129,754,1295,0.9819,542,637,22.09,53,"1,2,3,4,5,6,7,8",Toluene,5,10
386,7/16/25 12:48,Puff,HP503,440,75,107,102,1117,1399,0.9846,665,741,20.65,53,"1,2,3,4,5,6,7,8",Toluene,5,10
387,7/16/25 12:48,Puff,HP503,440,101,103,134,798,798,0.9696,652,781,28.95,51,"1,2,3,4,5,6,7,8",Toluene,5,10
388,7/16/25 12:48,Puff,HP503,440,61,122,108,769,1310,0.9988,540,709,25.47,51,"1,2,3,4,5,6,7,8",Toluene,5,10
389,7/16/25 12:49,Puff,HP503,440,92,136,114,1001,1296,0.9789,531,786,28.73,50,"1,2,3,4,5,6,7,8",Toluene,5,10
390,7/16/25 12:49,Puff,HP503,440,78,106,116,1418,840,0.9737,656,800,21.88,52,"1,2,3,4,5,6,7,8",Toluene,5,10
391,7/16/25 12:49,Puff,HP503,440,46,102,106,908,1224,0.9678,664,800,21.89,55,"1,2,3,4,5,6,7,8",Toluene,5,10
392,7/16/25 12:49,Puff,HP503,440,40,111,121,1348,933,0.9669,665,748,24.88,55,"1,2,3,4,5,6,7,8",Toluene,5,10
393,7/16/25 12:49,Puff,HP503,440,62,127,113,908,948,0.9723,670,755,26.59,55,"1,2,3,4,5,6,7,8",Toluene,5,10
394,7/16/25 12:49,Puff,HP503,440,105,136,135,1333,1047,0.976,587,715,22.87,54,"1,2,3,4,5,6,7,8",Toluene,5,10
395,7/16/25 12:49,Puff,HP503,440,86,115,121,730,840,0.9748,686,753,26.23,54,"1,2,3,4,5,6,7,8",Toluene,5,10
396,7/16/25 12:49,Puff,HP503,440,107,129,136,1297,1388,0.9909,532,765,21.36,51,"1,2,3,4,5,6,7,8",Toluene,5,10
397,7/16/25 12:49,Puff,HP503,440,113,122,129,1020,951,0.9919,583,795,20.43,53,"1,2,3,4,5,6,7,8",Toluene,5,10
398,7/16/25 12:49,Puff,HP503,440,76,110,114,970,1092,0.9674,580,748,28.77,53,"1,2,3,4,5,6,7,8",Toluene,5,10
399,7/16/25 12:49,Puff,HP503,440,90,121,123,772,736,0.97,558,722,29.64,51,"1,2,3,4,5,6,7,8",Toluene,5,3
400,7/16/25 12:49,Puff,HP503,440,88,131,135,1108,1008,0.9718,516,648,20.28,54,"1,2,3,4,5,6,7,8",Toluene,5,3
401,7/16/25 12:49,Puff,HP503,440,93,133,115,1044,1195,0.9673,611,721,29.34,55,"1,2,3,4,5,6,7,8",Toluene,5,3
402,7/16/25 12:49,Puff,HP503,440,108,114,120,1128,1025,0.9793,650,688,24.89,53,"1,2,3,4,5,6,7,8",Toluene,5,3
403,7/16/25 12:49,Puff,HP503,440,45,112,108,727,1074,0.985,559,675,24.19,54,"1,2,3,4,5,6,7,8",Toluene,5,3
404,7/16/25 12:49,Puff,HP503,440,103,105,108,852,1421,0.9988,540,792,27.24,50,"1,2,3,4,5,6,7,8",Toluene,5,3
405,7/16/25 12:49,Puff,HP503,440,71,111,106,1316,985,0.9949,667,752,26,52,"1,2,3,4,5,6,7,8",Toluene,5,3
406,7/16/25 12:49,Puff,HP503,440,95,111,121,910,1087,0.9865,587,673,29.27,52,"1,2,3,4,5,6,7,8",Toluene,5,3
407,7/16/25 12:49,Puff,HP503,440,82,124,134,830,1002,0.9946,520,787,29.76,53,"1,2,3,4,5,6,7,8",Toluene,5,3
408,7/16/25 12:49,Puff,HP503,440,62,109,118,1038,872,0.981,563,634,27.89,52,"1,2,3,4,5,6,7,8",Toluene,5,3
409,7/16/25 12:49,Puff,HP503,440,112,111,103,1021,1013,0.9769,688,726,26.94,52,"1,2,3,4,5,6,7,8",Toluene,5,3
410,7/16/25 12:49,Puff,HP503,440,49,103,125,1251,1130,0.9887,563,714,21.07,54,"1,2,3,4,5,6,7,8",Toluene,5,3
411,7/16/25 12:49,Puff,HP503,440,110,109,116,1359,1169,0.9732,526,711,25.75,55,"1,2,3,4,5,6,7,8",Toluene,5,3
412,7/16/25 12:49,Puff,HP503,440,46,122,131,877,1342,0.9974,643,697,26,50,"1,2,3,4,5,6,7,8",Toluene,5,3
413,7/16/25 12:50,Puff,HP503,440,86,129,135,1477,1103,0.9724,685,790,20.9,53,"1,2,3,4,5,6,7,8",Toluene,5,3
414,7/16/25 12:50,Puff,HP503,440,65,108,129,811,799,0.9866,577,624,21.45,51,"1,2,3,4,5,6,7,8",Toluene,5,3
415,7/16/25 12:50,Puff,HP503,440,47,115,111,1313,1238,0.9722,579,682,21.27,50,"1,2,3,4,5,6,7,8",Toluene,5,3
416,7/16/25 12:50,Puff,HP503,440,53,127,115,1167,1375,0.9722,506,713,29.31,52,"1,2,3,4,5,6,7,8",Toluene,5,3
417,7/16/25 12:50,Puff,HP503,440,58,130,115,1209,927,0.9903,634,687,28.28,50,"1,2,3,4,5,6,7,8",Toluene,5,3
418,7/16/25 12:50,Puff,HP503,440,76,120,124,856,994,0.9801,685,786,27.25,50,"1,2,3,4,5,6,7,8",Toluene,5,3
419,7/16/25 12:50,Puff,HP503,440,106,109,115,1174,1252,0.9894,716,761,28.83,54,"1,2,3,4,5,6,7,8",Toluene,5,3
420,7/16/25 12:50,Puff,HP503,440,61,135,111,1535,755,0.9678,540,653,27.65,54,"1,2,3,4,5,6,7,8",Toluene,5,3
421,7/16/25 12:50,Puff,HP503,440,80,106,104,1123,1325,0.9744,656,784,26,55,"1,2,3,4,5,6,7,8",Toluene,5,3
422,7/16/25 12:50,Puff,HP503,440,53,112,119,1278,860,0.9988,533,712,20.43,52,"1,2,3,4,5,6,7,8",Toluene,5,3
423,7/16/25 12:50,Puff,HP503,440,57,106,117,1358,1137,0.9937,550,797,25.6,53,"1,2,3,4,5,6,7,8",Toluene,5,3
424,7/16/25 12:50,Puff,HP503,440,52,117,127,1493,874,0.9957,640,749,20.28,50,"1,2,3,4,5,6,7,8",Toluene,5,3
425,7/16/25 12:50,Puff,HP503,440,42,121,103,883,1255,0.9723,502,793,23.42,55,"1,2,3,4,5,6,7,8",Toluene,5,3
426,7/16/25 12:50,Puff,HP503,440,99,118,113,815,1438,0.968,623,628,25.96,55,"1,2,3,4,5,6,7,8",Toluene,5,3
427,7/16/25 12:50,Puff,HP503,440,100,126,129,829,727,0.9971,674,726,25.93,55,"1,2,3,4,5,6,7,8",Toluene,5,3
428,7/16/25 12:50,Puff,HP503,440,66,133,121,1483,1437,0.9763,658,774,23.47,55,"1,2,3,4,5,6,7,8",Toluene,5,3
429,7/16/25 14:33,Puff,HP501,40,87,1965,1952,1389,1246,1975,699,1146,25.92,53,"1,2,3,4,5,6,7,8",Toluene,10,15
430,7/16/25 14:33,Puff,HP501,50,66,2003,1945,1370,1353,1953,726,1162,25.4,54,"1,2,3,4,5,6,7,8",Toluene,10,15
431,7/16/25 14:33,Puff,HP501,60,100,2044,1940,1229,1358,2065,563,1207,28.25,52,"1,2,3,4,5,6,7,8",Toluene,10,15
432,7/16/25 14:33,Puff,HP501,70,88,1987,1984,1297,1395,2082,517,1171,24.08,50,"1,2,3,4,5,6,7,8",Toluene,10,15
433,7/16/25 14:33,Puff,HP501,80,92,2044,1899,1247,1236,1882,557,1184,26.25,52,"1,2,3,4,5,6,7,8",Toluene,10,15
434,7/16/25 14:33,Puff,HP501,90,65,1931,1921,1311,1344,2096,700,1149,23.11,55,"1,2,3,4,5,6,7,8",Toluene,10,15
435,7/16/25 14:33,Puff,HP501,100,88,2008,1983,1285,1358,1957,550,1235,29.27,51,"1,2,3,4,5,6,7,8",Toluene,10,15
436,7/16/25 14:33,Puff,HP501,110,92,1960,2000,1248,1305,1929,720,1220,27.45,54,"1,2,3,4,5,6,7,8",Toluene,10,15
437,7/16/25 14:33,Puff,HP501,120,65,1959,2048,1411,1271,2048,670,1206,29.43,53,"1,2,3,4,5,6,7,8",Toluene,10,15
438,7/16/25 14:33,Puff,HP501,130,105,2047,2030,1286,1368,2008,634,1115,29.2,50,"1,2,3,4,5,6,7,8",Toluene,10,15
439,7/16/25 14:33,Puff,HP501,140,105,1952,2032,1354,1426,2006,682,1224,27.56,55,"1,2,3,4,5,6,7,8",Toluene,10,15
440,7/16/25 14:33,Puff,HP501,150,47,2056,2087,1404,1249,2004,645,1120,24.95,55,"1,2,3,4,5,6,7,8",Toluene,10,15
441,7/16/25 14:33,Puff,HP501,160,81,2071,1931,1225,1295,1916,661,1165,23.55,50,"1,2,3,4,5,6,7,8",Toluene,10,15
442,7/16/25 14:33,Puff,HP501,170,86,1911,1917,1277,1429,1856,568,1213,26.11,54,"1,2,3,4,5,6,7,8",Toluene,10,15
443,7/16/25 14:33,Puff,HP501,180,97,1953,1985,1432,1432,2033,514,1213,22.6,53,"1,2,3,4,5,6,7,8",Toluene,10,15
444,7/16/25 14:33,Puff,HP501,190,109,1925,2026,1405,1256,1845,577,1150,22.98,55,"1,2,3,4,5,6,7,8",Toluene,10,15
445,7/16/25 14:33,Puff,HP501,200,45,1923,2007,1340,1278,2094,607,1240,22.95,53,"1,2,3,4,5,6,7,8",Toluene,10,15
446,7/16/25 14:34,Puff,HP501,210,101,1986,1981,1398,1254,1844,701,1207,28.78,51,"1,2,3,4,5,6,7,8",Toluene,10,15
447,7/16/25 14:34,Puff,HP501,220,60,2083,2031,1302,1338,2037,640,1180,24.89,53,"1,2,3,4,5,6,7,8",Toluene,10,15
448,7/16/25 14:34,Puff,HP501,230,73,1997,2007,1251,1281,1937,704,1139,29.58,53,"1,2,3,4,5,6,7,8",Toluene,10,15
449,7/16/25 14:34,Puff,HP501,240,55,2012,2045,1337,1226,1993,582,1145,25.38,54,"1,2,3,4,5,6,7,8",Toluene,10,15
450,7/16/25 14:34,Puff,HP501,250,97,1929,1990,1229,1330,2053,652,1208,23.23,52,"1,2,3,4,5,6,7,8",Toluene,10,15
451,7/16/25 14:34,Puff,HP501,260,52,1949,1985,1252,1428,2081,670,1138,28.38,53,"1,2,3,4,5,6,7,8",Toluene,10,15
452,7/16/25 14:34,Puff,HP501,270,85,1944,1902,1313,1343,1844,674,1198,24.23,52,"1,2,3,4,5,6,7,8",Toluene,10,15
453,7/16/25 14:34,Puff,HP501,280,115,2030,2056,1332,1295,2050,607,1230,24.91,51,"1,2,3,4,5,6,7,8",Toluene,10,15
454,7/16/25 14:34,Puff,HP501,290,112,2077,2080,1230,1392,1960,560,1229,24.18,50,"1,2,3,4,5,6,7,8",Toluene,10,15
455,7/16/25 14:34,Puff,HP501,300,58,2082,1961,1303,1417,2050,519,1211,24.75,50,"1,2,3,4,5,6,7,8",Toluene,10,15
456,7/16/25 14:34,Puff,HP501,310,93,1957,2055,1270,1340,1978,545,1234,23.51,53,"1,2,3,4,5,6,7,8",Toluene,10,15
457,7/16/25 14:34,Puff,HP501,320,100,1904,2049,1320,1291,2094,695,1158,22.75,54,"1,2,3,4,5,6,7,8",Toluene,10,15
458,7/16/25 14:34,Puff,HP501,330,78,1983,2069,1289,1297,1924,648,1236,27.59,53,"1,2,3,4,5,6,7,8",Toluene,10,15
459,7/16/25 14:34,Puff,HP501,340,63,1910,1989,1333,1289,2059,606,1162,24.06,54,"1,2,3,4,5,6,7,8",Toluene,10,15
460,7/16/25 14:34,Puff,HP501,350,69,1991,2088,1258,1221,2078,519,1218,26.62,51,"1,2,3,4,5,6,7,8",Toluene,10,10
461,7/16/25 14:34,Puff,HP501,360,48,1974,1947,1269,1335,1944,650,1232,29.27,53,"1,2,3,4,5,6,7,8",Toluene,10,10
462,7/16/25 14:34,Puff,HP501,370,52,2080,2075,1255,1372,1856,629,1188,23.08,52,"1,2,3,4,5,6,7,8",Toluene,10,10
463,7/16/25 14:34,Puff,HP501,380,71,1915,1904,1407,1423,1899,715,1181,29.46,50,"1,2,3,4,5,6,7,8",Toluene,10,10
464,7/16/25 14:34,Puff,HP501,390,66,2003,1996,1384,1346,2069,566,1185,22.71,55,"1,2,3,4,5,6,7,8",Toluene,10,10
465,7/16/25 14:34,Puff,HP501,400,116,1917,1992,1283,1353,2029,582,1194,22.23,51,"1,2,3,4,5,6,7,8",Toluene,10,10
466,7/16/25 14:34,Puff,HP501,410,57,2039,1938,1306,1243,2015,573,1136,22.51,52,"1,2,3,4,5,6,7,8",Toluene,10,10
467,7/16/25 14:34,Puff,HP501,420,74,2067,1980,1391,1339,1949,547,1172,28.64,55,"1,2,3,4,5,6,7,8",Toluene,10,10
468,7/16/25 14:34,Puff,HP501,430,68,1999,1971,1258,1337,2087,628,1209,22.31,51,"1,2,3,4,5,6,7,8",Toluene,10,10
469,7/16/25 14:35,Puff,HP501,440,76,2023,1979,1400,1258,1894,694,1215,26.54,54,"1,2,3,4,5,6,7,8",Toluene,10,10
470,7/16/25 14:35,Puff,HP501,440,90,2092,2068,1285,1351,1852,553,1146,26.52,55,"1,2,3,4,5,6,7,8",Toluene,10,10
471,7/16/25 14:35,Puff,HP501,440,47,1947,2036,1396,1372,1919,704,1119,23.93,50,"1,2,3,4,5,6,7,8",Toluene,10,10
472,7/16/25 14:35,Puff,HP501,440,54,2035,1937,1313,1306,1946,672,1126,23.7,51,"1,2,3,4,5,6,7,8",Toluene,10,10
473,7/16/25 14:35,Puff,HP501,440,78,2089,1912,1329,1256,1945,654,1153,26.95,53,"1,2,3,4,5,6,7,8",Toluene,10,10
474,7/16/25 14:35,Puff,HP501,440,109,1924,2096,1224,1403,1933,522,1186,23.8,51,"1,2,3,4,5,6,7,8",Toluene,10,10
475,7/16/25 14:35,Puff,HP501,440,82,1907,2085,1247,1360,2021,647,1216,25.72,50,"1,2,3,4,5,6,7,8",Toluene,10,10
476,7/16/25 14:35,Puff,HP501,440,82,2039,1934,1352,1298,1887,683,1231,23.6,54,"1,2,3,4,5,6,7,8",Toluene,10,10
477,7/16/25 14:35,Puff,HP501,440,46,2025,1951,1274,1230,2066,583,1230,24.6,55,"1,2,3,4,5,6,7,8",Toluene,10,10
478,7/16/25 14:35,Puff,HP501,440,90,1995,2012,1290,1212,1922,552,1198,27.15,50,"1,2,3,4,5,6,7,8",Toluene,10,10
479,7/16/25 14:35,Puff,HP501,440,113,2084,2037,1395,1343,1870,656,1134,25.35,53,"1,2,3,4,5,6,7,8",Toluene,10,10
480,7/16/25 14:35,Puff,HP501,440,43,2002,1965,1260,1365,1922,652,1128,29.08,52,"1,2,3,4,5,6,7,8",Toluene,10,10
481,7/16/25 14:35,Puff,HP501,440,48,1921,2094,1266,1339,2054,625,1201,28.49,54,"1,2,3,4,5,6,7,8",Toluene,10,10
482,7/16/25 14:35,Puff,HP501,440,51,2007,1956,1345,1367,1920,558,1175,24.37,50,"1,2,3,4,5,6,7,8",Toluene,10,3
483,7/16/25 14:35,Puff,HP501,440,64,1931,2010,1287,1272,2017,659,1156,25.42,52,"1,2,3,4,5,6,7,8",Toluene,10,3
484,7/16/25 14:35,Puff,HP501,440,112,2049,2054,1275,1235,2029,653,1152,25.48,55,"1,2,3,4,5,6,7,8",Toluene,10,3
485,7/16/25 14:35,Puff,HP501,440,49,2004,2015,1320,1255,1863,674,1133,23.83,52,"1,2,3,4,5,6,7,8",Toluene,10,3
486,7/16/25 14:35,Puff,HP501,440,111,2023,2043,1304,1322,2058,518,1184,29.36,54,"1,2,3,4,5,6,7,8",Toluene,10,3
487,7/16/25 14:35,Puff,HP501,440,98,1956,1969,1385,1318,1927,641,1142,28.89,52,"1,2,3,4,5,6,7,8",Toluene,10,3
488,7/16/25 14:35,Puff,HP501,440,114,1933,1980,1359,1393,2060,710,1175,28.44,50,"1,2,3,4,5,6,7,8",Toluene,10,3
489,7/16/25 14:35,Puff,HP501,440,102,1934,1977,1414,1290,1858,540,1181,27.77,51,"1,2,3,4,5,6,7,8",Toluene,10,3
490,7/16/25 14:35,Puff,HP501,440,82,1896,1949,1227,1413,2076,514,1199,29.42,50,"1,2,3,4,5,6,7,8",Toluene,10,3
491,7/16/25 14:35,Puff,HP501,440,43,2069,2051,1240,1244,1894,650,1121,23.98,51,"1,2,3,4,5,6,7,8",Toluene,10,3
492,7/16/25 14:35,Puff,HP501,440,55,2045,2059,1424,1266,1866,700,1192,28.74,50,"1,2,3,4,5,6,7,8",Toluene,10,3
493,7/16/25 14:36,Puff,HP501,440,52,1920,1921,1288,1362,2004,713,1203,25.65,53,"1,2,3,4,5,6,7,8",Toluene,10,3
494,7/16/25 14:36,Puff,HP501,440,53,1918,2021,1246,1256,1907,535,1216,23.04,51,"1,2,3,4,5,6,7,8",Toluene,10,3
495,7/16/25 14:36,Puff,HP501,440,87,2061,2014,1335,1243,2025,662,1235,29,50,"1,2,3,4,5,6,7,8",Toluene,10,3
496,7/16/25 14:36,Puff,HP501,440,81,1975,2051,1212,1376,2094,564,1165,22.51,51,"1,2,3,4,5,6,7,8",Toluene,10,3
497,7/16/25 14:36,Puff,HP501,440,73,1951,2039,1302,1409,2057,689,1215,28.27,50,"1,2,3,4,5,6,7,8",Toluene,10,3
498,7/16/25 14:36,Puff,HP501,440,64,2087,1928,1268,1272,1988,637,1139,24.72,54,"1,2,3,4,5,6,7,8",Toluene,10,3
499,7/16/25 14:36,Puff,HP501,440,57,1969,1974,1434,1319,1953,578,1198,24.4,50,"1,2,3,4,5,6,7,8",Toluene,10,3
500,7/16/25 14:36,Puff,HP501,440,112,1923,2049,1333,1438,1844,625,1187,24.4,52,"1,2,3,4,5,6,7,8",Toluene,10,3
501,7/16/25 14:36,Puff,HP501,440,74,2011,1922,1363,1322,1917,601,1193,24.85,50,"1,2,3,4,5,6,7,8",Toluene,10,3
502,7/16/25 14:36,Puff,HP501,440,69,2082,1928,1365,1419,1923,541,1143,26.65,54,"1,2,3,4,5,6,7,8",Toluene,10,3
503,7/16/25 14:36,Puff,HP501,440,114,1945,1911,1223,1234,1923,527,1236,27.57,53,"1,2,3,4,5,6,7,8",Toluene,10,3
504,7/16/25 14:36,Puff,HP501,440,78,1931,2094,1324,1365,1961,719,1180,23.12,55,"1,2,3,4,5,6,7,8",Toluene,10,3
505,7/16/25 14:36,Puff,HP501,440,73,2080,1964,1395,1221,1990,679,1131,28.53,54,"1,2,3,4,5,6,7,8",Toluene,10,3
506,7/16/25 14:36,Puff,HP501,440,108,1945,2081,1262,1434,1968,574,1207,29.2,54,"1,2,3,4,5,6,7,8",Toluene,10,3
507,7/16/25 14:36,Puff,HP501,440,71,1892,1925,1340,1310,1843,695,1130,24.51,54,"1,2,3,4,5,6,7,8",Toluene,10,3
508,7/16/25 14:36,Puff,HP501,440,112,2029,1992,1355,1283,2067,610,1160,22.58,52,"1,2,3,4,5,6,7,8",Toluene,10,3
509,7/16/25 14:36,Puff,HP501,440,115,2008,1944,1406,1414,2052,628,1195,23.97,53,"1,2,3,4,5,6,7,8",Toluene,10,3
510,7/16/25 14:36,Puff,HP501,440,101,1913,1909,1223,1407,1894,720,1136,27.96,51,"1,2,3,4,5,6,7,8",Toluene,10,3
511,7/16/25 14:36,Puff,HP501,440,92,1910,2038,1219,1424,2042,609,1181,28.77,53,"1,2,3,4,5,6,7,8",Toluene,10,3
512,7/16/25 14:36,Puff,HP501,440,73,2012,1960,1224,1391,1999,586,1152,29.24,53,"1,2,3,4,5,6,7,8",Toluene,10,3
513,7/16/25 14:36,Puff,HP501,440,84,2071,1910,1381,1381,1998,698,1236,27.75,52,"1,2,3,4,5,6,7,8",Toluene,10,3
514,7/16/25 14:36,Puff,HP501,440,91,2034,1894,1430,1354,1870,587,1117,22.62,55,"1,2,3,4,5,6,7,8",Toluene,10,3
515,7/16/25 14:36,Puff,HP501,440,59,1894,1904,1266,1334,1855,527,1122,22.56,54,"1,2,3,4,5,6,7,8",Toluene,10,3
516,7/16/25 14:36,Puff,HP501,440,77,1982,2017,1351,1238,2085,578,1209,25.9,53,"1,2,3,4,5,6,7,8",Toluene,10,3
517,7/16/25 14:37,Puff,HP501,440,54,1938,1932,1283,1343,1945,576,1211,27.96,54,"1,2,3,4,5,6,7,8",Toluene,10,3
518,7/16/25 14:37,Puff,HP501,440,75,1922,1943,1345,1233,2036,628,1207,24.47,51,"1,2,3,4,5,6,7,8",Toluene,10,3
519,7/16/25 14:37,Puff,HP501,440,98,2064,2082,1331,1228,1966,650,1126,23.04,52,"1,2,3,4,5,6,7,8",Toluene,10,3
520,7/16/25 14:37,Puff,HP501,440,63,2063,1926,1367,1343,2083,684,1199,29.5,55,"1,2,3,4,5,6,7,8",Toluene,10,3
521,7/16/25 14:37,Puff,HP501,440,108,2008,1957,1334,1223,2014,595,1171,22.35,51,"1,2,3,4,5,6,7,8",Toluene,10,3
522,7/16/25 14:37,Puff,HP501,440,91,1895,1894,1245,1213,2080,640,1155,27.76,53,"1,2,3,4,5,6,7,8",Toluene,10,3
523,7/16/25 14:37,Puff,HP501,440,56,2049,2028,1360,1295,1851,710,1231,25.28,50,"1,2,3,4,5,6,7,8",Toluene,10,3
524,7/16/25 14:37,Puff,HP501,440,40,2004,1967,1276,1345,2069,549,1147,24.05,51,"1,2,3,4,5,6,7,8",Toluene,10,3
525,7/16/25 14:37,Puff,HP501,440,52,2071,2081,1410,1237,2092,597,1192,24.76,51,"1,2,3,4,5,6,7,8",Toluene,10,3
526,7/16/25 14:37,Puff,HP501,440,101,1959,1921,1271,1300,2003,582,1152,28.06,53,"1,2,3,4,5,6,7,8",Toluene,10,3
527,7/16/25 14:37,Puff,HP501,440,79,1916,1911,1376,1409,1864,544,1178,26.21,50,"1,2,3,4,5,6,7,8",Toluene,10,3
528,7/16/25 14:37,Puff,HP501,440,64,1963,2065,1366,1296,2064,612,1214,26.65,50,"1,2,3,4,5,6,7,8",Toluene,10,3
529,7/16/25 14:37,Puff,HP501,440,62,1988,1969,1245,1231,1908,690,1179,25.94,50,"1,2,3,4,5,6,7,8",Toluene,10,3
530,7/16/25 14:37,Puff,HP501,440,101,1951,2049,1435,1237,2056,634,1190,28.31,52,"1,2,3,4,5,6,7,8",Toluene,10,3
531,7/16/25 14:37,Puff,HP501,440,114,2006,2060,1223,1255,1885,683,1201,26.18,55,"1,2,3,4,5,6,7,8",Toluene,10,3
532,7/16/25 14:37,Puff,HP501,440,79,1898,2080,1356,1299,1966,701,1124,29.93,54,"1,2,3,4,5,6,7,8",Toluene,10,3
533,7/16/25 14:37,Puff,HP501,440,88,1970,1892,1233,1295,1993,602,1198,28.7,52,"1,2,3,4,5,6,7,8",Toluene,10,3
534,7/16/25 14:47,Puff,HP503,40,98,1913,2045,1401,1364,2082,712,1231,22.76,50,"1,2,3,4,5,6,7,8",Toluene,10,15
535,7/16/25 14:47,Puff,HP503,50,111,1978,1921,1438,1434,1992,696,1211,22.25,54,"1,2,3,4,5,6,7,8",Toluene,10,15
536,7/16/25 14:47,Puff,HP503,60,107,1952,2078,1313,1325,1924,519,1175,27.19,52,"1,2,3,4,5,6,7,8",Toluene,10,15
537,7/16/25 14:47,Puff,HP503,70,47,1917,1970,1264,1438,1921,669,1200,25.29,54,"1,2,3,4,5,6,7,8",Toluene,10,15
538,7/16/25 14:47,Puff,HP503,80,88,1925,1970,1431,1399,2092,608,1240,28.74,54,"1,2,3,4,5,6,7,8",Toluene,10,15
539,7/16/25 14:47,Puff,HP503,90,75,1926,1911,1341,1401,1877,699,1177,22.66,53,"1,2,3,4,5,6,7,8",Toluene,10,15
540,7/16/25 14:47,Puff,HP503,100,40,1993,1991,1351,1426,2043,673,1203,29.68,55,"1,2,3,4,5,6,7,8",Toluene,10,15
541,7/16/25 14:47,Puff,HP503,110,51,1954,1953,1333,1383,2088,588,1223,23.08,52,"1,2,3,4,5,6,7,8",Toluene,10,15
542,7/16/25 14:47,Puff,HP503,120,110,2017,2020,1317,1333,1865,577,1204,26.06,52,"1,2,3,4,5,6,7,8",Toluene,10,15
543,7/16/25 14:47,Puff,HP503,130,85,1943,1953,1293,1304,2100,646,1217,28.39,55,"1,2,3,4,5,6,7,8",Toluene,10,15
544,7/16/25 14:47,Puff,HP503,140,53,2025,2084,1334,1249,1887,675,1115,25.71,51,"1,2,3,4,5,6,7,8",Toluene,10,15
545,7/16/25 14:47,Puff,HP503,150,43,2027,2080,1293,1433,1921,654,1123,27.68,55,"1,2,3,4,5,6,7,8",Toluene,10,15
546,7/16/25 14:48,Puff,HP503,160,44,1938,1916,1354,1340,2042,620,1189,24.18,51,"1,2,3,4,5,6,7,8",Toluene,10,15
547,7/16/25 14:48,Puff,HP503,170,93,1895,2028,1242,1362,2090,655,1120,29.39,54,"1,2,3,4,5,6,7,8",Toluene,10,15
548,7/16/25 14:48,Puff,HP503,180,74,2034,1901,1300,1371,2099,615,1223,28.11,53,"1,2,3,4,5,6,7,8",Toluene,10,15
549,7/16/25 14:48,Puff,HP503,190,61,1903,1908,1258,1406,2011,529,1148,23.77,52,"1,2,3,4,5,6,7,8",Toluene,10,15
550,7/16/25 14:48,Puff,HP503,200,50,2013,2002,1367,1300,1847,728,1223,22.97,55,"1,2,3,4,5,6,7,8",Toluene,10,15
551,7/16/25 14:48,Puff,HP503,210,64,1927,1945,1218,1330,1917,719,1128,28.39,54,"1,2,3,4,5,6,7,8",Toluene,10,15
552,7/16/25 14:48,Puff,HP503,220,84,2077,1940,1266,1242,1891,630,1152,28.73,50,"1,2,3,4,5,6,7,8",Toluene,10,15
553,7/16/25 14:48,Puff,HP503,230,100,1967,1958,1227,1322,2099,718,1225,22.25,54,"1,2,3,4,5,6,7,8",Toluene,10,15
554,7/16/25 14:48,Puff,HP503,240,106,2093,2093,1297,1375,1876,604,1202,23.57,54,"1,2,3,4,5,6,7,8",Toluene,10,15
555,7/16/25 14:48,Puff,HP503,250,69,1930,1914,1260,1373,1954,682,1190,29.31,51,"1,2,3,4,5,6,7,8",Toluene,10,15
556,7/16/25 14:48,Puff,HP503,260,43,2060,2047,1253,1341,2058,624,1202,23.42,50,"1,2,3,4,5,6,7,8",Toluene,10,15
557,7/16/25 14:48,Puff,HP503,270,88,1984,1918,1244,1390,2089,558,1194,22.62,53,"1,2,3,4,5,6,7,8",Toluene,10,15
558,7/16/25 14:48,Puff,HP503,280,76,1947,1937,1214,1338,1991,721,1117,22.43,52,"1,2,3,4,5,6,7,8",Toluene,10,15
559,7/16/25 14:48,Puff,HP503,290,99,1921,1903,1422,1414,2041,589,1177,28.17,54,"1,2,3,4,5,6,7,8",Toluene,10,15
560,7/16/25 14:48,Puff,HP503,300,61,2089,1978,1262,1289,1904,527,1166,24.63,54,"1,2,3,4,5,6,7,8",Toluene,10,15
561,7/16/25 14:48,Puff,HP503,310,89,2065,2067,1392,1398,1980,713,1153,28.89,55,"1,2,3,4,5,6,7,8",Toluene,10,15
562,7/16/25 14:48,Puff,HP503,320,104,2060,1964,1378,1226,1959,668,1201,22.4,51,"1,2,3,4,5,6,7,8",Toluene,10,15
563,7/16/25 14:48,Puff,HP503,330,48,2018,2065,1311,1369,2048,520,1194,24.96,51,"1,2,3,4,5,6,7,8",Toluene,10,15
564,7/16/25 14:48,Puff,HP503,340,44,1992,2012,1284,1284,1960,654,1193,27.41,51,"1,2,3,4,5,6,7,8",Toluene,10,15
565,7/16/25 14:48,Puff,HP503,350,100,1969,1923,1223,1263,2042,644,1235,28.62,51,"1,2,3,4,5,6,7,8",Toluene,10,10
566,7/16/25 14:48,Puff,HP503,360,65,2080,2027,1308,1328,2017,643,1195,24.6,52,"1,2,3,4,5,6,7,8",Toluene,10,10
567,7/16/25 14:48,Puff,HP503,370,65,2017,1948,1235,1300,1907,588,1183,28.4,55,"1,2,3,4,5,6,7,8",Toluene,10,10
568,7/16/25 14:48,Puff,HP503,380,55,1941,2021,1247,1396,2048,692,1222,26.85,55,"1,2,3,4,5,6,7,8",Toluene,10,10
569,7/16/25 14:48,Puff,HP503,390,63,1905,1947,1413,1419,1888,627,1194,25.39,51,"1,2,3,4,5,6,7,8",Toluene,10,10
570,7/16/25 14:49,Puff,HP503,400,106,1969,2054,1238,1352,1891,597,1180,23.57,52,"1,2,3,4,5,6,7,8",Toluene,10,10
571,7/16/25 14:49,Puff,HP503,410,68,1900,2048,1280,1397,1901,517,1122,24.39,52,"1,2,3,4,5,6,7,8",Toluene,10,10
572,7/16/25 14:49,Puff,HP503,420,88,2081,2003,1413,1386,2002,556,1235,26.29,50,"1,2,3,4,5,6,7,8",Toluene,10,10
573,7/16/25 14:49,Puff,HP503,430,42,2035,1957,1342,1356,1928,524,1165,29.05,51,"1,2,3,4,5,6,7,8",Toluene,10,10
574,7/16/25 14:49,Puff,HP503,440,95,1894,1936,1364,1426,2031,695,1146,29.75,51,"1,2,3,4,5,6,7,8",Toluene,10,10
575,7/16/25 14:49,Puff,HP503,440,81,2000,1927,1213,1384,2006,656,1122,29.81,51,"1,2,3,4,5,6,7,8",Toluene,10,10
576,7/16/25 14:49,Puff,HP503,440,101,1916,2007,1226,1264,1919,552,1169,26.76,54,"1,2,3,4,5,6,7,8",Toluene,10,10
577,7/16/25 14:49,Puff,HP503,440,87,1964,2064,1289,1351,1861,658,1161,28.71,51,"1,2,3,4,5,6,7,8",Toluene,10,10
578,7/16/25 14:49,Puff,HP503,440,82,2015,2001,1270,1365,1907,696,1232,29.72,52,"1,2,3,4,5,6,7,8",Toluene,10,10
579,7/16/25 14:49,Puff,HP503,440,56,2075,2087,1225,1385,1869,725,1238,29.32,51,"1,2,3,4,5,6,7,8",Toluene,10,10
580,7/16/25 14:49,Puff,HP503,440,72,1939,2037,1354,1364,2097,515,1131,27.37,54,"1,2,3,4,5,6,7,8",Toluene,10,10
581,7/16/25 14:49,Puff,HP503,440,55,1913,2052,1223,1383,2027,632,1154,23.56,53,"1,2,3,4,5,6,7,8",Toluene,10,10
582,7/16/25 14:49,Puff,HP503,440,53,1901,1925,1402,1375,1963,554,1222,24.21,53,"1,2,3,4,5,6,7,8",Toluene,10,10
583,7/16/25 14:49,Puff,HP503,440,70,1985,2014,1238,1272,1918,615,1144,23.06,52,"1,2,3,4,5,6,7,8",Toluene,10,10
584,7/16/25 14:49,Puff,HP503,440,85,2070,1910,1214,1276,1948,692,1136,25.79,52,"1,2,3,4,5,6,7,8",Toluene,10,10
585,7/16/25 14:49,Puff,HP503,440,50,1941,2061,1419,1318,2046,649,1187,29.17,51,"1,2,3,4,5,6,7,8",Toluene,10,10
586,7/16/25 14:49,Puff,HP503,440,114,2089,1905,1255,1416,2034,536,1144,22.55,53,"1,2,3,4,5,6,7,8",Toluene,10,10
587,7/16/25 14:49,Puff,HP503,440,114,2060,1999,1318,1286,1960,623,1209,29.32,50,"1,2,3,4,5,6,7,8",Toluene,10,10
588,7/16/25 14:49,Puff,HP503,440,81,1896,1965,1239,1213,2088,512,1183,26.65,53,"1,2,3,4,5,6,7,8",Toluene,10,10
589,7/16/25 14:49,Puff,HP503,440,116,1997,2028,1309,1305,2023,653,1183,27.19,53,"1,2,3,4,5,6,7,8",Toluene,10,10
590,7/16/25 14:49,Puff,HP503,440,54,2054,2079,1421,1237,1914,521,1193,27.28,54,"1,2,3,4,5,6,7,8",Toluene,10,10
591,7/16/25 14:49,Puff,HP503,440,72,2055,2027,1408,1329,2036,556,1209,27.62,53,"1,2,3,4,5,6,7,8",Toluene,10,10
592,7/16/25 14:49,Puff,HP503,440,66,2081,2018,1276,1280,2030,605,1167,24.62,54,"1,2,3,4,5,6,7,8",Toluene,10,10
593,7/16/25 14:50,Puff,HP503,440,90,1923,2002,1381,1415,2092,546,1160,27.18,54,"1,2,3,4,5,6,7,8",Toluene,10,10
594,7/16/25 14:50,Puff,HP503,440,95,2050,2048,1432,1434,2076,550,1169,22.86,50,"1,2,3,4,5,6,7,8",Toluene,10,10
595,7/16/25 14:50,Puff,HP503,440,44,1979,2093,1258,1284,1897,594,1224,27.13,55,"1,2,3,4,5,6,7,8",Toluene,10,10
596,7/16/25 14:50,Puff,HP503,440,92,1904,2097,1311,1412,1954,642,1134,29.49,52,"1,2,3,4,5,6,7,8",Toluene,10,10
597,7/16/25 14:50,Puff,HP503,440,96,2023,2035,1271,1309,2000,566,1185,24.01,53,"1,2,3,4,5,6,7,8",Toluene,10,10
598,7/16/25 14:50,Puff,HP503,440,64,2051,1940,1213,1331,2050,709,1236,24.49,53,"1,2,3,4,5,6,7,8",Toluene,10,10
599,7/16/25 14:50,Puff,HP503,440,114,1921,1909,1294,1432,2031,523,1210,27.55,53,"1,2,3,4,5,6,7,8",Toluene,10,10
600,7/16/25 14:50,Puff,HP503,440,113,1890,1935,1336,1435,1910,619,1176,27.6,52,"1,2,3,4,5,6,7,8",Toluene,10,10
601,7/16/25 14:50,Puff,HP503,440,93,2092,2051,1265,1359,2050,712,1190,23.95,55,"1,2,3,4,5,6,7,8",Toluene,10,10
602,7/16/25 14:50,Puff,HP503,440,112,2037,1902,1376,1250,1892,706,1178,23.2,55,"1,2,3,4,5,6,7,8",Toluene,10,10
603,7/16/25 14:50,Puff,HP503,440,93,1986,2052,1393,1325,2032,564,1224,27.4,54,"1,2,3,4,5,6,7,8",Toluene,10,10
604,7/16/25 14:50,Puff,HP503,440,79,2010,2012,1212,1399,1959,580,1221,26.83,52,"1,2,3,4,5,6,7,8",Toluene,10,10
605,7/16/25 14:50,Puff,HP503,440,70,1965,1921,1233,1383,2085,673,1232,24.83,54,"1,2,3,4,5,6,7,8",Toluene,10,10
606,7/16/25 14:50,Puff,HP503,440,92,1974,1913,1387,1325,1881,728,1219,29.08,52,"1,2,3,4,5,6,7,8",Toluene,10,10
607,7/16/25 14:50,Puff,HP503,440,72,2092,2097,1283,1318,1848,668,1239,26.44,51,"1,2,3,4,5,6,7,8",Toluene,10,10
608,7/16/25 14:50,Puff,HP503,440,91,2098,1986,1239,1393,1921,682,1238,22.58,54,"1,2,3,4,5,6,7,8",Toluene,10,10
609,7/16/25 14:50,Puff,HP503,440,70,1895,2070,1236,1317,2007,684,1182,29.93,55,"1,2,3,4,5,6,7,8",Toluene,10,10
610,7/16/25 14:50,Puff,HP503,440,72,1948,2070,1378,1264,1951,723,1197,23.26,55,"1,2,3,4,5,6,7,8",Toluene,10,3
611,7/16/25 14:50,Puff,HP503,440,72,2095,1925,1291,1421,1861,604,1116,25.75,50,"1,2,3,4,5,6,7,8",Toluene,10,3
612,7/16/25 14:50,Puff,HP503,440,116,2080,1986,1271,1354,2043,637,1201,23.39,52,"1,2,3,4,5,6,7,8",Toluene,10,3
613,7/16/25 14:50,Puff,HP503,440,86,2076,1898,1232,1401,1909,571,1209,23.8,51,"1,2,3,4,5,6,7,8",Toluene,10,3
614,7/16/25 14:50,Puff,HP503,440,104,1962,1966,1345,1415,2012,552,1163,27.87,55,"1,2,3,4,5,6,7,8",Toluene,10,3
615,7/16/25 14:50,Puff,HP503,440,49,1951,1918,1219,1421,1876,689,1127,23.97,50,"1,2,3,4,5,6,7,8",Toluene,10,3
616,7/16/25 14:50,Puff,HP503,440,81,1941,1945,1431,1357,1872,588,1137,24.2,53,"1,2,3,4,5,6,7,8",Toluene,10,3
617,7/16/25 14:51,Puff,HP503,440,90,2015,1971,1258,1291,1987,608,1125,24.72,50,"1,2,3,4,5,6,7,8",Toluene,10,3
618,7/16/25 14:51,Puff,HP503,440,110,1906,1977,1252,1270,1907,550,1164,24.25,52,"1,2,3,4,5,6,7,8",Toluene,10,3
619,7/16/25 14:51,Puff,HP503,440,83,2059,2074,1277,1225,1935,558,1126,26.04,55,"1,2,3,4,5,6,7,8",Toluene,10,3
620,7/16/25 14:51,Puff,HP503,440,105,2024,2027,1269,1416,1897,650,1209,25.04,52,"1,2,3,4,5,6,7,8",Toluene,10,3
621,7/16/25 14:51,Puff,HP503,440,99,1995,1904,1272,1320,1955,694,1167,29.66,52,"1,2,3,4,5,6,7,8",Toluene,10,3
622,7/16/25 14:51,Puff,HP503,440,72,1982,2001,1415,1341,1876,640,1237,29.95,55,"1,2,3,4,5,6,7,8",Toluene,10,3
623,7/16/25 14:51,Puff,HP503,440,108,1918,1972,1412,1275,1958,596,1214,27.07,53,"1,2,3,4,5,6,7,8",Toluene,10,3
624,7/16/25 14:51,Puff,HP503,440,95,2019,2085,1218,1260,1878,646,1195,23.13,53,"1,2,3,4,5,6,7,8",Toluene,10,3
625,7/16/25 14:51,Puff,HP503,440,58,2070,1995,1381,1392,2069,553,1179,22.55,55,"1,2,3,4,5,6,7,8",Toluene,10,3
626,7/16/25 14:51,Puff,HP503,440,62,2070,1892,1358,1399,1963,537,1205,25.01,51,"1,2,3,4,5,6,7,8",Toluene,10,3
627,7/16/25 14:51,Puff,HP503,440,61,2023,2029,1410,1226,1918,711,1217,27.45,51,"1,2,3,4,5,6,7,8",Toluene,10,3
628,7/16/25 14:51,Puff,HP503,440,40,1927,1907,1403,1437,2034,582,1168,29.8,55,"1,2,3,4,5,6,7,8",Toluene,10,3
629,7/16/25 14:51,Puff,HP503,440,48,2009,1973,1232,1226,1954,728,1159,29.02,54,"1,2,3,4,5,6,7,8",Toluene,10,3
630,7/16/25 14:51,Puff,HP503,440,46,1987,1937,1345,1259,2058,725,1145,27.04,51,"1,2,3,4,5,6,7,8",Toluene,10,3
631,7/16/25 14:51,Puff,HP503,440,93,1930,1897,1314,1261,1862,610,1150,26.93,54,"1,2,3,4,5,6,7,8",Toluene,10,3
632,7/16/25 14:51,Puff,HP503,440,84,1953,1940,1375,1287,2078,558,1191,28.51,53,"1,2,3,4,5,6,7,8",Toluene,10,3
633,7/16/25 14:51,Puff,HP503,440,56,1968,2004,1344,1311,2026,514,1202,22.39,50,"1,2,3,4,5,6,7,8",Toluene,10,3
634,7/16/25 14:51,Puff,HP503,440,41,1974,1979,1263,1289,2081,603,1235,29.36,52,"1,2,3,4,5,6,7,8",Toluene,10,3
635,7/16/25 14:51,Puff,HP503,440,96,2052,2042,1377,1253,2094,624,1163,26.04,51,"1,2,3,4,5,6,7,8",Toluene,10,3
636,7/16/25 14:51,Puff,HP503,440,79,2006,2058,1389,1396,2036,708,1146,23.69,54,"1,2,3,4,5,6,7,8",Toluene,10,3
637,7/16/25 14:51,Puff,HP503,440,74,1912,1912,1299,1213,2013,585,1124,28.73,55,"1,2,3,4,5,6,7,8",Toluene,10,3
638,7/16/25 14:51,Puff,HP503,440,89,2009,2031,1318,1416,1908,514,1147,27.7,51,"1,2,3,4,5,6,7,8",Toluene,10,3
639,7/16/25 14:51,Puff,HP503,440,82,2005,1975,1214,1366,2002,679,1227,22.26,51,"1,2,3,4,5,6,7,8",Toluene,10,3
640,7/16/25 14:51,Puff,HP503,440,79,1987,1926,1338,1380,2098,515,1181,29.77,53,"1,2,3,4,5,6,7,8",Toluene,10,3
641,7/16/25 14:52,Puff,HP503,440,116,2085,2071,1245,1403,1902,513,1201,24.91,54,"1,2,3,4,5,6,7,8",Toluene,10,3
642,7/16/25 14:52,Puff,HP503,440,113,2009,2046,1310,1381,1880,664,1118,29.03,55,"1,2,3,4,5,6,7,8",Toluene,10,3
643,7/16/25 14:52,Puff,HP503,440,60,2076,1983,1362,1258,2054,594,1225,28.68,50,"1,2,3,4,5,6,7,8",Toluene,10,3
644,7/16/25 14:52,Puff,HP503,440,43,2067,2026,1290,1293,1889,629,1233,28.82,55,"1,2,3,4,5,6,7,8",Toluene,10,3
645,7/16/25 14:52,Puff,HP503,440,79,1979,2048,1382,1318,2046,632,1142,29.63,55,"1,2,3,4,5,6,7,8",Toluene,10,3
646,7/16/25 14:52,Puff,HP503,440,103,2038,2001,1268,1389,1997,695,1122,22.54,53,"1,2,3,4,5,6,7,8",Toluene,10,3
647,7/16/25 14:52,Puff,HP503,440,66,2081,1899,1351,1418,1888,670,1179,24.08,54,"1,2,3,4,5,6,7,8",Toluene,10,3
648,7/16/25 14:52,Puff,HP503,440,96,2072,2043,1264,1257,2065,612,1224,26.02,50,"1,2,3,4,5,6,7,8",Toluene,10,3
649,7/16/25 14:52,Puff,HP503,440,48,1985,1948,1291,1215,2037,515,1231,23.24,51,"1,2,3,4,5,6,7,8",Toluene,10,3
650,7/16/25 14:52,Puff,HP503,440,103,1892,1934,1251,1320,2036,562,1155,27.28,53,"1,2,3,4,5,6,7,8",Toluene,10,3
651,7/16/25 14:52,Puff,HP503,440,86,2032,1909,1298,1243,1983,715,1179,24.88,51,"1,2,3,4,5,6,7,8",Toluene,10,3
652,7/16/25 14:52,Puff,HP503,440,110,1925,2057,1400,1349,2058,573,1155,27.89,55,"1,2,3,4,5,6,7,8",Toluene,10,3
653,7/16/25 14:52,Puff,HP503,440,112,1938,1974,1343,1260,1917,629,1202,28.17,55,"1,2,3,4,5,6,7,8",Toluene,10,3
654,7/16/25 14:52,Post-Puff,HP503,440,80,1956,2037,1394,1225,1965,582,1229,27.18,54,"1,2,3,4,5,6,7,8",Toluene,10,3
655,7/16/25 14:52,Post-Puff,HP503,440,93,2054,1922,1354,1415,2074,510,1177,23.41,51,"1,2,3,4,5,6,7,8",Toluene,10,3
656,7/16/25 14:52,Post-Puff,HP503,440,65,1925,2091,1425,1392,1850,675,1234,24.23,50,"1,2,3,4,5,6,7,8",Toluene,10,3
657,7/16/25 14:52,Post-Puff,HP503,440,111,2038,1937,1306,1359,1917,688,1202,29.01,53,"1,2,3,4,5,6,7,8",Toluene,10,3
658,7/16/25 14:52,Post-Puff,HP503,440,80,2064,1986,1261,1243,1994,627,1128,27.85,54,"1,2,3,4,5,6,7,8",Toluene,10,3
659,7/16/25 14:52,Post-Puff,HP503,440,92,1923,1996,1326,1314,1895,722,1116,30,50,"1,2,3,4,5,6,7,8",Toluene,10,3
660,7/16/25 14:52,Post-Puff,HP503,440,112,2090,1914,1284,1332,1979,606,1218,23.19,54,"1,2,3,4,5,6,7,8",Toluene,10,3
661,7/16/25 14:52,Post-Puff,HP503,440,90,1903,2087,1322,1278,1974,536,1144,25.83,55,"1,2,3,4,5,6,7,8",Toluene,10,3
662,7/16/25 14:52,Post-Puff,HP503,440,105,2046,1957,1257,1408,2025,672,1168,23.06,52,"1,2,3,4,5,6,7,8",Toluene,10,3
663,7/16/25 14:52,Post-Puff,HP503,440,70,2047,1977,1371,1418,1940,562,1186,25.04,53,"1,2,3,4,5,6,7,8",Toluene,10,3
664,7/16/25 14:52,Post-Puff,HP503,440,53,2021,2016,1241,1236,1881,710,1203,24.53,50,"1,2,3,4,5,6,7,8",Toluene,10,3
665,7/16/25 14:53,Post-Puff,HP503,440,75,2084,1989,1348,1389,2013,566,1219,28.26,53,"1,2,3,4,5,6,7,8",Toluene,10,3
666,7/16/25 14:53,Post-Puff,HP503,440,61,2073,1933,1304,1349,1916,557,1182,25.31,55,"1,2,3,4,5,6,7,8",Toluene,10,3
667,7/16/25 14:53,Post-Puff,HP503,440,85,1894,1968,1370,1300,1905,550,1209,22.42,55,"1,2,3,4,5,6,7,8",Toluene,10,3
668,7/16/25 14:53,Post-Puff,HP503,440,97,2058,1977,1369,1385,2065,686,1152,23.72,51,"1,2,3,4,5,6,7,8",Toluene,10,3
669,7/16/25 14:53,Post-Puff,HP503,440,56,2027,1938,1318,1277,1983,674,1235,23.15,55,"1,2,3,4,5,6,7,8",Toluene,10,3
670,7/16/25 14:53,Post-Puff,HP503,440,50,2029,2035,1420,1333,1954,594,1221,29.46,51,"1,2,3,4,5,6,7,8",Toluene,10,3
671,7/16/25 14:53,Post-Puff,HP503,440,51,1914,1980,1321,1420,1963,585,1163,22.35,50,"1,2,3,4,5,6,7,8",Toluene,10,3
672,7/16/25 14:53,Post-Puff,HP503,440,96,2009,2027,1304,1310,1846,575,1204,25.82,52,"1,2,3,4,5,6,7,8",Toluene,10,3
673,7/16/25 14:53,Post-Puff,HP503,440,52,2086,1971,1415,1428,1913,675,1201,29.63,53,"1,2,3,4,5,6,7,8",Toluene,10,3
674,7/16/25 14:53,Post-Puff,HP503,440,99,2026,2075,1235,1362,1863,655,1127,24.68,50,"1,2,3,4,5,6,7,8",Toluene,10,3
675,7/16/25 14:53,Post-Puff,HP503,440,60,1919,2037,1278,1224,2020,588,1173,23.61,53,"1,2,3,4,5,6,7,8",Toluene,10,3
676,7/16/25 14:53,Post-Puff,HP503,440,73,2038,2050,1310,1265,1955,618,1217,27.57,51,"1,2,3,4,5,6,7,8",Toluene,10,3
677,7/16/25 14:53,Post-Puff,HP503,440,94,1929,1935,1221,1269,2074,660,1124,26.39,50,"1,2,3,4,5,6,7,8",Toluene,10,3
678,7/16/25 14:53,Post-Puff,HP503,440,97,1959,1984,1399,1403,2064,668,1239,29.75,52,"1,2,3,4,5,6,7,8",Toluene,10,3
679,7/16/25 14:53,Post-Puff,HP503,440,47,2063,1891,1408,1292,2073,665,1236,26.17,53,"1,2,3,4,5,6,7,8",Toluene,10,3
680,7/16/25 14:53,Post-Puff,HP503,440,91,2070,1892,1279,1359,1922,622,1169,24.14,52,"1,2,3,4,5,6,7,8",Toluene,10,3
681,7/16/25 14:53,Post-Puff,HP503,440,77,1918,1941,1302,1222,1983,708,1190,26.01,54,"1,2,3,4,5,6,7,8",Toluene,10,3
682,7/16/25 14:53,Post-Puff,HP503,440,52,1906,1967,1422,1417,1900,543,1221,26.78,52,"1,2,3,4,5,6,7,8",Toluene,10,3
683,7/16/25 14:53,Post-Puff,HP503,440,101,1992,2029,1293,1348,2012,577,1232,23.31,55,"1,2,3,4,5,6,7,8",Toluene,10,3
684,7/16/25 14:53,Post-Puff,HP503,440,59,2049,2091,1309,1310,2081,560,1122,26.35,53,"1,2,3,4,5,6,7,8",Toluene,10,3
685,7/16/25 14:53,Post-Puff,HP503,440,70,2000,1901,1214,1282,1853,604,1135,23.19,53,"1,2,3,4,5,6,7,8",Toluene,10,3
686,7/16/25 14:53,Post-Puff,HP503,440,83,2021,1937,1240,1391,1842,698,1122,27.73,51,"1,2,3,4,5,6,7,8",Toluene,10,3
687,7/16/25 14:53,Post-Puff,HP503,440,57,1942,2084,1370,1429,1904,533,1219,28.12,54,"1,2,3,4,5,6,7,8",Toluene,10,3
688,7/16/25 14:53,Post-Puff,HP503,440,110,1949,1954,1350,1213,1983,725,1173,25.32,55,"1,2,3,4,5,6,7,8",Toluene,10,3
689,7/16/25 14:54,Post-Puff,HP503,440,103,1961,2023,1435,1375,2037,538,1196,25.45,53,"1,2,3,4,5,6,7,8",Toluene,10,3
690,7/16/25 14:54,Post-Puff,HP503,440,43,2000,1987,1368,1387,1927,626,1184,29.23,50,"1,2,3,4,5,6,7,8",Toluene,10,3
691,7/16/25 14:54,Post-Puff,HP503,440,71,2010,1969,1325,1319,1942,610,1121,23.42,52,"1,2,3,4,5,6,7,8",Toluene,10,3
692,7/16/25 14:54,Post-Puff,HP503,440,47,2031,2072,1212,1386,1905,661,1125,23.65,55,"1,2,3,4,5,6,7,8",Toluene,10,3
693,7/16/25 14:54,Post-Puff,HP503,440,108,2098,1904,1372,1331,2080,699,1216,27.39,52,"1,2,3,4,5,6,7,8",Toluene,10,3
694,7/16/25 14:54,Post-Puff,HP503,440,66,2053,1925,1423,1340,2088,542,1144,27.53,51,"1,2,3,4,5,6,7,8",Toluene,10,3
695,7/16/25 14:54,Post-Puff,HP503,440,48,2091,1937,1425,1378,2064,638,1205,25.08,52,"1,2,3,4,5,6,7,8",Toluene,10,3
696,7/16/25 14:54,Post-Puff,HP503,440,113,1984,1894,1390,1237,1923,642,1203,26.46,54,"1,2,3,4,5,6,7,8",Toluene,10,3
697,7/16/25 14:54,Post-Puff,HP503,440,113,2013,2006,1354,1401,1845,723,1159,25.56,52,"1,2,3,4,5,6,7,8",Toluene,10,3
698,7/16/25 14:54,Post-Puff,HP503,440,76,2012,2020,1231,1337,2000,604,1115,24.1,50,"1,2,3,4,5,6,7,8",Toluene,10,3
699,7/16/25 14:54,Post-Puff,HP503,440,46,1893,2088,1352,1390,2061,682,1172,29.88,50,"1,2,3,4,5,6,7,8",Toluene,10,3
700,7/16/25 14:54,Post-Puff,HP503,440,66,2018,1926,1218,1351,1886,537,1202,24.32,53,"1,2,3,4,5,6,7,8",Toluene,10,3
701,7/16/25 14:54,Post-Puff,HP503,440,80,1912,1912,1353,1432,2002,719,1210,25.89,53,"1,2,3,4,5,6,7,8",Toluene,10,3
702,7/16/25 14:54,Post-Puff,HP503,440,40,2038,1998,1244,1363,1897,721,1129,29.63,55,"1,2,3,4,5,6,7,8",Toluene,10,3
703,7/16/25 14:54,Post-Puff,HP503,440,88,1982,1944,1365,1286,1993,686,1232,27.46,55,"1,2,3,4,5,6,7,8",Toluene,10,3
704,7/16/25 14:54,Post-Puff,HP503,440,109,2009,1902,1282,1289,2088,628,1194,23.51,53,"1,2,3,4,5,6,7,8",Toluene,10,3
705,7/16/25 14:54,Post-Puff,HP503,440,104,2089,2005,1287,1409,1918,511,1136,22.42,53,"1,2,3,4,5,6,7,8",Toluene,10,3
706,7/16/25 14:54,Post-Puff,HP503,440,71,1958,1964,1437,1405,2081,539,1130,29.13,54,"1,2,3,4,5,6,7,8",Toluene,10,3
707,7/16/25 14:54,Post-Puff,HP503,440,83,1958,2024,1298,1258,1892,689,1191,24.24,55,"1,2,3,4,5,6,7,8",Toluene,10,3
708,7/16/25 14:54,Post-Puff,HP503,440,91,1968,2020,1288,1358,2085,695,1151,29.8,50,"1,2,3,4,5,6,7,8",Toluene,10,3
709,7/16/25 14:54,Post-Puff,HP503,440,102,1971,1985,1402,1256,2074,583,1137,27.76,52,"1,2,3,4,5,6,7,8",Toluene,10,3
710,7/16/25 14:54,Post-Puff,HP503,440,65,2007,2094,1366,1366,1867,534,1130,29.86,53,"1,2,3,4,5,6,7,8",Toluene,10,3
711,7/16/25 14:54,Post-Puff,HP503,440,88,1955,2083,1367,1299,2038,563,1152,27.43,50,"1,2,3,4,5,6,7,8",Toluene,10,3
712,7/16/25 14:55,Post-Puff,HP503,440,109,1939,1961,1382,1290,1969,614,1236,28.11,50,"1,2,3,4,5,6,7,8",Toluene,10,3
713,7/16/25 14:55,Post-Puff,HP503,440,58,1909,1892,1416,1320,2012,649,1147,25.67,53,"1,2,3,4,5,6,7,8",Toluene,10,3
714,7/16/25 14:55,Post-Puff,HP503,440,57,2021,1902,1428,1301,1929,534,1130,28.27,50,"1,2,3,4,5,6,7,8",Toluene,10,3
715,7/16/25 14:55,Post-Puff,HP503,440,66,2085,1943,1311,1404,1961,554,1136,29.88,52,"1,2,3,4,5,6,7,8",Toluene,10,3